<?xml version="1.0" encoding="UTF-8"?>
<clinical_study rank="756">
  <!-- This xml conforms to an XML Schema at:
    https://clinicaltrials.gov/ct2/html/images/info/public.xsd
 and an XML DTD at:
    https://clinicaltrials.gov/ct2/html/images/info/public.dtd -->
  <required_header>
    <download_date>ClinicalTrials.gov processed this data on December 13, 2015</download_date>
    <link_text>Link to the current ClinicalTrials.gov record.</link_text>
    <url>https://clinicaltrials.gov/show/NCT00519792</url>
  </required_header>
  <id_info>
    <org_study_id>ITCA 638-CLP-08</org_study_id>
    <nct_id>NCT00519792</nct_id>
  </id_info>
  <brief_title>Phase 1b Study of Omega DUROS® in Patients With Chronic Hepatitis C Who Relapsed After Prior Treatment</brief_title>
  <official_title>Phase Ib Dose Escalation Study of the Safety, Tolerability, Pharmacokinetics and Antiviral Activity of Omega DUROS® and Ribavirin in Subjects With Chronic Hepatitis C Previously Treated With Pegylated Interferon and Ribavirin</official_title>
  <sponsors>
    <lead_sponsor>
      <agency>Intarcia Therapeutics</agency>
      <agency_class>Industry</agency_class>
    </lead_sponsor>
  </sponsors>
  <source>Intarcia Therapeutics</source>
  <oversight_info>
    <authority>United States: Food and Drug Administration</authority>
    <has_dmc>No</has_dmc>
  </oversight_info>
  <brief_summary>
    <textblock>
      Omega DUROS® is an implantable drug delivery system designed to deliver omega interferon
      subcutaneously at a constant rate for 90 days.

      This study is being performed to evaluate the safety and antiviral effects of omega
      interferon delivered by the Omega DUROS® device in combination with ribavirin in subjects
      with chronic Hepatitis C genotype 1.
    </textblock>
  </brief_summary>
  <overall_status>Completed</overall_status>
  <start_date>August 2007</start_date>
  <completion_date type="Actual">March 2010</completion_date>
  <primary_completion_date type="Actual">March 2010</primary_completion_date>
  <phase>Phase 1</phase>
  <study_type>Interventional</study_type>
  <study_design>Allocation: Randomized, Endpoint Classification: Safety/Efficacy Study, Intervention Model: Parallel Assignment, Masking: Open Label, Primary Purpose: Treatment</study_design>
  <primary_outcome>
    <measure>Safety</measure>
    <time_frame>Week 52</time_frame>
    <safety_issue>Yes</safety_issue>
  </primary_outcome>
  <number_of_arms>2</number_of_arms>
  <enrollment type="Actual">60</enrollment>
  <condition>Chronic Hepatitis C</condition>
  <arm_group>
    <arm_group_label>1</arm_group_label>
    <arm_group_type>Experimental</arm_group_type>
    <description>Omega DUROS: Dose 25</description>
  </arm_group>
  <arm_group>
    <arm_group_label>2</arm_group_label>
    <arm_group_type>Experimental</arm_group_type>
    <description>Omega DUROS: Dose 50</description>
  </arm_group>
  <intervention>
    <intervention_type>Drug</intervention_type>
    <intervention_name>Omega DUROS device</intervention_name>
    <description>Omega DUROS device 25mcg inserted SC for 48 weeks Omega DUROS device 50mcg inserted SC for 48 weeks</description>
    <arm_group_label>1</arm_group_label>
    <arm_group_label>2</arm_group_label>
  </intervention>
  <eligibility>
    <criteria>
      <textblock>
        Inclusion Criteria:

          -  Chronic Hepatitis C with HCV genotype 1 infection

          -  Relapse following an end of treatment response after treatment with a pegylated
             interferon and ribavirin.

        Exclusion Criteria:

          -  Presence or history of non-HCV chronic liver disease

          -  Treatment with any interferon subsequent to the relapse with pegylated
             interferon-alpha and ribavirin

          -  Decompensated liver disease
      </textblock>
    </criteria>
    <gender>Both</gender>
    <minimum_age>18 Years</minimum_age>
    <maximum_age>65 Years</maximum_age>
    <healthy_volunteers>No</healthy_volunteers>
  </eligibility>
  <location>
    <facility>
      <name>Cedars-Sinai Medical Center</name>
      <address>
        <city>Los Angeles</city>
        <state>California</state>
        <zip>90048</zip>
        <country>United States</country>
      </address>
    </facility>
  </location>
  <location>
    <facility>
      <name>California Pacific Medical Center</name>
      <address>
        <city>San Francisco</city>
        <state>California</state>
        <zip>94115</zip>
        <country>United States</country>
      </address>
    </facility>
  </location>
  <location>
    <facility>
      <name>St. Louis University</name>
      <address>
        <city>St Louis</city>
        <state>Missouri</state>
        <zip>63110</zip>
        <country>United States</country>
      </address>
    </facility>
  </location>
  <location>
    <facility>
      <name>Weill Cornell Medical College</name>
      <address>
        <city>New York</city>
        <state>New York</state>
        <zip>10021</zip>
        <country>United States</country>
      </address>
    </facility>
  </location>
  <location>
    <facility>
      <name>Duke University Medical Center</name>
      <address>
        <city>Durham</city>
        <state>North Carolina</state>
        <zip>27710</zip>
        <country>United States</country>
      </address>
    </facility>
  </location>
  <location>
    <facility>
      <name>The Liver Institute at Methodist Dallas</name>
      <address>
        <city>Dallas</city>
        <state>Texas</state>
        <zip>75203</zip>
        <country>United States</country>
      </address>
    </facility>
  </location>
  <location>
    <facility>
      <name>Alamo Medical Research</name>
      <address>
        <city>San Antonio</city>
        <state>Texas</state>
        <zip>28215</zip>
        <country>United States</country>
      </address>
    </facility>
  </location>
  <location>
    <facility>
      <name>Fundacion de Investigacion de Diego</name>
      <address>
        <city>San Juan</city>
        <zip>00909</zip>
        <country>Puerto Rico</country>
      </address>
    </facility>
  </location>
  <location_countries>
    <country>Puerto Rico</country>
    <country>United States</country>
  </location_countries>
  <verification_date>June 2011</verification_date>
  <lastchanged_date>June 6, 2011</lastchanged_date>
  <firstreceived_date>August 21, 2007</firstreceived_date>
  <responsible_party>
    <name_title>Intarcia Therapeutics, Inc</name_title>
    <organization>Intarcia Therapeutics, Inc</organization>
  </responsible_party>
  <keyword>Relapse</keyword>
  <keyword>HCV</keyword>
  <keyword>Hepatitis C</keyword>
  <keyword>Interferon</keyword>
  <keyword>Ribavirin</keyword>
  <is_fda_regulated>Yes</is_fda_regulated>
  <is_section_801>No</is_section_801>
  <has_expanded_access>No</has_expanded_access>
  <condition_browse>
    <!-- CAUTION:  The following MeSH terms are assigned with an imperfect algorithm  -->
    <mesh_term>Hepatitis</mesh_term>
    <mesh_term>Hepatitis A</mesh_term>
    <mesh_term>Hepatitis C</mesh_term>
    <mesh_term>Hepatitis C, Chronic</mesh_term>
    <mesh_term>Hepatitis, Chronic</mesh_term>
  </condition_browse>
  <!-- Results have not yet been posted for this study                                -->
</clinical_study>
