<?xml version="1.0" encoding="UTF-8"?>
<clinical_study rank="94">
  <!-- This xml conforms to an XML Schema at:
    https://clinicaltrials.gov/ct2/html/images/info/public.xsd
 and an XML DTD at:
    https://clinicaltrials.gov/ct2/html/images/info/public.dtd -->
  <required_header>
    <download_date>ClinicalTrials.gov processed this data on December 13, 2015</download_date>
    <link_text>Link to the current ClinicalTrials.gov record.</link_text>
    <url>https://clinicaltrials.gov/show/NCT00591214</url>
  </required_header>
  <id_info>
    <org_study_id>G060-A3</org_study_id>
    <nct_id>NCT00591214</nct_id>
  </id_info>
  <brief_title>Safety and PK Study of MP-424 to Treat Chronic Hepatitis C</brief_title>
  <official_title>A Phase I, Open-Label, Single-Dose Study of MP-424 in Patients With Genotype 1b Hepatitis C</official_title>
  <sponsors>
    <lead_sponsor>
      <agency>Mitsubishi Tanabe Pharma Corporation</agency>
      <agency_class>Industry</agency_class>
    </lead_sponsor>
    <collaborator>
      <agency>Vertex Pharmaceuticals Incorporated</agency>
      <agency_class>Industry</agency_class>
    </collaborator>
  </sponsors>
  <source>Mitsubishi Tanabe Pharma Corporation</source>
  <oversight_info>
    <authority>Japan: Ministry of Health, Labor and Welfare</authority>
    <has_dmc>No</has_dmc>
  </oversight_info>
  <brief_summary>
    <textblock>
      The purpose of this study is to assess the safety, pharmacokinetics and HCV(Hepatitis C
      virus) RNA (Ribonucleic Acid) kinetics after administration of MP-424 to patients with
      chronic hepatitis C.
    </textblock>
  </brief_summary>
  <overall_status>Completed</overall_status>
  <start_date>December 2007</start_date>
  <completion_date type="Actual">October 2008</completion_date>
  <primary_completion_date type="Actual">October 2008</primary_completion_date>
  <phase>Phase 1</phase>
  <study_type>Interventional</study_type>
  <study_design>Endpoint Classification: Pharmacokinetics/Dynamics Study, Intervention Model: Single Group Assignment, Masking: Open Label</study_design>
  <primary_outcome>
    <measure>Cmax (Maximum Observed Concentration in Plasma) of MP-424</measure>
    <time_frame>Date were collected at Day1 to Day85</time_frame>
    <safety_issue>No</safety_issue>
    <description>Date were collected at Day1 (0 (pre-dose), 1 ,2.5, 4, 6, 8, 12, 16 hours post-dose), Day14 (0 (pre-dose), 1, 2.5, 4, 6, 8, 12, 16 hours post-dose) and Day85 (0 (pre-dose), 1, 2.5, 4, 6, 8, 12, 16, 24 hours post-dose). Date as pre-dose were collected at Day2, Day3, Day8, Day15, Day29, Day43 and Day57.</description>
  </primary_outcome>
  <primary_outcome>
    <measure>Tmax (Time of Maximum Plasma Concentration) of MP-424</measure>
    <time_frame>Date were collected at Day1 to Day85</time_frame>
    <safety_issue>No</safety_issue>
    <description>Date were collected at Day1 (0 (pre-dose), 1 ,2.5, 4, 6, 8, 12, 16 hours post-dose), Day14 (0 (pre-dose), 1, 2.5, 4, 6, 8, 12, 16 hours post-dose) and Day85 (0 (pre-dose), 1, 2.5, 4, 6, 8, 12, 16, 24 hours post-dose). Date as pre-dose were collected at Day2, Day3, Day8, Day15, Day29, Day43 and Day57.</description>
  </primary_outcome>
  <primary_outcome>
    <measure>AUC 0-8h (Area Under the Concentration-time Curve From Time Zero to 8 Hours) of MP-424</measure>
    <time_frame>Date were collected at Day1 to Day85</time_frame>
    <safety_issue>No</safety_issue>
    <description>Date were collected at Day1 (0 (pre-dose), 1 ,2.5, 4, 6, 8, 12, 16 hours post-dose), Day14 (0 (pre-dose), 1, 2.5, 4, 6, 8, 12, 16 hours post-dose) and Day85 (0 (pre-dose), 1, 2.5, 4, 6, 8, 12, 16, 24 hours post-dose). Date as pre-dose were collected at Day2, Day3, Day8, Day15, Day29, Day43 and Day57.</description>
  </primary_outcome>
  <primary_outcome>
    <measure>Ctrough (Plasma Trough Concentration) of MP-424</measure>
    <time_frame>Date were collected at Day1 to Day85</time_frame>
    <safety_issue>No</safety_issue>
    <description>Date were collected at Day1 (0 (pre-dose), 1 ,2.5, 4, 6, 8, 12, 16 hours post-dose), Day14 (0 (pre-dose), 1, 2.5, 4, 6, 8, 12, 16 hours post-dose) and Day85 (0 (pre-dose), 1, 2.5, 4, 6, 8, 12, 16, 24 hours post-dose). Date as pre-dose were collected at Day2, Day3, Day8, Day15, Day29, Day43 and Day57.</description>
  </primary_outcome>
  <primary_outcome>
    <measure>t1/2 (Half Life Period) of MP-424</measure>
    <time_frame>Date were collected at Day1 to Day85</time_frame>
    <safety_issue>No</safety_issue>
    <description>Date were collected at Day1 (0 (pre-dose), 1 ,2.5, 4, 6, 8, 12, 16 hours post-dose), Day14 (0 (pre-dose), 1, 2.5, 4, 6, 8, 12, 16 hours post-dose) and Day85 (0 (pre-dose), 1, 2.5, 4, 6, 8, 12, 16, 24 hours post-dose). Date as pre-dose were collected at Day2, Day3, Day8, Day15, Day29, Day43 and Day57.</description>
  </primary_outcome>
  <secondary_outcome>
    <measure>Change in HCV RNA Levels of MP-424</measure>
    <time_frame>Day1 (2.5, 4, 8, 16 hours), Day2, Day3, Day8, Day14, Day29, Day43, Day57 and Day86</time_frame>
    <safety_issue>No</safety_issue>
    <description>Date were collected at Day -28, Day1 (0 (pre-dose), 2.5, 4, 8, 16 hours post-dose), Day2, Day3, Day8, Day14, Day29, Day43, Day57, Day86.
Change Value was calculated as the each time point minus the baseline point which was averaged Day -28 and Day0-0hour(pre-dose)).</description>
  </secondary_outcome>
  <number_of_arms>1</number_of_arms>
  <enrollment type="Actual">10</enrollment>
  <condition>Chronic Hepatitis C</condition>
  <arm_group>
    <arm_group_label>MP-424</arm_group_label>
    <arm_group_type>Experimental</arm_group_type>
  </arm_group>
  <intervention>
    <intervention_type>Drug</intervention_type>
    <intervention_name>MP-424 (Telaprevir)</intervention_name>
    <description>Three tablets of MP-424 250mg tablet at a time, every 8 hours, 12 weeks administration (dose in a day: 2250 mg)</description>
    <arm_group_label>MP-424</arm_group_label>
  </intervention>
  <eligibility>
    <criteria>
      <textblock>
        Inclusion Criteria:

          -  Patients diagnosed with genotype 1b chronic hepatitis C

          -  Patients naive to the concomitant medications with interferon

        Exclusion Criteria:

          -  Patients diagnosed with decompensated cirrhosis

          -  Patients diagnosed with positive HBs(Hepatitis B virus surface) antigen in the test
      </textblock>
    </criteria>
    <gender>Both</gender>
    <minimum_age>20 Years</minimum_age>
    <maximum_age>65 Years</maximum_age>
    <healthy_volunteers>No</healthy_volunteers>
  </eligibility>
  <overall_official>
    <last_name>Fumitaka Suzuki, MD</last_name>
    <role>Principal Investigator</role>
    <affiliation>Department of Hepatology, Toranomon Hospital</affiliation>
  </overall_official>
  <location>
    <facility>
      <name>Toranomon Hospital</name>
      <address>
        <city>Kawasaki City</city>
        <state>Takatsu-ku</state>
        <country>Japan</country>
      </address>
    </facility>
  </location>
  <location_countries>
    <country>Japan</country>
  </location_countries>
  <results_reference>
    <citation>Yamada I, Suzuki F, Kamiya N, Aoki K, Sakurai Y, Kano M, Matsui H, Kumada H. Safety, pharmacokinetics and resistant variants of telaprevir alone for 12 weeks in hepatitis C virus genotype 1b infection. J Viral Hepat. 2012 Feb;19(2):e112-9. doi: 10.1111/j.1365-2893.2011.01514.x. Epub 2011 Oct 7.</citation>
    <PMID>22239508</PMID>
  </results_reference>
  <verification_date>April 2014</verification_date>
  <lastchanged_date>April 15, 2014</lastchanged_date>
  <firstreceived_date>December 26, 2007</firstreceived_date>
  <firstreceived_results_date>September 19, 2012</firstreceived_results_date>
  <responsible_party>
    <responsible_party_type>Sponsor</responsible_party_type>
  </responsible_party>
  <keyword>Chronic Hepatitis C</keyword>
  <keyword>Protease Inhibitor</keyword>
  <is_fda_regulated>No</is_fda_regulated>
  <has_expanded_access>No</has_expanded_access>
  <condition_browse>
    <!-- CAUTION:  The following MeSH terms are assigned with an imperfect algorithm  -->
    <mesh_term>Hepatitis</mesh_term>
    <mesh_term>Hepatitis A</mesh_term>
    <mesh_term>Hepatitis C</mesh_term>
    <mesh_term>Hepatitis C, Chronic</mesh_term>
    <mesh_term>Hepatitis, Chronic</mesh_term>
  </condition_browse>
  <!-- Results are available for this study                                           -->
</clinical_study>
