<?xml version="1.0" encoding="UTF-8"?>
<clinical_study rank="40">
  <!-- This xml conforms to an XML Schema at:
    https://clinicaltrials.gov/ct2/html/images/info/public.xsd
 and an XML DTD at:
    https://clinicaltrials.gov/ct2/html/images/info/public.dtd -->
  <required_header>
    <download_date>ClinicalTrials.gov processed this data on December 13, 2015</download_date>
    <link_text>Link to the current ClinicalTrials.gov record.</link_text>
    <url>https://clinicaltrials.gov/show/NCT00336479</url>
  </required_header>
  <id_info>
    <org_study_id>VX05-950-104</org_study_id>
    <nct_id>NCT00336479</nct_id>
  </id_info>
  <brief_title>Phase 2 Study of VX-950, Pegasys®, and Copegus® in Hepatitis C</brief_title>
  <official_title>A Phase 2 Study of VX-950 in Combination With Peginterferon Alfa-2a (Pegasys®), With Ribavirin (Copegus®) in Subjects With Genotype 1 Hepatitis C Who Have Not Received Prior Treatment</official_title>
  <sponsors>
    <lead_sponsor>
      <agency>Vertex Pharmaceuticals Incorporated</agency>
      <agency_class>Industry</agency_class>
    </lead_sponsor>
  </sponsors>
  <source>Vertex Pharmaceuticals Incorporated</source>
  <oversight_info>
    <authority>United States: Food and Drug Administration</authority>
    <has_dmc>Yes</has_dmc>
  </oversight_info>
  <brief_summary>
    <textblock>
      Study the effectiveness of telaprevir (VX-950) in combination with Pegylated Interferon Alfa
      2a (Peg-IFN-alfa-2a) and Ribavirin (RBV) in reducing plasma hepatitis C virus (HCV)
      ribonucleic acid (RNA) levels
    </textblock>
  </brief_summary>
  <overall_status>Completed</overall_status>
  <start_date>June 2006</start_date>
  <completion_date type="Actual">February 2008</completion_date>
  <primary_completion_date type="Actual">February 2008</primary_completion_date>
  <phase>Phase 2</phase>
  <study_type>Interventional</study_type>
  <study_design>Allocation: Randomized, Endpoint Classification: Safety/Efficacy Study, Intervention Model: Parallel Assignment, Masking: Double Blind (Subject, Caregiver, Investigator, Outcomes Assessor), Primary Purpose: Treatment</study_design>
  <primary_outcome>
    <measure>Percentage of Subjects With Undetectable Plasma Hepatitis C Virus (HCV) Ribonucleic Acid (RNA) at Week 24 After the Completion of Study Drug Dosing</measure>
    <time_frame>24 weeks after the completion of study drug dosing (up to Week 72)</time_frame>
    <safety_issue>No</safety_issue>
    <description>The plasma HCV RNA level was measured using Roche TaqMan HCV RNA assay. The lower limit of detection was 10 international units per milliliter (IU/mL).</description>
  </primary_outcome>
  <secondary_outcome>
    <measure>Percentage of Subjects With Undetectable Plasma HCV RNA at Week 12 After the Completion of Study Drug Dosing</measure>
    <time_frame>12 weeks after the completion of study drug dosing (up to Week 60)</time_frame>
    <safety_issue>No</safety_issue>
    <description>The plasma HCV RNA level was measured using Roche TaqMan HCV RNA assay. The lower limit of detection was 10 international units per milliliter (IU/mL).</description>
  </secondary_outcome>
  <secondary_outcome>
    <measure>Number of Subjects With Adverse Events (AEs) and Serious Adverse Events (SAEs)</measure>
    <time_frame>Baseline up to Week 48</time_frame>
    <safety_issue>Yes</safety_issue>
    <description>AE: any adverse change from the subject's baseline (pre-treatment) condition, including any adverse experience, abnormal recording or clinical laboratory assessment value which occurs during the course of the study, whether it is considered related to the study drug or not. An adverse event includes any newly occurring event or previous condition that has increased in severity or frequency since the administration of study drug. SAE: medical event or condition, which falls into any of the following categories, regardless of its relationship to the study drug: death, life threatening adverse experience, in-patient hospitalization/prolongation of hospitalization, persistent/significant disability or incapacity, congenital anomaly/birth defect, important medical event. &quot;Study drug&quot; includes all investigational agents (including placebo, if applicable) administered during the course of the study.</description>
  </secondary_outcome>
  <secondary_outcome>
    <measure>Number of Subjects With Viral Relapse</measure>
    <time_frame>After last dose of study drug up to antiviral follow-up (up to Week 72)</time_frame>
    <safety_issue>No</safety_issue>
    <description>Viral relapse was defined as having detectable HCV RNA during antiviral follow-up. The plasma HCV RNA level was measured using Roche TaqMan HCV RNA assay. The lower limit of detection was 10 international units per milliliter (IU/mL).</description>
  </secondary_outcome>
  <secondary_outcome>
    <measure>Maximum (Cmax), Minimum (Cmin) and Average (Cavg) Plasma Concentration of Telaprevir</measure>
    <time_frame>Day 1, 4, 8, 15, 22, 29, 43, 57, 71, 85</time_frame>
    <safety_issue>No</safety_issue>
    <description>Only subjects who received telaprevir were to be analyzed for this outcome. Maximum, minimum and average plasma concentrations observed during assessment period were reported.</description>
  </secondary_outcome>
  <number_of_arms>4</number_of_arms>
  <enrollment type="Actual">263</enrollment>
  <condition>Chronic Hepatitis C</condition>
  <arm_group>
    <arm_group_label>PBO 12 Week+Peg-IFN-alfa-2a, RBV 48 Week</arm_group_label>
    <arm_group_type>Placebo Comparator</arm_group_type>
    <description>Placebo (PBO) matched to telaprevir tablet orally thrice daily for 12 weeks in combination with pegylated interferon alfa 2a (Peg-IFN-alfa-2a) 180 microgram per week (mcg/week) subcutaneous injection and ribavirin (RBV) tablet orally twice daily at a dose of 1000 milligram per day (mg/day) for subjects weighing less than (&lt;) 75 kilogram (kg) and 1200 mg/day for subjects weighing greater than or equal to (&gt;=) 75 kg, for 48 weeks.</description>
  </arm_group>
  <arm_group>
    <arm_group_label>Telaprevir 12 Week+Peg-IFN-alfa-2a,RBV 48 Week</arm_group_label>
    <arm_group_type>Experimental</arm_group_type>
    <description>Single loading dose of telaprevir 1250 mg tablet orally on Day 1 followed by 750 mg telaprevir tablet thrice daily for 12 weeks in combination with Peg-IFN-alfa-2a 180 mcg/week subcutaneous injection and RBV tablet orally twice daily at a dose of 1000 mg/day for subjects weighing &lt;75 kg and 1200 mg/day for subjects weighing &gt;=75 kg, for 48 weeks.</description>
  </arm_group>
  <arm_group>
    <arm_group_label>Telaprevir 12 Week +Peg-IFN-alfa-2a,RBV 24 Week</arm_group_label>
    <arm_group_type>Experimental</arm_group_type>
    <description>Single loading dose of telaprevir 1250 mg tablet orally on Day 1 followed by 750 mg telaprevir tablet thrice daily for 12 weeks in combination with Peg-IFN-alfa-2a 180 mcg/week subcutaneous injection and RBV tablet orally twice daily at a dose of 1000 mg/day for subjects weighing &lt;75 kg and 1200 mg/day for subjects weighing &gt;=75 kg, for 24 weeks.</description>
  </arm_group>
  <arm_group>
    <arm_group_label>Telaprevir 12 Week+Peg-IFN-alfa-2a,RBV 12 Week</arm_group_label>
    <arm_group_type>Experimental</arm_group_type>
    <description>Single loading dose of telaprevir 1250 mg tablet orally on Day 1 followed by 750 mg telaprevir tablet thrice daily in combination with Peg-IFN-alfa-2a 180 mcg/week subcutaneous injection and RBV tablet orally twice daily at a dose of 1000 mg/day for subjects weighing &lt;75 kg and 1200 mg/day for subjects weighing &gt;=75 kg, for 12 weeks.</description>
  </arm_group>
  <intervention>
    <intervention_type>Drug</intervention_type>
    <intervention_name>Telaprevir</intervention_name>
    <description>tablet</description>
    <arm_group_label>Telaprevir 12 Week+Peg-IFN-alfa-2a,RBV 48 Week</arm_group_label>
    <arm_group_label>Telaprevir 12 Week +Peg-IFN-alfa-2a,RBV 24 Week</arm_group_label>
    <arm_group_label>Telaprevir 12 Week+Peg-IFN-alfa-2a,RBV 12 Week</arm_group_label>
    <other_name>VX-950</other_name>
  </intervention>
  <intervention>
    <intervention_type>Drug</intervention_type>
    <intervention_name>Ribavirin</intervention_name>
    <description>tablet</description>
    <arm_group_label>PBO 12 Week+Peg-IFN-alfa-2a, RBV 48 Week</arm_group_label>
    <arm_group_label>Telaprevir 12 Week+Peg-IFN-alfa-2a,RBV 48 Week</arm_group_label>
    <arm_group_label>Telaprevir 12 Week +Peg-IFN-alfa-2a,RBV 24 Week</arm_group_label>
    <arm_group_label>Telaprevir 12 Week+Peg-IFN-alfa-2a,RBV 12 Week</arm_group_label>
    <other_name>RBV</other_name>
  </intervention>
  <intervention>
    <intervention_type>Drug</intervention_type>
    <intervention_name>Pegylated Interferon Alfa 2a</intervention_name>
    <description>Solution for injection</description>
    <arm_group_label>PBO 12 Week+Peg-IFN-alfa-2a, RBV 48 Week</arm_group_label>
    <arm_group_label>Telaprevir 12 Week+Peg-IFN-alfa-2a,RBV 48 Week</arm_group_label>
    <arm_group_label>Telaprevir 12 Week +Peg-IFN-alfa-2a,RBV 24 Week</arm_group_label>
    <arm_group_label>Telaprevir 12 Week+Peg-IFN-alfa-2a,RBV 12 Week</arm_group_label>
    <other_name>Peg-IFN-alfa-2a</other_name>
  </intervention>
  <intervention>
    <intervention_type>Other</intervention_type>
    <intervention_name>Placebo</intervention_name>
    <description>matching placebo tablet</description>
    <arm_group_label>PBO 12 Week+Peg-IFN-alfa-2a, RBV 48 Week</arm_group_label>
  </intervention>
  <eligibility>
    <criteria>
      <textblock>
        Inclusion Criteria:

          -  Hepatitis C virus Genotype 1 with detectable plasma hepatitis C virus RNA

          -  Have been infected with hepatitis C virus for greater than (&gt;) 6 months

          -  Seronegative for hepatitis B surface antigen and Human Immunodeficiency Virus 1 and 2

          -  Must agree to use 2 methods of contraception, including 1 barrier method, during and
             for 24 weeks after the completion of the study (unless the subject is a female of
             documented non-child-bearing potential)

          -  Female subjects must have a negative pregnancy test at all visits before the first
             dose

        Exclusion Criteria:

          -  Received any approved or investigational drug or drug regimen for the treatment of
             hepatitis C

          -  Any medical contraindications to Pegylated Interferon Alfa 2a or Ribavirin therapy

          -  Any other cause of significant liver disease in addition to hepatitis C; this may
             include but is not limited to, hepatitis B, drug or alcohol-related cirrhosis,
             autoimmune hepatitis, hemochromatosis, Wilson's disease, Nonalcoholic Steatohepatitis
             or primary biliary cirrhosis

          -  Diagnosed or suspected hepatocellular carcinoma

          -  Histologic evidence of hepatic cirrhosis (including compensated cirrhosis) based on a
             liver biopsy taken within 2 years before study start

          -  Alcohol abuse or excessive use in the last 12 months

          -  Participation in any investigational drug study within 90 days before drug
             administration or participation in more than 2 drug studies in the last 12 months
             (exclusive of the current study)
      </textblock>
    </criteria>
    <gender>Both</gender>
    <minimum_age>18 Years</minimum_age>
    <maximum_age>65 Years</maximum_age>
    <healthy_volunteers>No</healthy_volunteers>
  </eligibility>
  <overall_official>
    <last_name>Medical Monitor</last_name>
    <role>Study Director</role>
    <affiliation>Vertex Pharmaceuticals Incorporated</affiliation>
  </overall_official>
  <location>
    <facility>
      <name>Call For Information</name>
      <address>
        <city>Phoenix</city>
        <state>Arizona</state>
        <country>United States</country>
      </address>
    </facility>
  </location>
  <location>
    <facility>
      <name>Cedars-Sinai Medical Center</name>
      <address>
        <city>Los Angeles</city>
        <state>California</state>
        <country>United States</country>
      </address>
    </facility>
  </location>
  <location>
    <facility>
      <name>Stanford University Liver Research</name>
      <address>
        <city>Palo Alto</city>
        <state>California</state>
        <country>United States</country>
      </address>
    </facility>
  </location>
  <location>
    <facility>
      <name>Call For Information</name>
      <address>
        <city>San Francisco</city>
        <state>California</state>
        <country>United States</country>
      </address>
    </facility>
  </location>
  <location>
    <facility>
      <name>University of Colorado Hospital</name>
      <address>
        <city>Denver</city>
        <state>Colorado</state>
        <country>United States</country>
      </address>
    </facility>
  </location>
  <location>
    <facility>
      <name>South Denver Gastroenterology</name>
      <address>
        <city>Englewood</city>
        <state>Colorado</state>
        <country>United States</country>
      </address>
    </facility>
  </location>
  <location>
    <facility>
      <name>Shands Hospital University of Florida</name>
      <address>
        <city>Gainesville</city>
        <state>Florida</state>
        <zip>32610</zip>
        <country>United States</country>
      </address>
    </facility>
  </location>
  <location>
    <facility>
      <name>Call for Information</name>
      <address>
        <city>Miami</city>
        <state>Florida</state>
        <country>United States</country>
      </address>
    </facility>
  </location>
  <location>
    <facility>
      <name>University of Chicago Medical Center</name>
      <address>
        <city>Chicago</city>
        <state>Illinois</state>
        <country>United States</country>
      </address>
    </facility>
  </location>
  <location>
    <facility>
      <name>Clarian Hospital</name>
      <address>
        <city>Indianapolis</city>
        <state>Indiana</state>
        <zip>46202</zip>
        <country>United States</country>
      </address>
    </facility>
  </location>
  <location>
    <facility>
      <name>Gulf Coast Research Associates</name>
      <address>
        <city>Baton Rouge</city>
        <state>Louisiana</state>
        <country>United States</country>
      </address>
    </facility>
  </location>
  <location>
    <facility>
      <name>Call For Information</name>
      <address>
        <city>Baltimore</city>
        <state>Maryland</state>
        <country>United States</country>
      </address>
    </facility>
  </location>
  <location>
    <facility>
      <name>Beth Israel Deaconess Medical Center</name>
      <address>
        <city>Boston</city>
        <state>Massachusetts</state>
        <country>United States</country>
      </address>
    </facility>
  </location>
  <location>
    <facility>
      <name>Call for Information</name>
      <address>
        <city>Boston</city>
        <state>Massachusetts</state>
        <country>United States</country>
      </address>
    </facility>
  </location>
  <location>
    <facility>
      <name>Call For Information</name>
      <address>
        <city>Worcester</city>
        <state>Massachusetts</state>
        <country>United States</country>
      </address>
    </facility>
  </location>
  <location>
    <facility>
      <name>Henry Ford Health System</name>
      <address>
        <city>Detroit</city>
        <state>Michigan</state>
        <country>United States</country>
      </address>
    </facility>
  </location>
  <location>
    <facility>
      <name>Call For Information</name>
      <address>
        <city>Rochester</city>
        <state>Minnesota</state>
        <country>United States</country>
      </address>
    </facility>
  </location>
  <location>
    <facility>
      <name>Saint Louis University</name>
      <address>
        <city>St. Louis</city>
        <state>Missouri</state>
        <country>United States</country>
      </address>
    </facility>
  </location>
  <location>
    <facility>
      <name>University of New Mexico</name>
      <address>
        <city>Albuquerque</city>
        <state>New Mexico</state>
        <country>United States</country>
      </address>
    </facility>
  </location>
  <location>
    <facility>
      <name>Call For Information</name>
      <address>
        <city>Manhasset</city>
        <state>New York</state>
        <country>United States</country>
      </address>
    </facility>
  </location>
  <location>
    <facility>
      <name>Call for Information</name>
      <address>
        <city>New York</city>
        <state>New York</state>
        <country>United States</country>
      </address>
    </facility>
  </location>
  <location>
    <facility>
      <name>Columbia University Medical Center</name>
      <address>
        <city>New York</city>
        <state>New York</state>
        <country>United States</country>
      </address>
    </facility>
  </location>
  <location>
    <facility>
      <name>Call For Information</name>
      <address>
        <city>Chapel Hill</city>
        <state>North Carolina</state>
        <country>United States</country>
      </address>
    </facility>
  </location>
  <location>
    <facility>
      <name>Call For Information</name>
      <address>
        <city>Durham</city>
        <state>North Carolina</state>
        <country>United States</country>
      </address>
    </facility>
  </location>
  <location>
    <facility>
      <name>University of Cincinnati College of Medicine</name>
      <address>
        <city>Cincinnati</city>
        <state>Ohio</state>
        <country>United States</country>
      </address>
    </facility>
  </location>
  <location>
    <facility>
      <name>Fox Chase/ Temple Cancer Center</name>
      <address>
        <city>Philadelphia</city>
        <state>Pennsylvania</state>
        <zip>19140</zip>
        <country>United States</country>
      </address>
    </facility>
  </location>
  <location>
    <facility>
      <name>University of Pennsylvania Hospital</name>
      <address>
        <city>Philadelphia</city>
        <state>Pennsylvania</state>
        <country>United States</country>
      </address>
    </facility>
  </location>
  <location>
    <facility>
      <name>Baylor University Medical Center</name>
      <address>
        <city>Dallas</city>
        <state>Texas</state>
        <country>United States</country>
      </address>
    </facility>
  </location>
  <location>
    <facility>
      <name>Methodist Hospital of Dallas</name>
      <address>
        <city>Dallas</city>
        <state>Texas</state>
        <country>United States</country>
      </address>
    </facility>
  </location>
  <location>
    <facility>
      <name>University of Texas Southwestern Medical Center at Dallas</name>
      <address>
        <city>Dallas</city>
        <state>Texas</state>
        <country>United States</country>
      </address>
    </facility>
  </location>
  <location>
    <facility>
      <name>Alamo Medical Research</name>
      <address>
        <city>San Antonio</city>
        <state>Texas</state>
        <zip>78215</zip>
        <country>United States</country>
      </address>
    </facility>
  </location>
  <location>
    <facility>
      <name>Inova Fairfax Hospital</name>
      <address>
        <city>Annandale</city>
        <state>Virginia</state>
        <zip>22003</zip>
        <country>United States</country>
      </address>
    </facility>
  </location>
  <location>
    <facility>
      <name>University of Virginia Health System</name>
      <address>
        <city>Charlotteville</city>
        <state>Virginia</state>
        <country>United States</country>
      </address>
    </facility>
  </location>
  <location>
    <facility>
      <name>Metropolitan Research</name>
      <address>
        <city>Fairfax</city>
        <state>Virginia</state>
        <zip>22031</zip>
        <country>United States</country>
      </address>
    </facility>
  </location>
  <location>
    <facility>
      <name>McGuire VA Medical Center</name>
      <address>
        <city>Richmond</city>
        <state>Virginia</state>
        <zip>23249</zip>
        <country>United States</country>
      </address>
    </facility>
  </location>
  <location>
    <facility>
      <name>Froedtert Memorial Lutheran Hospital</name>
      <address>
        <city>Milwaukee</city>
        <state>Wisconsin</state>
        <country>United States</country>
      </address>
    </facility>
  </location>
  <location>
    <facility>
      <name>Fundacion de Investigacion de Diego</name>
      <address>
        <city>Santurce</city>
        <zip>00909</zip>
        <country>Puerto Rico</country>
      </address>
    </facility>
  </location>
  <location_countries>
    <country>Puerto Rico</country>
    <country>United States</country>
  </location_countries>
  <verification_date>June 2014</verification_date>
  <lastchanged_date>June 25, 2014</lastchanged_date>
  <firstreceived_date>June 9, 2006</firstreceived_date>
  <firstreceived_results_date>June 22, 2011</firstreceived_results_date>
  <responsible_party>
    <responsible_party_type>Sponsor</responsible_party_type>
  </responsible_party>
  <is_fda_regulated>Yes</is_fda_regulated>
  <is_section_801>Yes</is_section_801>
  <has_expanded_access>No</has_expanded_access>
  <condition_browse>
    <!-- CAUTION:  The following MeSH terms are assigned with an imperfect algorithm  -->
    <mesh_term>Hepatitis</mesh_term>
    <mesh_term>Hepatitis A</mesh_term>
    <mesh_term>Hepatitis C</mesh_term>
    <mesh_term>Hepatitis C, Chronic</mesh_term>
    <mesh_term>Hepatitis, Chronic</mesh_term>
  </condition_browse>
  <intervention_browse>
    <!-- CAUTION:  The following MeSH terms are assigned with an imperfect algorithm  -->
    <mesh_term>Interferon-alpha</mesh_term>
    <mesh_term>Peginterferon alfa-2a</mesh_term>
    <mesh_term>Ribavirin</mesh_term>
  </intervention_browse>
  <!-- Results are available for this study                                           -->
</clinical_study>
