<?xml version="1.0" encoding="UTF-8"?>
<clinical_study rank="231">
  <!-- This xml conforms to an XML Schema at:
    https://clinicaltrials.gov/ct2/html/images/info/public.xsd
 and an XML DTD at:
    https://clinicaltrials.gov/ct2/html/images/info/public.dtd -->
  <required_header>
    <download_date>ClinicalTrials.gov processed this data on December 13, 2015</download_date>
    <link_text>Link to the current ClinicalTrials.gov record.</link_text>
    <url>https://clinicaltrials.gov/show/NCT00277238</url>
  </required_header>
  <id_info>
    <org_study_id>B1211002</org_study_id>
    <secondary_id>CPG 10101-004</secondary_id>
    <nct_id>NCT00277238</nct_id>
  </id_info>
  <brief_title>CPG10101 Combination Therapy For The Treatment Of Hepatitis C In Non-Responder (Null And Partial Responder) Hepatitis C Virus (HCV) Genotype 1 Infected Subjects</brief_title>
  <official_title>CPG 10101 Combination Therapy for the Treatment of Hepatitis C: A Phase II Randomized, Open Label, Multi-Center, Parallel Arm, Controlled Trial of CPG 10101 at Two Different Dose Levels With Pegylated-Interferon-Alpha 2B (PEG-IFN) Plus Ribavirin (RBV) or PEG-IFN Plus RBV Without CPG 10101 in the Treatment of Non-Responder (Null and Partial Responder) HCV Genotype 1 Infected Subjects</official_title>
  <sponsors>
    <lead_sponsor>
      <agency>Pfizer</agency>
      <agency_class>Industry</agency_class>
    </lead_sponsor>
  </sponsors>
  <source>Pfizer</source>
  <oversight_info>
    <authority>United States: Food and Drug Administration</authority>
    <has_dmc>Yes</has_dmc>
  </oversight_info>
  <brief_summary>
    <textblock>
      The purpose of this study is to determine the efficacy and tolerability of CPG 10101 at two
      different dose levels with pegylated-interferon-alpha 2B (PEG-IFN) plus ribavirin (RBV)
      compared to PEG-IFN and RBV without CPG 10101 in HCV positive subjects who were classified
      as non-responders to previous adequate PEG-IFN plus RBV therapy.
    </textblock>
  </brief_summary>
  <overall_status>Completed</overall_status>
  <start_date>February 2006</start_date>
  <completion_date type="Actual">July 2007</completion_date>
  <primary_completion_date type="Actual">July 2007</primary_completion_date>
  <phase>Phase 2</phase>
  <study_type>Interventional</study_type>
  <study_design>Allocation: Randomized, Endpoint Classification: Safety/Efficacy Study, Intervention Model: Parallel Assignment, Masking: Open Label, Primary Purpose: Treatment</study_design>
  <primary_outcome>
    <measure>Serum HCV RNA concentrations, over 12wks, relative to baseline, early virologic response (EVR)</measure>
    <time_frame>12wks</time_frame>
    <safety_issue>No</safety_issue>
  </primary_outcome>
  <primary_outcome>
    <measure>Serum HCV RNA concentrations, 6months after treatment completed, relative to baseline, sustained virologic response (SVR)</measure>
    <time_frame>72wks</time_frame>
    <safety_issue>No</safety_issue>
  </primary_outcome>
  <secondary_outcome>
    <measure>Safety and Tolerability: adverse events, vital signs, clinical and laboratory parameters, depression score, physical exam, electrocardiogram (ECG), ophthalmologic exam (if required)</measure>
    <time_frame>28wks</time_frame>
    <safety_issue>Yes</safety_issue>
  </secondary_outcome>
  <secondary_outcome>
    <measure>Dose exposure</measure>
    <time_frame>24wks</time_frame>
    <safety_issue>No</safety_issue>
  </secondary_outcome>
  <secondary_outcome>
    <measure>Child-Pugh score</measure>
    <time_frame>24wks</time_frame>
    <safety_issue>No</safety_issue>
  </secondary_outcome>
  <secondary_outcome>
    <measure>Serum Biomarkers: cytokines and chemokines, over time, relative to baseline</measure>
    <time_frame>24wks</time_frame>
    <safety_issue>No</safety_issue>
  </secondary_outcome>
  <secondary_outcome>
    <measure>Immunophenotyping profile, over time, relative to baseline, HCV specific immune response, over time, relative to baseline, level of innate immune activation at baseline</measure>
    <time_frame>24wks</time_frame>
    <safety_issue>No</safety_issue>
  </secondary_outcome>
  <number_of_arms>4</number_of_arms>
  <enrollment type="Actual">113</enrollment>
  <condition>Hepatitis, Chronic Active</condition>
  <arm_group>
    <arm_group_label>CPG10101 (0.2) + pegylated inteferon + ribavirin</arm_group_label>
    <arm_group_type>Experimental</arm_group_type>
  </arm_group>
  <arm_group>
    <arm_group_label>CPG10101 (0.5) + pegylated inteferon + ribavirin</arm_group_label>
    <arm_group_type>Experimental</arm_group_type>
  </arm_group>
  <arm_group>
    <arm_group_label>Pegylated interferon + ribavirin</arm_group_label>
    <arm_group_type>Active Comparator</arm_group_type>
  </arm_group>
  <arm_group>
    <arm_group_label>CPG10101 + pegylated interferon + ribavirin (rollover)</arm_group_label>
    <arm_group_type>Experimental</arm_group_type>
  </arm_group>
  <intervention>
    <intervention_type>Drug</intervention_type>
    <intervention_name>CPG10101</intervention_name>
    <description>CPG10101, subcutaneous, 0.2mg/kg, weekly, 24wks Pegylated interferon alfa-2b, subcutaneous, 1.5ug/kg, weekly, 24wks Ribavirin, oral, 800-1400mg/day (weight-based), daily, 24wks</description>
    <arm_group_label>CPG10101 (0.2) + pegylated inteferon + ribavirin</arm_group_label>
  </intervention>
  <intervention>
    <intervention_type>Drug</intervention_type>
    <intervention_name>CPG10101</intervention_name>
    <description>CPG10101, subcutaneous, 0.5mg/kg, weekly, 24wks Pegylated interferon alfa-2b, subcutaneous, 1.5 ug/kg, weekly, 24wks Ribavirin, oral, 800-1400mg/day (weight-based), daily, 24wks</description>
    <arm_group_label>CPG10101 (0.5) + pegylated inteferon + ribavirin</arm_group_label>
  </intervention>
  <intervention>
    <intervention_type>Drug</intervention_type>
    <intervention_name>Control</intervention_name>
    <description>Pegylated interferon alfa-2b, subcutaneous, 1.5 ug/kg, weekly, 12wks Ribavirin, oral, 800-1400mg/day (weight-based), daily, 12wks</description>
    <arm_group_label>Pegylated interferon + ribavirin</arm_group_label>
  </intervention>
  <intervention>
    <intervention_type>Drug</intervention_type>
    <intervention_name>CPG10101</intervention_name>
    <description>CPG10101, subcutaneous, 0.5mg/kg, weekly, 24wks Pegylated interferon alfa-2b, subcutaneous, 1.5 ug/kg, weekly, 24wks Ribavirin, oral, 800-1400mg/day (weight-based), daily, 24wks</description>
    <arm_group_label>CPG10101 + pegylated interferon + ribavirin (rollover)</arm_group_label>
  </intervention>
  <eligibility>
    <criteria>
      <textblock>
        Inclusion Criteria:

        HCV positive subjects documented by serum HCV RNA concentration &gt; 100,000 IU/mL within 21
        days of first study treatment Receipt of adequate previous PEG-IFN and RBV therapy for a
        minimum of 12 weeks (PEG-IFN alpha-2a doses of &gt; 180 μg/wk or PEG-IFN alpha-2b 1.5
        µg/kg/wk and at least 800 mg RBV daily) not resulting in a minimum of a 2 log decrease in
        HCV RNA concentrations while on treatment (null responders). Or, receipt of adequate
        previous treatment PEG-IFN and RBV therapy for a minimum of 24 weeks (PEG-IFN alpha-2a
        doses of ≥ 180 μg/wk or PEG-IFN alpha-2b 1.5 µg/kg/wk and at least 800 mg RBV daily)
        resulting in a minimum of a 2 log decrease in serum HCV RNA concentrations by 12 weeks of
        treatment but not resulting in an undetectable viral load after 24 weeks of treatment
        (partial responders). If dose modifications were necessary during the treatment due to
        adverse events, the subject must have received at least 80% of the PEG-IFN dose and 80% of
        the RBV dose to be eligible for the study.

        HCV genotype 1 only; other HCV genotypes are excluded. Adults, 18+ years old Written
        informed consent Liver biopsy within 5 years of the first dose of study drug, documenting
        changes consistent with hepatitis C

        Adequate bone marrow, liver, and renal function demonstrated by:

          -  Hemoglobin &gt; 12 g/dL for females and &gt; 13 g/dL for males

          -  White blood cell (WBC) &gt; 3,000/mm3

          -  Neutrophils &gt; 1,500/mm3

          -  Platelets &gt; 80,000/mm3

          -  Total bilirubin &lt; 1.6 mg/dL

          -  Direct bilirubin &lt; 1.5 upper limit of normal. If indirect bilirubin is elevated,
             Gilbert's disease must be documented in chart and substantiated.

          -  Albumin &gt; 3.7 g/dL and &lt; 4.9 g/dL

          -  Serum creatinine &lt; upper limit of normal per central laboratory. If serum creatinine
             is &gt; upper limit of normal then calculated creatinine clearance has to be &gt; 100
             mL/min (by Cockcroft-Gault formula) for patient to be eligible.

        Negative pregnancy test in women of childbearing potential. Females of childbearing
        potential and males who have partners of childbearing potential must use two forms of
        effective contraception during treatment and during the 6 months after treatment has been
        concluded.

        Serum thyroid stimulating hormone (TSH) levels within normal ranges within 21 days of
        first study treatment, regardless of treatment with L-thyroxin.

        Exclusion Criteria:

        Treatment with any IFN based therapies and/or antiviral therapies within 30 days of the
        first dose of study drug Subjects who have previously received an HCV vaccine Child-Pugh
        Class B or C History of psychiatric conditions including, but not limited to, psychosis,
        suicidal ideations, or major depression. Subjects with mild to moderate depression in the
        past who have a normal to mild Beck Depression Inventory score and no prior history of
        suicidal gestures or attempts may be enrolled if, in the Investigator's opinion, they are
        suitable for treatment.

        Significant cardiovascular disease (e.g., New York Heart Association [NYHA] class 3
        congestive heart failure; myocardial infarction within the past 6 months; unstable angina;
        coronary angioplasty within the past 6 months; or uncontrolled atrial or ventricular
        cardiac arrhythmias) History of immunodeficiency or autoimmune disease including
        autoimmune hepatitis, allogeneic transplant, or pre-existing autoimmune or
        antibody-mediated disease including, but not limited to: systemic lupus erythematosus,
        rheumatoid arthritis, multiple sclerosis, Sjogren's syndrome, or autoimmune
        thrombocytopenia.

        Other serious medical conditions including, but not limited to:

          -  HIV-1

          -  Hepatitis B (positive hepatitis B surface antigen [HBsAg])

          -  Cancer (active tumors in the last 5 years)

          -  Pregnant, partners of pregnant women, or nursing women

          -  Alcohol or drug misuse within 90 days of screening Use of immunosuppressive doses of
             steroids or any anti-metabolite therapies within 3 months of entry into the study
             (inhaled and topical corticosteroids are permitted).

        Receipt of any vaccine or immunoglobulin within 30 days before the first dose of study
        drug. Flu vaccines are only allowed once the subjects are qualified for 36 additional
        weeks of treatment.

        Prior administration of oligodeoxynucleotides (including study medication CPG 10101),
        ribozymes, or any known allergy to CPG 10101, interferon, RVN or their excipients.

        Receipt of any investigational drug therapy within 30 days before the first dose of study
        drug.

        Any other condition that, in the opinion of the Investigator, may compromise the safety or
        compliance of the subject or would preclude the subject from successful completion of the
        study.
      </textblock>
    </criteria>
    <gender>Both</gender>
    <minimum_age>18 Years</minimum_age>
    <maximum_age>N/A</maximum_age>
    <healthy_volunteers>No</healthy_volunteers>
  </eligibility>
  <overall_official>
    <last_name>Pfizer CT.gov Call Center</last_name>
    <role>Study Director</role>
    <affiliation>Pfizer</affiliation>
  </overall_official>
  <location>
    <facility>
      <name>Pfizer Investigational Site</name>
      <address>
        <city>Chicago</city>
        <state>Illinois</state>
        <zip>60611</zip>
        <country>United States</country>
      </address>
    </facility>
  </location>
  <location>
    <facility>
      <name>Pfizer Investigational Site</name>
      <address>
        <city>Indianapolis</city>
        <state>Indiana</state>
        <zip>46202</zip>
        <country>United States</country>
      </address>
    </facility>
  </location>
  <location>
    <facility>
      <name>Pfizer Investigational Site</name>
      <address>
        <city>New Orleans</city>
        <state>Louisiana</state>
        <zip>70115</zip>
        <country>United States</country>
      </address>
    </facility>
  </location>
  <location>
    <facility>
      <name>Pfizer Investigational Site</name>
      <address>
        <city>Detroit</city>
        <state>Michigan</state>
        <zip>48202-2689</zip>
        <country>United States</country>
      </address>
    </facility>
  </location>
  <location>
    <facility>
      <name>Pfizer Investigational Site</name>
      <address>
        <city>Kansas City</city>
        <state>Missouri</state>
        <zip>64131</zip>
        <country>United States</country>
      </address>
    </facility>
  </location>
  <location>
    <facility>
      <name>Pfizer Investigational Site</name>
      <address>
        <city>St. Louis</city>
        <state>Missouri</state>
        <zip>63104</zip>
        <country>United States</country>
      </address>
    </facility>
  </location>
  <location>
    <facility>
      <name>Pfizer Investigational Site</name>
      <address>
        <city>New York</city>
        <state>New York</state>
        <zip>10021</zip>
        <country>United States</country>
      </address>
    </facility>
  </location>
  <location>
    <facility>
      <name>Pfizer Investigational Site</name>
      <address>
        <city>Durham</city>
        <state>North Carolina</state>
        <zip>27710</zip>
        <country>United States</country>
      </address>
    </facility>
  </location>
  <location>
    <facility>
      <name>Pfizer Investigational Site</name>
      <address>
        <city>Cleveland</city>
        <state>Ohio</state>
        <zip>44195</zip>
        <country>United States</country>
      </address>
    </facility>
  </location>
  <location>
    <facility>
      <name>Pfizer Investigational Site</name>
      <address>
        <city>Hershey</city>
        <state>Pennsylvania</state>
        <zip>17033</zip>
        <country>United States</country>
      </address>
    </facility>
  </location>
  <location>
    <facility>
      <name>Pfizer Investigational Site</name>
      <address>
        <city>Germantown</city>
        <state>Tennessee</state>
        <zip>38138</zip>
        <country>United States</country>
      </address>
    </facility>
  </location>
  <location>
    <facility>
      <name>Pfizer Investigational Site</name>
      <address>
        <city>Dallas</city>
        <state>Texas</state>
        <zip>75208</zip>
        <country>United States</country>
      </address>
    </facility>
  </location>
  <location>
    <facility>
      <name>Pfizer Investigational Site</name>
      <address>
        <city>San Antonio</city>
        <state>Texas</state>
        <zip>78215</zip>
        <country>United States</country>
      </address>
    </facility>
  </location>
  <location>
    <facility>
      <name>Pfizer Investigational Site</name>
      <address>
        <city>Richmond</city>
        <state>Virginia</state>
        <zip>23249</zip>
        <country>United States</country>
      </address>
    </facility>
  </location>
  <location_countries>
    <country>United States</country>
  </location_countries>
  <link>
    <url>https://trialinfoemail.pfizer.com/pages/landing.aspx?StudyID=B1211002&amp;StudyName=CPG10101%20Combination%20Therapy%20For%20The%20Treatment%20Of%20Hepatitis%20C%20In%20Non-Responder%20%28Null%20And%20Partial%20Responder%29%20Hepatitis%20C%20Virus%20%28HCV%2</url>
    <description>To obtain contact information for a study center near you, click here.</description>
  </link>
  <verification_date>April 2011</verification_date>
  <lastchanged_date>April 21, 2011</lastchanged_date>
  <firstreceived_date>January 13, 2006</firstreceived_date>
  <responsible_party>
    <name_title>Director, Clinical Trial Disclosure Group</name_title>
    <organization>Pfizer, Inc.</organization>
  </responsible_party>
  <keyword>HCV</keyword>
  <keyword>Hepatitis c virus</keyword>
  <keyword>Virus diseases</keyword>
  <keyword>Interferon-alpha</keyword>
  <keyword>Interferons</keyword>
  <keyword>Liver diseases</keyword>
  <is_fda_regulated>Yes</is_fda_regulated>
  <is_section_801>Yes</is_section_801>
  <has_expanded_access>No</has_expanded_access>
  <condition_browse>
    <!-- CAUTION:  The following MeSH terms are assigned with an imperfect algorithm  -->
    <mesh_term>Hepatitis</mesh_term>
    <mesh_term>Hepatitis A</mesh_term>
    <mesh_term>Hepatitis C</mesh_term>
    <mesh_term>Hepatitis, Chronic</mesh_term>
  </condition_browse>
  <intervention_browse>
    <!-- CAUTION:  The following MeSH terms are assigned with an imperfect algorithm  -->
    <mesh_term>Interferon-alpha</mesh_term>
    <mesh_term>Interferons</mesh_term>
    <mesh_term>Peginterferon alfa-2b</mesh_term>
    <mesh_term>Ribavirin</mesh_term>
  </intervention_browse>
  <!-- Results have not yet been posted for this study                                -->
</clinical_study>
