<?xml version="1.0" encoding="UTF-8"?>
<clinical_study rank="33">
  <!-- This xml conforms to an XML Schema at:
    https://clinicaltrials.gov/ct2/html/images/info/public.xsd
 and an XML DTD at:
    https://clinicaltrials.gov/ct2/html/images/info/public.dtd -->
  <required_header>
    <download_date>ClinicalTrials.gov processed this data on December 13, 2015</download_date>
    <link_text>Link to the current ClinicalTrials.gov record.</link_text>
    <url>https://clinicaltrials.gov/show/NCT00724230</url>
  </required_header>
  <id_info>
    <org_study_id>P04841</org_study_id>
    <nct_id>NCT00724230</nct_id>
  </id_info>
  <brief_title>Safety and Efficacy of PegIntron Plus Rebetol in Patients With Chronic Hepatitis C in Japan, Excluding (1) Subjects With HCV Genotype 1 and High Viral Load, and (2) Interferon-naïve Subjects With Low Viral Load (Study P04841)(COMPLETED)</brief_title>
  <official_title>PegIntron/REBETOL Combination Therapy Designated Drug Use Investigation -Investigation on the Safety and Efficacy of PegIntron and REBETOL Combination Therapy in Patients With Chronic Hepatitis C Excluding Those With &quot;IFN Naive Low Viral Load and Genotype 1 and High Viral Load&quot;-</official_title>
  <sponsors>
    <lead_sponsor>
      <agency>Merck Sharp &amp; Dohme Corp.</agency>
      <agency_class>Industry</agency_class>
    </lead_sponsor>
  </sponsors>
  <source>Merck Sharp &amp; Dohme Corp.</source>
  <oversight_info>
    <authority>Japan: Ministry of Health, Labor and Welfare</authority>
    <has_dmc>No</has_dmc>
  </oversight_info>
  <brief_summary>
    <textblock>
      The objective of the study is to evaluate the safety and efficacy of PegIntron plus Rebetol
      combination therapy administered to patients with chronic hepatitis C. The study will
      exclude (1) subjects with HCV genotype 1 and high viral load, and (2) interferon-naïve
      subjects with low viral load. It is being conducted as a post-approval commitment, in
      accordance with the Ministry of Health, Labour and Welfare's guideline on Good
      Post-marketing Study Practice.

      Post-marketing surveys are not considered applicable clinical trials and thus the results of
      this survey will not be posted at its conclusion. The results will be submitted to public
      health officials as required by applicable national and international laws.
    </textblock>
  </brief_summary>
  <overall_status>Completed</overall_status>
  <start_date>February 2006</start_date>
  <completion_date type="Actual">December 2008</completion_date>
  <primary_completion_date type="Actual">December 2008</primary_completion_date>
  <phase>N/A</phase>
  <study_type>Observational</study_type>
  <study_design>Time Perspective: Prospective</study_design>
  <primary_outcome>
    <measure>Overall incidence of adverse events and adverse drug reactions.</measure>
    <time_frame>Assessed from the time the informed consent is signed up until 30 days after completion or discontinuation from the study</time_frame>
    <safety_issue>Yes</safety_issue>
  </primary_outcome>
  <primary_outcome>
    <measure>Assessment of trends of adverse drug reactions by patient factors and concomitant medications; Incidence, severity, and outcome of adverse events (AEs) between the elderly vs younger patients</measure>
    <time_frame>Assessed from the time the informed consent is signed up until 30 days after completion or discontinuation from the study</time_frame>
    <safety_issue>Yes</safety_issue>
  </primary_outcome>
  <primary_outcome>
    <measure>Sustained virologic response rate by HCV genotype, baseline viral load, and patient demographic characteristics</measure>
    <time_frame>Assessed at 24 weeks post-treatment</time_frame>
    <safety_issue>No</safety_issue>
  </primary_outcome>
  <secondary_outcome>
    <measure>Rate of ALT normalization at end of treatment period and at 24 weeks post completing therapy.</measure>
    <time_frame>End of treatment and 24 weeks after end of treatment</time_frame>
    <safety_issue>No</safety_issue>
  </secondary_outcome>
  <number_of_groups>1</number_of_groups>
  <enrollment type="Actual">505</enrollment>
  <condition>Hepatitis C, Chronic</condition>
  <condition>Hepatitis C</condition>
  <arm_group>
    <arm_group_label>Arm 1</arm_group_label>
    <description>Overall study population.</description>
  </arm_group>
  <intervention>
    <intervention_type>Drug</intervention_type>
    <intervention_name>PegIntron (peginterferon alfa-2b; SCH 54031)</intervention_name>
    <description>PegIntron administered in accordance with approved labeling
Subcutaneous injection once weekly for 24 weeks.</description>
    <arm_group_label>Arm 1</arm_group_label>
    <other_name>SCH 54031</other_name>
  </intervention>
  <intervention>
    <intervention_type>Drug</intervention_type>
    <intervention_name>Rebetol (ribavirin; SCH 18908)</intervention_name>
    <description>Rebetol administered orally twice daily in accordance with approved labeling. Dosing duration 24 weeks.</description>
    <arm_group_label>Arm 1</arm_group_label>
    <other_name>SCH 18908</other_name>
  </intervention>
  <eligibility>
    <study_pop>
      <textblock>
        Patients with chronic hepatitis C excluding subjects with HCV genotype 1 and high viral
        load, and interferon-naïve subjects with low viral load. Patients undergoing treatment
        with PegIntron and Rebetol in clinical practice at approximately 50 to 100 sites in Japan.
      </textblock>
    </study_pop>
    <sampling_method>Non-Probability Sample</sampling_method>
    <criteria>
      <textblock>
        Inclusion Criteria:

          -  Patients diagnosed with chronic hepatitis C

          -  Among interferon-naïve patients, only patients with high viral load and HCV genotype
             other than 1

          -  Among prior nonresponders or relapsers to interferon monotherapy, (1) patients with
             high viral load and HCV genotype other than 1; and (2) patients with low viral load
             of all genotypes (including genotype 1)

        Exclusion Criteria:

          -  Patients infected with HCV genotype 1 with high viral load, regardless of whether
             treatment-naïve or previous nonresponders/relapsers

          -  Interferon-naïve patients with low viral load

          -  Patients with a history of hypersensitivity to test drugs or other interferon
             preparations

          -  Patients with a history of hypersensitivity to biological products, such as vaccines

          -  Patients being treated with Shosaikoto

          -  Patients with autoimmune hepatitis

          -  Pregnant women, women who may be pregnant, and nursing mothers

          -  Patients with a history of hypersensitivity to any component of this drug or other
             nucleoside analogs (aciclovir, ganciclovir, vidarabine, etc.)

          -  Patients with difficult-to-control cardiac disease (eg, myocardial infarction,
             cardiac failure, arrhythmia)

          -  Patients with hemoglobinopathies (eg, thalassemia, sickle-cell anemia)

          -  Patients with chronic renal failure or renal function disorder with creatinine
             clearance of &lt;=50 mL/min

          -  Patients with or a history of severe psychiatric condition such as severe depression,
             suicidal ideation or suicide attempt

          -  Patients with serious hepatic dysfunction

          -  Patients with autoimmune hepatitis
      </textblock>
    </criteria>
    <gender>Both</gender>
    <minimum_age>N/A</minimum_age>
    <maximum_age>N/A</maximum_age>
    <healthy_volunteers>No</healthy_volunteers>
  </eligibility>
  <verification_date>February 2015</verification_date>
  <lastchanged_date>February 2, 2015</lastchanged_date>
  <firstreceived_date>July 25, 2008</firstreceived_date>
  <responsible_party>
    <responsible_party_type>Sponsor</responsible_party_type>
  </responsible_party>
  <is_fda_regulated>Yes</is_fda_regulated>
  <is_section_801>No</is_section_801>
  <has_expanded_access>No</has_expanded_access>
  <condition_browse>
    <!-- CAUTION:  The following MeSH terms are assigned with an imperfect algorithm  -->
    <mesh_term>Hepatitis</mesh_term>
    <mesh_term>Hepatitis A</mesh_term>
    <mesh_term>Hepatitis C</mesh_term>
    <mesh_term>Hepatitis C, Chronic</mesh_term>
    <mesh_term>Hepatitis, Chronic</mesh_term>
  </condition_browse>
  <intervention_browse>
    <!-- CAUTION:  The following MeSH terms are assigned with an imperfect algorithm  -->
    <mesh_term>Peginterferon alfa-2b</mesh_term>
    <mesh_term>Ribavirin</mesh_term>
  </intervention_browse>
  <!-- Results have not yet been posted for this study                                -->
</clinical_study>
