<?xml version="1.0" encoding="UTF-8"?>
<clinical_study rank="181">
  <!-- This xml conforms to an XML Schema at:
    https://clinicaltrials.gov/ct2/html/images/info/public.xsd
 and an XML DTD at:
    https://clinicaltrials.gov/ct2/html/images/info/public.dtd -->
  <required_header>
    <download_date>ClinicalTrials.gov processed this data on December 13, 2015</download_date>
    <link_text>Link to the current ClinicalTrials.gov record.</link_text>
    <url>https://clinicaltrials.gov/show/NCT00780910</url>
  </required_header>
  <id_info>
    <org_study_id>G060-A8</org_study_id>
    <nct_id>NCT00780910</nct_id>
  </id_info>
  <brief_title>Efficacy and Safety of MP-424, Peginterferon Alfa-2b, and Ribavirin in Patients With Chronic Hepatitis C Who Relapsed After Previous Interferon Based Therapy</brief_title>
  <official_title>A Phase 3 Study of MP-424 in Combination With Peginterferon Alfa-2b and Ribavirin in Subjects With Genotype 1 Hepatitis C Who Relapsed After Previous Treatment</official_title>
  <sponsors>
    <lead_sponsor>
      <agency>Mitsubishi Tanabe Pharma Corporation</agency>
      <agency_class>Industry</agency_class>
    </lead_sponsor>
    <collaborator>
      <agency>Vertex Pharmaceuticals Incorporated</agency>
      <agency_class>Industry</agency_class>
    </collaborator>
  </sponsors>
  <source>Mitsubishi Tanabe Pharma Corporation</source>
  <oversight_info>
    <authority>Japan: Ministry of Health, Labor and Welfare</authority>
    <has_dmc>No</has_dmc>
  </oversight_info>
  <brief_summary>
    <textblock>
      This study will evaluate the efficacy and safety of MP-424 with Peginterferon Alfa-2b
      (PEG-IFN) and Ribavirin (RBV) in patients with (Genotype 1) hepatitis C, who relapsed after
      previous treatment.
    </textblock>
  </brief_summary>
  <overall_status>Completed</overall_status>
  <start_date>November 2008</start_date>
  <completion_date type="Actual">October 2010</completion_date>
  <primary_completion_date type="Actual">October 2010</primary_completion_date>
  <phase>Phase 3</phase>
  <study_type>Interventional</study_type>
  <study_design>Endpoint Classification: Safety/Efficacy Study, Intervention Model: Single Group Assignment, Masking: Open Label, Primary Purpose: Treatment</study_design>
  <primary_outcome>
    <measure>The Percentage of Subjects Achieving Undetectable Hepatitis C Virus (HCV) Ribonucleic Acid (RNA) at 24 Weeks After Completion of Drug Administration (SVR, Sustained Viral Response)</measure>
    <time_frame>After 24 weeks of follow-up</time_frame>
    <safety_issue>No</safety_issue>
  </primary_outcome>
  <number_of_arms>1</number_of_arms>
  <enrollment type="Actual">109</enrollment>
  <condition>Chronic Hepatitis C</condition>
  <arm_group>
    <arm_group_label>MP-424</arm_group_label>
    <arm_group_type>Experimental</arm_group_type>
  </arm_group>
  <intervention>
    <intervention_type>Drug</intervention_type>
    <intervention_name>MP-424</intervention_name>
    <description>750 mg every 8 hours for 12 weeks</description>
    <arm_group_label>MP-424</arm_group_label>
    <other_name>Telaprevir</other_name>
  </intervention>
  <intervention>
    <intervention_type>Drug</intervention_type>
    <intervention_name>Ribavirin</intervention_name>
    <description>600 - 1000 mg/day based on body weight for 24 weeks</description>
    <arm_group_label>MP-424</arm_group_label>
  </intervention>
  <intervention>
    <intervention_type>Drug</intervention_type>
    <intervention_name>Peginterferon Alfa-2b</intervention_name>
    <description>1.5 mcg/kg/week for 24 weeks</description>
    <arm_group_label>MP-424</arm_group_label>
  </intervention>
  <eligibility>
    <criteria>
      <textblock>
        Inclusion Criteria:

          -  Genotype 1, chronic hepatitis C

          -  Relapsers (patient who relapsed after previous treatment)

          -  Able and willing to follow contraception requirements

        Exclusion Criteria:

          -  Cirrhosis of the liver or hepatic failure

          -  Hepatitis B surface antigen-positive or HIV antibodies-positive

          -  History of, or concurrent hepatocellular carcinoma

          -  History of, or concurrent depression, schizophrenia; or suicide attempt in the past

          -  Pregnant, lactating, or suspected pregnant patients, or male patients whose female
             partner is pregnant
      </textblock>
    </criteria>
    <gender>Both</gender>
    <minimum_age>20 Years</minimum_age>
    <maximum_age>65 Years</maximum_age>
    <healthy_volunteers>No</healthy_volunteers>
  </eligibility>
  <overall_official>
    <last_name>Fumitaka Suzuki, MD</last_name>
    <role>Principal Investigator</role>
    <affiliation>Department of Hepatology, Toranomon Hospital</affiliation>
  </overall_official>
  <location>
    <facility>
      <name>Toranomon Hospital</name>
      <address>
        <city>Kawasaki City</city>
        <state>Takatsu-ku</state>
        <country>Japan</country>
      </address>
    </facility>
  </location>
  <location_countries>
    <country>Japan</country>
  </location_countries>
  <results_reference>
    <citation>Hayashi N, Okanoue T, Tsubouchi H, Toyota J, Chayama K, Kumada H. Efficacy and safety of telaprevir, a new protease inhibitor, for difficult-to-treat patients with genotype 1 chronic hepatitis C. J Viral Hepat. 2012 Feb;19(2):e134-42. doi: 10.1111/j.1365-2893.2011.01528.x. Epub 2011 Nov 8.</citation>
    <PMID>22239511</PMID>
  </results_reference>
  <verification_date>April 2014</verification_date>
  <lastchanged_date>April 16, 2014</lastchanged_date>
  <firstreceived_date>October 24, 2008</firstreceived_date>
  <firstreceived_results_date>June 5, 2012</firstreceived_results_date>
  <responsible_party>
    <responsible_party_type>Sponsor</responsible_party_type>
  </responsible_party>
  <is_fda_regulated>No</is_fda_regulated>
  <has_expanded_access>No</has_expanded_access>
  <condition_browse>
    <!-- CAUTION:  The following MeSH terms are assigned with an imperfect algorithm  -->
    <mesh_term>Hepatitis</mesh_term>
    <mesh_term>Hepatitis A</mesh_term>
    <mesh_term>Hepatitis C</mesh_term>
    <mesh_term>Hepatitis C, Chronic</mesh_term>
    <mesh_term>Hepatitis, Chronic</mesh_term>
  </condition_browse>
  <intervention_browse>
    <!-- CAUTION:  The following MeSH terms are assigned with an imperfect algorithm  -->
    <mesh_term>Interferon-alpha</mesh_term>
    <mesh_term>Peginterferon alfa-2b</mesh_term>
    <mesh_term>Ribavirin</mesh_term>
  </intervention_browse>
  <!-- Results are available for this study                                           -->
</clinical_study>
