<?xml version="1.0" encoding="UTF-8"?>
<clinical_study rank="119">
  <!-- This xml conforms to an XML Schema at:
    https://clinicaltrials.gov/ct2/html/images/info/public.xsd
 and an XML DTD at:
    https://clinicaltrials.gov/ct2/html/images/info/public.dtd -->
  <required_header>
    <download_date>ClinicalTrials.gov processed this data on December 13, 2015</download_date>
    <link_text>Link to the current ClinicalTrials.gov record.</link_text>
    <url>https://clinicaltrials.gov/show/NCT00134030</url>
  </required_header>
  <id_info>
    <org_study_id>AOST0331</org_study_id>
    <secondary_id>NCI-2009-01066</secondary_id>
    <secondary_id>EUDRACT-2004-000242-20</secondary_id>
    <secondary_id>MRC-EURAMOS1</secondary_id>
    <secondary_id>MRC-BO08</secondary_id>
    <secondary_id>ISRCTN67613327</secondary_id>
    <secondary_id>EU-20530</secondary_id>
    <secondary_id>CDR0000438714</secondary_id>
    <secondary_id>COG-AOST0331</secondary_id>
    <secondary_id>U10CA098543</secondary_id>
    <nct_id>NCT00134030</nct_id>
  </id_info>
  <brief_title>Combination Chemotherapy, PEG-Interferon Alfa-2b, and Surgery in Treating Patients With Osteosarcoma</brief_title>
  <official_title>A Randomized Trial of the European and American Osteosarcoma Study Group to Optimize Treatment Strategies for Resectable Osteosarcoma Based on Histological Response to Pre-Operative Chemotherapy (IND# 12697)</official_title>
  <sponsors>
    <lead_sponsor>
      <agency>Children's Oncology Group</agency>
      <agency_class>Other</agency_class>
    </lead_sponsor>
    <collaborator>
      <agency>National Cancer Institute (NCI)</agency>
      <agency_class>NIH</agency_class>
    </collaborator>
    <collaborator>
      <agency>University College London Hospitals</agency>
      <agency_class>Other</agency_class>
    </collaborator>
  </sponsors>
  <source>Children's Oncology Group</source>
  <oversight_info>
    <authority>United States: Institutional Review Board</authority>
    <has_dmc>Yes</has_dmc>
  </oversight_info>
  <brief_summary>
    <textblock>
      This randomized phase III trial is studying combination chemotherapy followed by surgery and
      two different combination chemotherapy regimens with or without PEG-interferon alfa-2b to
      compare how well they work in treating patients with osteosarcoma. Drugs used in
      chemotherapy work in different ways to stop the growth of tumor cells, either by killing the
      cells or by stopping them from dividing. Giving more than one drug (combination
      chemotherapy) may kill more tumor cells. Biological therapies, such as PEG-interferon
      alfa-2b, may interfere with the growth of tumor cells. Giving combination chemotherapy
      before surgery may shrink the tumor so it can be removed. Giving combination chemotherapy
      together with PEG-interferon alfa-2b after surgery may kill any remaining tumor cells. It is
      not yet known whether giving combination therapy together with PEG-interferon alfa-2b is
      more effective than two different combination chemotherapy regimens alone after surgery in
      treating osteosarcoma.
    </textblock>
  </brief_summary>
  <detailed_description>
    <textblock>
      PRIMARY OBJECTIVES:

      I. Compare whether adjuvant maintenance therapy comprising doxorubicin, cisplatin, and
      high-dose methotrexate (MAP) alone vs MAP combined with ifosfamide and etoposide improves
      event-free survival of patients with resectable high-grade osteosarcoma who achieve a poor
      histological response (HR) to neoadjuvant induction therapy comprising MAP.

      II. Compare whether adjuvant maintenance therapy comprising MAP alone vs MAP and
      PEG-interferon alfa-2b improves event-free survival of patients with resectable high-grade
      osteosarcoma who achieve a good HR to neoadjuvant induction therapy comprising MAP.

      SECONDARY OBJECTIVES:

      I. Compare overall survival of patients treated with these regimens. II. Compare short- and
      long-term toxicity of these regimens in these patients. III. Compare quality of life of
      patients treated with these regimens. IV. Compare event-free survival and overall survival
      of patients with localized osteosarcoma treated with these regimens.

      V. Correlate biological or clinical changes with histological response and outcomes in
      patients treated with these regimens.

      VI. Determine outcomes of patients treated with these regimens.

      OUTLINE: This is a randomized, controlled, multicenter study.

      INDUCTION THERAPY: (MAP; weeks 1-10) Patients receive doxorubicin IV continuously over 48
      hours on days 1-2 and cisplatin IV over 4 hours on days 1 and 2 in weeks 1 and 6. Patients
      also receive high-dose methotrexate (MTX)* IV over 4 hours on day 1 in weeks 4, 5, 9, and
      10. Patients then proceed to surgery.

      NOTE: *Patients must receive &gt;= 2 but =&lt; 6 doses of high-dose MTX.

      SURGERY: Patients undergo amputation or limb salvage surgery in week 11. Tumor tissue is
      evaluated for histological response to induction therapy. Patients whose tumor is not
      amenable to macroscopically complete surgical resection undergo radiotherapy and/or other
      investigational therapy off study. Patients who undergo macroscopically complete surgical
      resection of the primary tumor or metastases AND who have no disease progression or
      unacceptable toxicity proceed to maintenance therapy.

      MAINTENANCE THERAPY: Patients are assigned to 1 of 2 groups according to histological
      response (good [&lt; 10% viable tumor] vs poor [≥ 10% viable tumor]). Patients in each group
      are stratified according to site of primary tumor and presence of metastases.

      GROUP 1: (good histological response) Patient are randomized to 1 of 2 treatment arms within
      35 days after surgery.

      ARM I: (MAP; weeks 12-29) Patients receive doxorubicin IV continuously over 48 hours on days
      1-2 in weeks 12, 17, 22, and 26 and cisplatin IV over 4 hours on days 1 and 2 in weeks 12
      and 17. Patients also receive high-dose MTX IV over 4 hours on day 1 in weeks 15, 16, 20,
      21, 24, 25, 28, and 29.

      ARM II: (MAPifn; weeks 12-104) Patients receive doxorubicin, cisplatin, and high-dose MTX as
      in arm I. Patients than receive PEG-interferon alfa-2b subcutaneously once daily on day 1 in
      weeks 30-104.

      GROUP 2: (poor histological response) Patients are randomized to 1 of 2 treatment arms
      within 35 days after surgery.

      ARM I: (MAP; weeks 12-29) Patients receive doxorubicin, cisplatin, and high-dose MTX as in
      group 1 arm I.

      ARM II: (MAPIE; weeks 12-40) Patients receive doxorubicin IV continuously over 48 hours on
      days 1-2 in weeks 12, 20, 28, and 36 and cisplatin IV over 4 hours on days 1 and 2 in weeks
      12 and 28. Patients also receive high-dose MTX IV over 4 hours on day 1 in weeks 15, 19, 23,
      27, 31, 35, 39, and 40. Patients receive ifosfamide IV over 4 hours on days 1-5 in weeks 16,
      24, and 32 and on days 1-3 in weeks 20 and 36 and etoposide IV over 1 hour on days 1-5 in
      weeks 16, 24, and 32.

      In both groups, treatment continues in the absence of disease progression or unacceptable
      toxicity. Quality of life is assessed periodically.

      After completion of study treatment, patients are followed every 1½-3 months for 2 years,
      every 2-4 months for 2 years, every 6 months for 6 years, and then every 6-12 months
      thereafter. Peer Reviewed and Funded or Endorsed by Cancer Research UK
    </textblock>
  </detailed_description>
  <overall_status>Active, not recruiting</overall_status>
  <start_date>November 2005</start_date>
  <primary_completion_date type="Actual">October 2013</primary_completion_date>
  <phase>Phase 3</phase>
  <study_type>Interventional</study_type>
  <study_design>Allocation: Randomized, Endpoint Classification: Efficacy Study, Intervention Model: Parallel Assignment, Masking: Open Label, Primary Purpose: Treatment</study_design>
  <primary_outcome>
    <measure>Event-free survival</measure>
    <time_frame>From date of randomization to date of the event, assessed up to 10 years</time_frame>
    <safety_issue>No</safety_issue>
    <description>Will be assessed using the logrank test and expressed using hazard ratios with appropriate confidence intervals.</description>
  </primary_outcome>
  <secondary_outcome>
    <measure>Overall survival</measure>
    <time_frame>From date of randomization to date of death, assessed up to 10 years</time_frame>
    <safety_issue>No</safety_issue>
    <description>Will be assessed using the logrank test and expressed using hazard ratios with appropriate confidence intervals.</description>
  </secondary_outcome>
  <secondary_outcome>
    <measure>Toxicity as measured by CTCAE v3.0</measure>
    <time_frame>Up to 10 years</time_frame>
    <safety_issue>Yes</safety_issue>
    <description>Proportions of patients experiencing grade 3 and 4 toxicities will be compared using chi-square tests or Fisher's exact tests where appropriate.</description>
  </secondary_outcome>
  <secondary_outcome>
    <measure>Quality of life</measure>
    <time_frame>Up to 3 years</time_frame>
    <safety_issue>No</safety_issue>
  </secondary_outcome>
  <number_of_arms>4</number_of_arms>
  <enrollment type="Actual">1164</enrollment>
  <condition>Localized Osteosarcoma</condition>
  <condition>Metastatic Osteosarcoma</condition>
  <arm_group>
    <arm_group_label>Maintenance therapy group 1 arm I</arm_group_label>
    <arm_group_type>Active Comparator</arm_group_type>
    <description>Patient undergoes definitive surgery (therapeutic conventional surgery). Patients receive doxorubicin hydrochloride IV continuously over 48 hours on days 1-2 in weeks 12, 17, 22, and 26 and cisplatin IV over 4 hours on days 1 and 2 in weeks 12 and 17. Patients also receive high-dose methotrexate (MTX) IV over 4 hours on day 1 in weeks 15, 16, 20, 21, 24, 25, 28, and 29. Quality-of-life assessment, prior to start of Cycle 2, after recovery from the doxorubicin of Week 22 Cycle 5, Week 24/Cycle 5, week 72 (18 months after the start of treatment), week 144 (3 years after the start of treatment)</description>
  </arm_group>
  <arm_group>
    <arm_group_label>Maintenance therapy group 1 arm II</arm_group_label>
    <arm_group_type>Experimental</arm_group_type>
    <description>Patient undergoes definitive surgery (therapeutic conventional surgery). Patients receive doxorubicin hydrochloride, cisplatin, and high-dose methotrexate (MTX) as in arm I. Patients than receive PEG-interferon alfa-2b subcutaneously once daily on day 1 in weeks 30-104. Quality-of-life assessment, prior to start of Cycle 2, after recovery from the doxorubicin of Week 22 Cycle 5, Week 24/Cycle 5, week 72 (18 months after the start of treatment), week 144 (3 years after the start of treatment)</description>
  </arm_group>
  <arm_group>
    <arm_group_label>Maintenance therapy group 2 arm I</arm_group_label>
    <arm_group_type>Active Comparator</arm_group_type>
    <description>Patient undergoes definitive surgery (therapeutic conventional surgery). Patients receive doxorubicin hydrochloride, cisplatin, and high-dose methotrexate (MTX) as in group 1 arm I. Quality-of-life assessment, prior to start of Cycle 2, after recovery from the doxorubicin of Week 22 Cycle 5, Week 24/Cycle 5, week 72 (18 months after the start of treatment), week 144 (3 years after the start of treatment)</description>
  </arm_group>
  <arm_group>
    <arm_group_label>Maintenance therapy group 2 arm II</arm_group_label>
    <arm_group_type>Experimental</arm_group_type>
    <description>Patient undergoes definitive surgery (therapeutic conventional surgery). Patients receive doxorubicin hydrochloride IV continuously over 48 hours on days 1-2 in weeks 12, 20, 28, and 36 and cisplatin IV over 4 hours on days 1 and 2 in weeks 12 and 28. Patients also receive high-dose methotrexate (MTX) IV over 4 hours on day 1 in weeks 15, 19, 23, 27, 31, 35, 39, and 40. Patients receive ifosfamide IV over 4 hours on days 1-5 in weeks 16, 24, and 32 and on days 1-3 in weeks 20 and 36 and etoposide IV over 1 hour on days 1-5 in weeks 16, 24, and 32. Quality-of-life assessment, prior to start of Cycle 2, after recovery from the doxorubicin of Week 22 Cycle 5, Week 24/Cycle 5, week 72 (18 months after the start of treatment), week 144 (3 years after the start of treatment)</description>
  </arm_group>
  <intervention>
    <intervention_type>Drug</intervention_type>
    <intervention_name>doxorubicin hydrochloride</intervention_name>
    <description>Given IV</description>
    <arm_group_label>Maintenance therapy group 1 arm I</arm_group_label>
    <arm_group_label>Maintenance therapy group 1 arm II</arm_group_label>
    <arm_group_label>Maintenance therapy group 2 arm I</arm_group_label>
    <arm_group_label>Maintenance therapy group 2 arm II</arm_group_label>
    <other_name>ADM</other_name>
    <other_name>ADR</other_name>
    <other_name>Adria</other_name>
    <other_name>Adriamycin PFS</other_name>
    <other_name>Adriamycin RDF</other_name>
  </intervention>
  <intervention>
    <intervention_type>Drug</intervention_type>
    <intervention_name>cisplatin</intervention_name>
    <description>Given IV</description>
    <arm_group_label>Maintenance therapy group 1 arm I</arm_group_label>
    <arm_group_label>Maintenance therapy group 1 arm II</arm_group_label>
    <arm_group_label>Maintenance therapy group 2 arm I</arm_group_label>
    <arm_group_label>Maintenance therapy group 2 arm II</arm_group_label>
    <other_name>CACP</other_name>
    <other_name>CDDP</other_name>
    <other_name>CPDD</other_name>
    <other_name>DDP</other_name>
  </intervention>
  <intervention>
    <intervention_type>Drug</intervention_type>
    <intervention_name>methotrexate</intervention_name>
    <description>Given IV</description>
    <arm_group_label>Maintenance therapy group 1 arm I</arm_group_label>
    <arm_group_label>Maintenance therapy group 1 arm II</arm_group_label>
    <arm_group_label>Maintenance therapy group 2 arm I</arm_group_label>
    <arm_group_label>Maintenance therapy group 2 arm II</arm_group_label>
    <other_name>amethopterin</other_name>
    <other_name>Folex</other_name>
    <other_name>methylaminopterin</other_name>
    <other_name>Mexate</other_name>
    <other_name>MTX</other_name>
  </intervention>
  <intervention>
    <intervention_type>Procedure</intervention_type>
    <intervention_name>therapeutic conventional surgery</intervention_name>
    <description>Undergo amputation or limb salvage surgery</description>
    <arm_group_label>Maintenance therapy group 1 arm I</arm_group_label>
    <arm_group_label>Maintenance therapy group 1 arm II</arm_group_label>
    <arm_group_label>Maintenance therapy group 2 arm I</arm_group_label>
    <arm_group_label>Maintenance therapy group 2 arm II</arm_group_label>
  </intervention>
  <intervention>
    <intervention_type>Biological</intervention_type>
    <intervention_name>peginterferon alfa-2b</intervention_name>
    <description>Given subcutaneously</description>
    <arm_group_label>Maintenance therapy group 1 arm II</arm_group_label>
    <other_name>PEG-IFN alfa-2b</other_name>
    <other_name>pegylated interferon alfa-2b</other_name>
    <other_name>polyethylene glycol IFN-A2b</other_name>
  </intervention>
  <intervention>
    <intervention_type>Drug</intervention_type>
    <intervention_name>ifosfamide</intervention_name>
    <description>Given IV</description>
    <arm_group_label>Maintenance therapy group 2 arm II</arm_group_label>
    <other_name>Cyfos</other_name>
    <other_name>Holoxan</other_name>
    <other_name>IFF</other_name>
    <other_name>IFX</other_name>
    <other_name>IPP</other_name>
  </intervention>
  <intervention>
    <intervention_type>Drug</intervention_type>
    <intervention_name>etoposide</intervention_name>
    <description>Given IV</description>
    <arm_group_label>Maintenance therapy group 2 arm II</arm_group_label>
    <other_name>EPEG</other_name>
    <other_name>VP-16</other_name>
    <other_name>VP-16-213</other_name>
  </intervention>
  <intervention>
    <intervention_type>Procedure</intervention_type>
    <intervention_name>quality-of-life assessment</intervention_name>
    <description>Ancillary studies</description>
    <arm_group_label>Maintenance therapy group 1 arm I</arm_group_label>
    <arm_group_label>Maintenance therapy group 1 arm II</arm_group_label>
    <arm_group_label>Maintenance therapy group 2 arm I</arm_group_label>
    <arm_group_label>Maintenance therapy group 2 arm II</arm_group_label>
    <other_name>quality of life assessment</other_name>
    <other_name>assessed using the EORTC QLQ-C30 questionnaire</other_name>
  </intervention>
  <intervention>
    <intervention_type>Other</intervention_type>
    <intervention_name>questionnaire administration</intervention_name>
    <description>Ancillary studies</description>
    <arm_group_label>Maintenance therapy group 1 arm I</arm_group_label>
    <arm_group_label>Maintenance therapy group 1 arm II</arm_group_label>
    <arm_group_label>Maintenance therapy group 2 arm I</arm_group_label>
    <arm_group_label>Maintenance therapy group 2 arm II</arm_group_label>
  </intervention>
  <eligibility>
    <criteria>
      <textblock>
        Inclusion Criteria:

          -  Histologically confirmed high-grade osteosarcoma, including second malignancies

               -  Localized or metastatic disease

               -  The primary tumor must be located in the limbs or axial skeleton, including any
                  of the following sites*:

                    -  Long bone of upper limb

                    -  Short bone of upper limb

                    -  Long bone of lower limb

                    -  Short bone of lower limb

                    -  Vertebral column

                    -  Ribs, sternum, clavicle, or scapula

                    -  Pelvic bones, sacrum, or coccyx

          -  Tumor (primary, metastatic, or both) resectable OR is expected to become resectable
             after neoadjuvant induction chemotherapy

          -  Suitable for neoadjuvant chemotherapy

          -  Performance status - Lansky 50-100% (for patients under 16 years of age)

          -  Performance status - Karnofsky 50-100%*

          -  Performance status - WHO or ECOG 0-2*

          -  Platelet count ≥ 100,000/mm³

          -  Neutrophil count ≥ 1,500/mm³

          -  WBC ≥ 3,000/mm³

          -  Bilirubin ≤ 1.5 times upper limit of normal

          -  Creatinine clearance ≥ 70 mL/min

          -  Creatinine based on age as follows:

               -  No greater than 1.0 mg/dL (for patients 5 to 10 years of age)

               -  No greater than 1.2 mg/dL (for patients 11 to 15 years of age)

               -  No greater than 1.5 mg/dL (for patients over 15 years of age)

          -  Ejection fraction ≥ 50% by radionuclide angiogram

          -  Shortening fraction ≥ 28% by echocardiogram

          -  Not pregnant or nursing

          -  Negative pregnancy test

          -  Fertile patients must use effective contraception

          -  No known HIV positivity

          -  No prior chemotherapy for any disease

          -  Prior radiotherapy for another malignancy allowed

          -  No prior treatment for osteosarcoma
      </textblock>
    </criteria>
    <gender>Both</gender>
    <minimum_age>5 Years</minimum_age>
    <maximum_age>40 Years</maximum_age>
    <healthy_volunteers>No</healthy_volunteers>
  </eligibility>
  <overall_official>
    <last_name>Neyssa Marina, MD</last_name>
    <role>Principal Investigator</role>
    <affiliation>Children's Oncology Group</affiliation>
  </overall_official>
  <location>
    <facility>
      <name>University of Alabama at Birmingham</name>
      <address>
        <city>Birmingham</city>
        <state>Alabama</state>
        <zip>35294</zip>
        <country>United States</country>
      </address>
    </facility>
  </location>
  <location>
    <facility>
      <name>Phoenix Childrens Hospital</name>
      <address>
        <city>Phoenix</city>
        <state>Arizona</state>
        <zip>85016</zip>
        <country>United States</country>
      </address>
    </facility>
  </location>
  <location>
    <facility>
      <name>University of Arizona Health Sciences Center</name>
      <address>
        <city>Tucson</city>
        <state>Arizona</state>
        <zip>85724</zip>
        <country>United States</country>
      </address>
    </facility>
  </location>
  <location>
    <facility>
      <name>University of Arkansas for Medical Sciences</name>
      <address>
        <city>Little Rock</city>
        <state>Arkansas</state>
        <zip>72205</zip>
        <country>United States</country>
      </address>
    </facility>
  </location>
  <location>
    <facility>
      <name>Children's Oncology Group</name>
      <address>
        <city>Arcadia</city>
        <state>California</state>
        <zip>91006-3776</zip>
        <country>United States</country>
      </address>
    </facility>
  </location>
  <location>
    <facility>
      <name>Southern California Permanente Medical Group</name>
      <address>
        <city>Downey</city>
        <state>California</state>
        <zip>90242</zip>
        <country>United States</country>
      </address>
    </facility>
  </location>
  <location>
    <facility>
      <name>City of Hope Medical Center</name>
      <address>
        <city>Duarte</city>
        <state>California</state>
        <zip>91010</zip>
        <country>United States</country>
      </address>
    </facility>
  </location>
  <location>
    <facility>
      <name>Loma Linda University Medical Center</name>
      <address>
        <city>Loma Linda</city>
        <state>California</state>
        <zip>92354</zip>
        <country>United States</country>
      </address>
    </facility>
  </location>
  <location>
    <facility>
      <name>Miller Children's Hospital</name>
      <address>
        <city>Long Beach</city>
        <state>California</state>
        <zip>90806</zip>
        <country>United States</country>
      </address>
    </facility>
  </location>
  <location>
    <facility>
      <name>Cedars-Sinai Medical Center</name>
      <address>
        <city>Los Angeles</city>
        <state>California</state>
        <zip>90048</zip>
        <country>United States</country>
      </address>
    </facility>
  </location>
  <location>
    <facility>
      <name>Children's Hospital Los Angeles</name>
      <address>
        <city>Los Angeles</city>
        <state>California</state>
        <zip>90027</zip>
        <country>United States</country>
      </address>
    </facility>
  </location>
  <location>
    <facility>
      <name>David Geffen School of Medicine at UCLA</name>
      <address>
        <city>Los Angeles</city>
        <state>California</state>
        <zip>90095</zip>
        <country>United States</country>
      </address>
    </facility>
  </location>
  <location>
    <facility>
      <name>Children's Hospital Central California</name>
      <address>
        <city>Madera</city>
        <state>California</state>
        <zip>93636-8762</zip>
        <country>United States</country>
      </address>
    </facility>
  </location>
  <location>
    <facility>
      <name>Children's Hospital and Research Center at Oakland</name>
      <address>
        <city>Oakland</city>
        <state>California</state>
        <zip>94609-1809</zip>
        <country>United States</country>
      </address>
    </facility>
  </location>
  <location>
    <facility>
      <name>Kaiser Permanente-Oakland</name>
      <address>
        <city>Oakland</city>
        <state>California</state>
        <zip>94611</zip>
        <country>United States</country>
      </address>
    </facility>
  </location>
  <location>
    <facility>
      <name>Childrens Hospital of Orange County</name>
      <address>
        <city>Orange</city>
        <state>California</state>
        <zip>92868-3874</zip>
        <country>United States</country>
      </address>
    </facility>
  </location>
  <location>
    <facility>
      <name>Lucile Packard Children's Hospital Stanford University</name>
      <address>
        <city>Palo Alto</city>
        <state>California</state>
        <zip>94304</zip>
        <country>United States</country>
      </address>
    </facility>
  </location>
  <location>
    <facility>
      <name>UC Davis Comprehensive Cancer Center</name>
      <address>
        <city>Sacramento</city>
        <state>California</state>
        <zip>95817</zip>
        <country>United States</country>
      </address>
    </facility>
  </location>
  <location>
    <facility>
      <name>Rady Children's Hospital - San Diego</name>
      <address>
        <city>San Diego</city>
        <state>California</state>
        <zip>92123</zip>
        <country>United States</country>
      </address>
    </facility>
  </location>
  <location>
    <facility>
      <name>University of California San Francisco Medical Center-Parnassus</name>
      <address>
        <city>San Francisco</city>
        <state>California</state>
        <zip>94143</zip>
        <country>United States</country>
      </address>
    </facility>
  </location>
  <location>
    <facility>
      <name>Children's Hospital Colorado</name>
      <address>
        <city>Aurora</city>
        <state>Colorado</state>
        <zip>80045</zip>
        <country>United States</country>
      </address>
    </facility>
  </location>
  <location>
    <facility>
      <name>Connecticut Children's Medical Center</name>
      <address>
        <city>Hartford</city>
        <state>Connecticut</state>
        <zip>06106</zip>
        <country>United States</country>
      </address>
    </facility>
  </location>
  <location>
    <facility>
      <name>Yale University</name>
      <address>
        <city>New Haven</city>
        <state>Connecticut</state>
        <zip>06520-8032</zip>
        <country>United States</country>
      </address>
    </facility>
  </location>
  <location>
    <facility>
      <name>Alfred I duPont Hospital for Children</name>
      <address>
        <city>Wilmington</city>
        <state>Delaware</state>
        <zip>19803</zip>
        <country>United States</country>
      </address>
    </facility>
  </location>
  <location>
    <facility>
      <name>Children's National Medical Center</name>
      <address>
        <city>Washington</city>
        <state>District of Columbia</state>
        <zip>20010</zip>
        <country>United States</country>
      </address>
    </facility>
  </location>
  <location>
    <facility>
      <name>Lombardi Comprehensive Cancer Center at Georgetown University</name>
      <address>
        <city>Washington</city>
        <state>District of Columbia</state>
        <zip>20057</zip>
        <country>United States</country>
      </address>
    </facility>
  </location>
  <location>
    <facility>
      <name>Lee Memorial Health System</name>
      <address>
        <city>Fort Myers</city>
        <state>Florida</state>
        <zip>33901</zip>
        <country>United States</country>
      </address>
    </facility>
  </location>
  <location>
    <facility>
      <name>University of Florida</name>
      <address>
        <city>Gainesville</city>
        <state>Florida</state>
        <zip>32610</zip>
        <country>United States</country>
      </address>
    </facility>
  </location>
  <location>
    <facility>
      <name>Memorial Healthcare System - Joe DiMaggio Children's Hospital</name>
      <address>
        <city>Hollywood</city>
        <state>Florida</state>
        <zip>33021</zip>
        <country>United States</country>
      </address>
    </facility>
  </location>
  <location>
    <facility>
      <name>Nemours Children's Clinic - Jacksonville</name>
      <address>
        <city>Jacksonville</city>
        <state>Florida</state>
        <zip>32207-8426</zip>
        <country>United States</country>
      </address>
    </facility>
  </location>
  <location>
    <facility>
      <name>Baptist Hospital of Miami</name>
      <address>
        <city>Miami</city>
        <state>Florida</state>
        <zip>33176</zip>
        <country>United States</country>
      </address>
    </facility>
  </location>
  <location>
    <facility>
      <name>University of Miami Miller School of Medicine-Sylvester Cancer Center</name>
      <address>
        <city>Miami</city>
        <state>Florida</state>
        <zip>33136</zip>
        <country>United States</country>
      </address>
    </facility>
  </location>
  <location>
    <facility>
      <name>Florida Hospital</name>
      <address>
        <city>Orlando</city>
        <state>Florida</state>
        <zip>32803</zip>
        <country>United States</country>
      </address>
    </facility>
  </location>
  <location>
    <facility>
      <name>M D Anderson Cancer Center- Orlando</name>
      <address>
        <city>Orlando</city>
        <state>Florida</state>
        <zip>32806</zip>
        <country>United States</country>
      </address>
    </facility>
  </location>
  <location>
    <facility>
      <name>Nemours Childrens Clinic - Orlando</name>
      <address>
        <city>Orlando</city>
        <state>Florida</state>
        <zip>32806</zip>
        <country>United States</country>
      </address>
    </facility>
  </location>
  <location>
    <facility>
      <name>Nemours Children's Clinic - Pensacola</name>
      <address>
        <city>Pensacola</city>
        <state>Florida</state>
        <zip>32504</zip>
        <country>United States</country>
      </address>
    </facility>
  </location>
  <location>
    <facility>
      <name>All Children's Hospital</name>
      <address>
        <city>Saint Petersburg</city>
        <state>Florida</state>
        <zip>33701</zip>
        <country>United States</country>
      </address>
    </facility>
  </location>
  <location>
    <facility>
      <name>Saint Joseph Children's Hospital of Tampa</name>
      <address>
        <city>Tampa</city>
        <state>Florida</state>
        <zip>33607</zip>
        <country>United States</country>
      </address>
    </facility>
  </location>
  <location>
    <facility>
      <name>Children's Healthcare of Atlanta - Egleston</name>
      <address>
        <city>Atlanta</city>
        <state>Georgia</state>
        <zip>30322</zip>
        <country>United States</country>
      </address>
    </facility>
  </location>
  <location>
    <facility>
      <name>Georgia Regents University</name>
      <address>
        <city>Augusta</city>
        <state>Georgia</state>
        <zip>30912</zip>
        <country>United States</country>
      </address>
    </facility>
  </location>
  <location>
    <facility>
      <name>Memorial Health University Medical Center</name>
      <address>
        <city>Savannah</city>
        <state>Georgia</state>
        <zip>31403</zip>
        <country>United States</country>
      </address>
    </facility>
  </location>
  <location>
    <facility>
      <name>University of Hawaii</name>
      <address>
        <city>Honolulu</city>
        <state>Hawaii</state>
        <zip>96813</zip>
        <country>United States</country>
      </address>
    </facility>
  </location>
  <location>
    <facility>
      <name>Childrens Memorial Hospital</name>
      <address>
        <city>Chicago</city>
        <state>Illinois</state>
        <zip>60614</zip>
        <country>United States</country>
      </address>
    </facility>
  </location>
  <location>
    <facility>
      <name>University of Illinois</name>
      <address>
        <city>Chicago</city>
        <state>Illinois</state>
        <zip>60612</zip>
        <country>United States</country>
      </address>
    </facility>
  </location>
  <location>
    <facility>
      <name>Advocate Hope Children's Hospital</name>
      <address>
        <city>Oak Lawn</city>
        <state>Illinois</state>
        <zip>60453</zip>
        <country>United States</country>
      </address>
    </facility>
  </location>
  <location>
    <facility>
      <name>Saint Jude Midwest Affiliate</name>
      <address>
        <city>Peoria</city>
        <state>Illinois</state>
        <zip>61602</zip>
        <country>United States</country>
      </address>
    </facility>
  </location>
  <location>
    <facility>
      <name>Southern Illinois University</name>
      <address>
        <city>Springfield</city>
        <state>Illinois</state>
        <zip>62702</zip>
        <country>United States</country>
      </address>
    </facility>
  </location>
  <location>
    <facility>
      <name>Indiana University Medical Center</name>
      <address>
        <city>Indianapolis</city>
        <state>Indiana</state>
        <zip>46202</zip>
        <country>United States</country>
      </address>
    </facility>
  </location>
  <location>
    <facility>
      <name>Saint Vincent Hospital and Health Services</name>
      <address>
        <city>Indianapolis</city>
        <state>Indiana</state>
        <zip>46260</zip>
        <country>United States</country>
      </address>
    </facility>
  </location>
  <location>
    <facility>
      <name>Raymond Blank Children's Hospital</name>
      <address>
        <city>Des Moines</city>
        <state>Iowa</state>
        <zip>50309</zip>
        <country>United States</country>
      </address>
    </facility>
  </location>
  <location>
    <facility>
      <name>University of Iowa Hospitals and Clinics</name>
      <address>
        <city>Iowa City</city>
        <state>Iowa</state>
        <zip>52242</zip>
        <country>United States</country>
      </address>
    </facility>
  </location>
  <location>
    <facility>
      <name>University of Kentucky</name>
      <address>
        <city>Lexington</city>
        <state>Kentucky</state>
        <zip>40536</zip>
        <country>United States</country>
      </address>
    </facility>
  </location>
  <location>
    <facility>
      <name>Kosair Children's Hospital</name>
      <address>
        <city>Louisville</city>
        <state>Kentucky</state>
        <zip>40202</zip>
        <country>United States</country>
      </address>
    </facility>
  </location>
  <location>
    <facility>
      <name>Children's Hospital-Main Campus</name>
      <address>
        <city>New Orleans</city>
        <state>Louisiana</state>
        <zip>70118</zip>
        <country>United States</country>
      </address>
    </facility>
  </location>
  <location>
    <facility>
      <name>Tulane University Health Sciences Center</name>
      <address>
        <city>New Orleans</city>
        <state>Louisiana</state>
        <zip>70112</zip>
        <country>United States</country>
      </address>
    </facility>
  </location>
  <location>
    <facility>
      <name>Eastern Maine Medical Center</name>
      <address>
        <city>Bangor</city>
        <state>Maine</state>
        <zip>04401</zip>
        <country>United States</country>
      </address>
    </facility>
  </location>
  <location>
    <facility>
      <name>Maine Children's Cancer Program</name>
      <address>
        <city>Scarborough</city>
        <state>Maine</state>
        <zip>04074</zip>
        <country>United States</country>
      </address>
    </facility>
  </location>
  <location>
    <facility>
      <name>Johns Hopkins University</name>
      <address>
        <city>Baltimore</city>
        <state>Maryland</state>
        <zip>21287-8936</zip>
        <country>United States</country>
      </address>
    </facility>
  </location>
  <location>
    <facility>
      <name>Sinai Hospital of Baltimore</name>
      <address>
        <city>Baltimore</city>
        <state>Maryland</state>
        <zip>21215</zip>
        <country>United States</country>
      </address>
    </facility>
  </location>
  <location>
    <facility>
      <name>Dana-Farber Cancer Institute</name>
      <address>
        <city>Boston</city>
        <state>Massachusetts</state>
        <zip>02115</zip>
        <country>United States</country>
      </address>
    </facility>
  </location>
  <location>
    <facility>
      <name>Massachusetts General Hospital Cancer Center</name>
      <address>
        <city>Boston</city>
        <state>Massachusetts</state>
        <zip>02114</zip>
        <country>United States</country>
      </address>
    </facility>
  </location>
  <location>
    <facility>
      <name>University of Massachusetts Medical School</name>
      <address>
        <city>Worcester</city>
        <state>Massachusetts</state>
        <zip>01655</zip>
        <country>United States</country>
      </address>
    </facility>
  </location>
  <location>
    <facility>
      <name>C S Mott Children's Hospital</name>
      <address>
        <city>Ann Arbor</city>
        <state>Michigan</state>
        <zip>48109</zip>
        <country>United States</country>
      </address>
    </facility>
  </location>
  <location>
    <facility>
      <name>Wayne State University</name>
      <address>
        <city>Detroit</city>
        <state>Michigan</state>
        <zip>48202</zip>
        <country>United States</country>
      </address>
    </facility>
  </location>
  <location>
    <facility>
      <name>Hurley Medical Center</name>
      <address>
        <city>Flint</city>
        <state>Michigan</state>
        <zip>48502</zip>
        <country>United States</country>
      </address>
    </facility>
  </location>
  <location>
    <facility>
      <name>Helen DeVos Children's Hospital at Spectrum Health</name>
      <address>
        <city>Grand Rapids</city>
        <state>Michigan</state>
        <zip>49503</zip>
        <country>United States</country>
      </address>
    </facility>
  </location>
  <location>
    <facility>
      <name>Kalamazoo Center for Medical Studies</name>
      <address>
        <city>Kalamazoo</city>
        <state>Michigan</state>
        <zip>49008</zip>
        <country>United States</country>
      </address>
    </facility>
  </location>
  <location>
    <facility>
      <name>Michigan State University - Breslin Cancer Center</name>
      <address>
        <city>Lansing</city>
        <state>Michigan</state>
        <zip>48910</zip>
        <country>United States</country>
      </address>
    </facility>
  </location>
  <location>
    <facility>
      <name>William Beaumont Hospital</name>
      <address>
        <city>Royal Oak</city>
        <state>Michigan</state>
        <zip>48073</zip>
        <country>United States</country>
      </address>
    </facility>
  </location>
  <location>
    <facility>
      <name>Children's Hospitals and Clinics of Minnesota - Minneapolis</name>
      <address>
        <city>Minneapolis</city>
        <state>Minnesota</state>
        <zip>55404</zip>
        <country>United States</country>
      </address>
    </facility>
  </location>
  <location>
    <facility>
      <name>University of Minnesota Medical Center-Fairview</name>
      <address>
        <city>Minneapolis</city>
        <state>Minnesota</state>
        <zip>55455</zip>
        <country>United States</country>
      </address>
    </facility>
  </location>
  <location>
    <facility>
      <name>Mayo Clinic</name>
      <address>
        <city>Rochester</city>
        <state>Minnesota</state>
        <zip>55905</zip>
        <country>United States</country>
      </address>
    </facility>
  </location>
  <location>
    <facility>
      <name>University of Mississippi Medical Center</name>
      <address>
        <city>Jackson</city>
        <state>Mississippi</state>
        <zip>39216</zip>
        <country>United States</country>
      </address>
    </facility>
  </location>
  <location>
    <facility>
      <name>The Childrens Mercy Hospital</name>
      <address>
        <city>Kansas City</city>
        <state>Missouri</state>
        <zip>64108</zip>
        <country>United States</country>
      </address>
    </facility>
  </location>
  <location>
    <facility>
      <name>Cardinal Glennon Children's Medical Center</name>
      <address>
        <city>Saint Louis</city>
        <state>Missouri</state>
        <zip>63104</zip>
        <country>United States</country>
      </address>
    </facility>
  </location>
  <location>
    <facility>
      <name>Washington University School of Medicine</name>
      <address>
        <city>Saint Louis</city>
        <state>Missouri</state>
        <zip>63110</zip>
        <country>United States</country>
      </address>
    </facility>
  </location>
  <location>
    <facility>
      <name>Children's Hospital and Medical Center of Omaha</name>
      <address>
        <city>Omaha</city>
        <state>Nebraska</state>
        <zip>68114</zip>
        <country>United States</country>
      </address>
    </facility>
  </location>
  <location>
    <facility>
      <name>University of Nebraska Medical Center</name>
      <address>
        <city>Omaha</city>
        <state>Nebraska</state>
        <zip>68198</zip>
        <country>United States</country>
      </address>
    </facility>
  </location>
  <location>
    <facility>
      <name>Nevada Cancer Research Foundation CCOP</name>
      <address>
        <city>Las Vegas</city>
        <state>Nevada</state>
        <zip>89106</zip>
        <country>United States</country>
      </address>
    </facility>
  </location>
  <location>
    <facility>
      <name>Hackensack University Medical Center</name>
      <address>
        <city>Hackensack</city>
        <state>New Jersey</state>
        <zip>07601</zip>
        <country>United States</country>
      </address>
    </facility>
  </location>
  <location>
    <facility>
      <name>Saint Peter's University Hospital</name>
      <address>
        <city>New Brunswick</city>
        <state>New Jersey</state>
        <zip>08901</zip>
        <country>United States</country>
      </address>
    </facility>
  </location>
  <location>
    <facility>
      <name>UMDNJ - Robert Wood Johnson University Hospital</name>
      <address>
        <city>New Brunswick</city>
        <state>New Jersey</state>
        <zip>08903</zip>
        <country>United States</country>
      </address>
    </facility>
  </location>
  <location>
    <facility>
      <name>Newark Beth Israel Medical Center</name>
      <address>
        <city>Newark</city>
        <state>New Jersey</state>
        <zip>07112</zip>
        <country>United States</country>
      </address>
    </facility>
  </location>
  <location>
    <facility>
      <name>Saint Joseph's Regional Medical Center</name>
      <address>
        <city>Paterson</city>
        <state>New Jersey</state>
        <zip>07503</zip>
        <country>United States</country>
      </address>
    </facility>
  </location>
  <location>
    <facility>
      <name>Overlook Hospital</name>
      <address>
        <city>Summit</city>
        <state>New Jersey</state>
        <zip>07902</zip>
        <country>United States</country>
      </address>
    </facility>
  </location>
  <location>
    <facility>
      <name>University of New Mexico Cancer Center</name>
      <address>
        <city>Albuquerque</city>
        <state>New Mexico</state>
        <zip>87106</zip>
        <country>United States</country>
      </address>
    </facility>
  </location>
  <location>
    <facility>
      <name>Albany Medical Center</name>
      <address>
        <city>Albany</city>
        <state>New York</state>
        <zip>12208</zip>
        <country>United States</country>
      </address>
    </facility>
  </location>
  <location>
    <facility>
      <name>Montefiore Medical Center</name>
      <address>
        <city>Bronx</city>
        <state>New York</state>
        <zip>10467-2490</zip>
        <country>United States</country>
      </address>
    </facility>
  </location>
  <location>
    <facility>
      <name>Brooklyn Hospital Center</name>
      <address>
        <city>Brooklyn</city>
        <state>New York</state>
        <zip>11201</zip>
        <country>United States</country>
      </address>
    </facility>
  </location>
  <location>
    <facility>
      <name>Roswell Park Cancer Institute</name>
      <address>
        <city>Buffalo</city>
        <state>New York</state>
        <zip>14263</zip>
        <country>United States</country>
      </address>
    </facility>
  </location>
  <location>
    <facility>
      <name>The Steven and Alexandra Cohen Children's Medical Center of New York</name>
      <address>
        <city>New Hyde Park</city>
        <state>New York</state>
        <zip>11040</zip>
        <country>United States</country>
      </address>
    </facility>
  </location>
  <location>
    <facility>
      <name>Columbia University Medical Center</name>
      <address>
        <city>New York</city>
        <state>New York</state>
        <zip>10032</zip>
        <country>United States</country>
      </address>
    </facility>
  </location>
  <location>
    <facility>
      <name>Mount Sinai Medical Center</name>
      <address>
        <city>New York</city>
        <state>New York</state>
        <zip>10029</zip>
        <country>United States</country>
      </address>
    </facility>
  </location>
  <location>
    <facility>
      <name>New York University Langone Medical Center</name>
      <address>
        <city>New York</city>
        <state>New York</state>
        <zip>10016</zip>
        <country>United States</country>
      </address>
    </facility>
  </location>
  <location>
    <facility>
      <name>University of Rochester</name>
      <address>
        <city>Rochester</city>
        <state>New York</state>
        <zip>14642</zip>
        <country>United States</country>
      </address>
    </facility>
  </location>
  <location>
    <facility>
      <name>State University of New York Upstate Medical University</name>
      <address>
        <city>Syracuse</city>
        <state>New York</state>
        <zip>13210</zip>
        <country>United States</country>
      </address>
    </facility>
  </location>
  <location>
    <facility>
      <name>New York Medical College</name>
      <address>
        <city>Valhalla</city>
        <state>New York</state>
        <zip>10595</zip>
        <country>United States</country>
      </address>
    </facility>
  </location>
  <location>
    <facility>
      <name>Mission Hospitals Inc</name>
      <address>
        <city>Asheville</city>
        <state>North Carolina</state>
        <zip>28801</zip>
        <country>United States</country>
      </address>
    </facility>
  </location>
  <location>
    <facility>
      <name>University of North Carolina</name>
      <address>
        <city>Chapel Hill</city>
        <state>North Carolina</state>
        <zip>27599</zip>
        <country>United States</country>
      </address>
    </facility>
  </location>
  <location>
    <facility>
      <name>Carolinas Medical Center</name>
      <address>
        <city>Charlotte</city>
        <state>North Carolina</state>
        <zip>28203</zip>
        <country>United States</country>
      </address>
    </facility>
  </location>
  <location>
    <facility>
      <name>Presbyterian Hospital</name>
      <address>
        <city>Charlotte</city>
        <state>North Carolina</state>
        <zip>28204</zip>
        <country>United States</country>
      </address>
    </facility>
  </location>
  <location>
    <facility>
      <name>Duke University Medical Center</name>
      <address>
        <city>Durham</city>
        <state>North Carolina</state>
        <zip>27710</zip>
        <country>United States</country>
      </address>
    </facility>
  </location>
  <location>
    <facility>
      <name>East Carolina University</name>
      <address>
        <city>Greenville</city>
        <state>North Carolina</state>
        <zip>27858</zip>
        <country>United States</country>
      </address>
    </facility>
  </location>
  <location>
    <facility>
      <name>Wake Forest University Health Sciences</name>
      <address>
        <city>Winston-Salem</city>
        <state>North Carolina</state>
        <zip>27157</zip>
        <country>United States</country>
      </address>
    </facility>
  </location>
  <location>
    <facility>
      <name>Sanford Medical Center-Fargo</name>
      <address>
        <city>Fargo</city>
        <state>North Dakota</state>
        <zip>58122</zip>
        <country>United States</country>
      </address>
    </facility>
  </location>
  <location>
    <facility>
      <name>Children's Hospital Medical Center of Akron</name>
      <address>
        <city>Akron</city>
        <state>Ohio</state>
        <zip>44308</zip>
        <country>United States</country>
      </address>
    </facility>
  </location>
  <location>
    <facility>
      <name>Cincinnati Children's Hospital Medical Center</name>
      <address>
        <city>Cincinnati</city>
        <state>Ohio</state>
        <zip>45229</zip>
        <country>United States</country>
      </address>
    </facility>
  </location>
  <location>
    <facility>
      <name>Cleveland Clinic Foundation</name>
      <address>
        <city>Cleveland</city>
        <state>Ohio</state>
        <zip>44195</zip>
        <country>United States</country>
      </address>
    </facility>
  </location>
  <location>
    <facility>
      <name>Rainbow Babies and Childrens Hospital</name>
      <address>
        <city>Cleveland</city>
        <state>Ohio</state>
        <zip>44106</zip>
        <country>United States</country>
      </address>
    </facility>
  </location>
  <location>
    <facility>
      <name>Nationwide Children's Hospital</name>
      <address>
        <city>Columbus</city>
        <state>Ohio</state>
        <zip>43205</zip>
        <country>United States</country>
      </address>
    </facility>
  </location>
  <location>
    <facility>
      <name>The Children's Medical Center of Dayton</name>
      <address>
        <city>Dayton</city>
        <state>Ohio</state>
        <zip>45404</zip>
        <country>United States</country>
      </address>
    </facility>
  </location>
  <location>
    <facility>
      <name>University of Oklahoma Health Sciences Center</name>
      <address>
        <city>Oklahoma City</city>
        <state>Oklahoma</state>
        <zip>73104</zip>
        <country>United States</country>
      </address>
    </facility>
  </location>
  <location>
    <facility>
      <name>Legacy Emanuel Hospital and Health Center</name>
      <address>
        <city>Portland</city>
        <state>Oregon</state>
        <zip>97227</zip>
        <country>United States</country>
      </address>
    </facility>
  </location>
  <location>
    <facility>
      <name>Oregon Health and Science University</name>
      <address>
        <city>Portland</city>
        <state>Oregon</state>
        <zip>97239</zip>
        <country>United States</country>
      </address>
    </facility>
  </location>
  <location>
    <facility>
      <name>Geisinger Medical Center</name>
      <address>
        <city>Danville</city>
        <state>Pennsylvania</state>
        <zip>17822-2001</zip>
        <country>United States</country>
      </address>
    </facility>
  </location>
  <location>
    <facility>
      <name>Penn State Hershey Children's Hospital</name>
      <address>
        <city>Hershey</city>
        <state>Pennsylvania</state>
        <zip>17033</zip>
        <country>United States</country>
      </address>
    </facility>
  </location>
  <location>
    <facility>
      <name>Children's Hospital of Philadelphia</name>
      <address>
        <city>Philadelphia</city>
        <state>Pennsylvania</state>
        <zip>19104</zip>
        <country>United States</country>
      </address>
    </facility>
  </location>
  <location>
    <facility>
      <name>Saint Christopher's Hospital for Children</name>
      <address>
        <city>Philadelphia</city>
        <state>Pennsylvania</state>
        <zip>19134</zip>
        <country>United States</country>
      </address>
    </facility>
  </location>
  <location>
    <facility>
      <name>Children's Hospital of Pittsburgh of UPMC</name>
      <address>
        <city>Pittsburgh</city>
        <state>Pennsylvania</state>
        <zip>15224</zip>
        <country>United States</country>
      </address>
    </facility>
  </location>
  <location>
    <facility>
      <name>Medical University of South Carolina</name>
      <address>
        <city>Charleston</city>
        <state>South Carolina</state>
        <zip>29425</zip>
        <country>United States</country>
      </address>
    </facility>
  </location>
  <location>
    <facility>
      <name>Palmetto Health Richland</name>
      <address>
        <city>Columbia</city>
        <state>South Carolina</state>
        <zip>29203</zip>
        <country>United States</country>
      </address>
    </facility>
  </location>
  <location>
    <facility>
      <name>Greenville Cancer Treatment Center</name>
      <address>
        <city>Greenville</city>
        <state>South Carolina</state>
        <zip>29605</zip>
        <country>United States</country>
      </address>
    </facility>
  </location>
  <location>
    <facility>
      <name>Sanford USD Medical Center - Sioux Falls</name>
      <address>
        <city>Sioux Falls</city>
        <state>South Dakota</state>
        <zip>57117-5134</zip>
        <country>United States</country>
      </address>
    </facility>
  </location>
  <location>
    <facility>
      <name>T C Thompson Children's Hospital</name>
      <address>
        <city>Chattanooga</city>
        <state>Tennessee</state>
        <zip>37403</zip>
        <country>United States</country>
      </address>
    </facility>
  </location>
  <location>
    <facility>
      <name>East Tennessee Childrens Hospital</name>
      <address>
        <city>Knoxville</city>
        <state>Tennessee</state>
        <zip>37916</zip>
        <country>United States</country>
      </address>
    </facility>
  </location>
  <location>
    <facility>
      <name>Vanderbilt-Ingram Cancer Center</name>
      <address>
        <city>Nashville</city>
        <state>Tennessee</state>
        <zip>37232</zip>
        <country>United States</country>
      </address>
    </facility>
  </location>
  <location>
    <facility>
      <name>Texas Tech University Health Science Center-Amarillo</name>
      <address>
        <city>Amarillo</city>
        <state>Texas</state>
        <zip>79106</zip>
        <country>United States</country>
      </address>
    </facility>
  </location>
  <location>
    <facility>
      <name>Driscoll Children's Hospital</name>
      <address>
        <city>Corpus Christi</city>
        <state>Texas</state>
        <zip>78411</zip>
        <country>United States</country>
      </address>
    </facility>
  </location>
  <location>
    <facility>
      <name>Medical City Dallas Hospital</name>
      <address>
        <city>Dallas</city>
        <state>Texas</state>
        <zip>75230</zip>
        <country>United States</country>
      </address>
    </facility>
  </location>
  <location>
    <facility>
      <name>University of Texas Southwestern Medical Center</name>
      <address>
        <city>Dallas</city>
        <state>Texas</state>
        <zip>75390</zip>
        <country>United States</country>
      </address>
    </facility>
  </location>
  <location>
    <facility>
      <name>Cook Children's Medical Center</name>
      <address>
        <city>Fort Worth</city>
        <state>Texas</state>
        <zip>76104</zip>
        <country>United States</country>
      </address>
    </facility>
  </location>
  <location>
    <facility>
      <name>Baylor College of Medicine</name>
      <address>
        <city>Houston</city>
        <state>Texas</state>
        <zip>77030</zip>
        <country>United States</country>
      </address>
    </facility>
  </location>
  <location>
    <facility>
      <name>M D Anderson Cancer Center</name>
      <address>
        <city>Houston</city>
        <state>Texas</state>
        <zip>77030</zip>
        <country>United States</country>
      </address>
    </facility>
  </location>
  <location>
    <facility>
      <name>Methodist Children's Hospital of South Texas</name>
      <address>
        <city>San Antonio</city>
        <state>Texas</state>
        <zip>78229</zip>
        <country>United States</country>
      </address>
    </facility>
  </location>
  <location>
    <facility>
      <name>University of Texas Health Science Center at San Antonio</name>
      <address>
        <city>San Antonio</city>
        <state>Texas</state>
        <zip>78229-3900</zip>
        <country>United States</country>
      </address>
    </facility>
  </location>
  <location>
    <facility>
      <name>Scott and White Memorial Hospital</name>
      <address>
        <city>Temple</city>
        <state>Texas</state>
        <zip>76508</zip>
        <country>United States</country>
      </address>
    </facility>
  </location>
  <location>
    <facility>
      <name>Primary Children's Medical Center</name>
      <address>
        <city>Salt Lake City</city>
        <state>Utah</state>
        <zip>84113</zip>
        <country>United States</country>
      </address>
    </facility>
  </location>
  <location>
    <facility>
      <name>University of Vermont</name>
      <address>
        <city>Burlington</city>
        <state>Vermont</state>
        <zip>05401</zip>
        <country>United States</country>
      </address>
    </facility>
  </location>
  <location>
    <facility>
      <name>University of Virginia</name>
      <address>
        <city>Charlottesville</city>
        <state>Virginia</state>
        <zip>22908</zip>
        <country>United States</country>
      </address>
    </facility>
  </location>
  <location>
    <facility>
      <name>Inova Fairfax Hospital</name>
      <address>
        <city>Falls Church</city>
        <state>Virginia</state>
        <zip>22042</zip>
        <country>United States</country>
      </address>
    </facility>
  </location>
  <location>
    <facility>
      <name>Childrens Hospital-King's Daughters</name>
      <address>
        <city>Norfolk</city>
        <state>Virginia</state>
        <zip>23507</zip>
        <country>United States</country>
      </address>
    </facility>
  </location>
  <location>
    <facility>
      <name>Virginia Commonwealth University</name>
      <address>
        <city>Richmond</city>
        <state>Virginia</state>
        <zip>23298</zip>
        <country>United States</country>
      </address>
    </facility>
  </location>
  <location>
    <facility>
      <name>Carilion Clinic Children's Hospital</name>
      <address>
        <city>Roanoke</city>
        <state>Virginia</state>
        <zip>24014</zip>
        <country>United States</country>
      </address>
    </facility>
  </location>
  <location>
    <facility>
      <name>Seattle Children's Hospital</name>
      <address>
        <city>Seattle</city>
        <state>Washington</state>
        <zip>98105</zip>
        <country>United States</country>
      </address>
    </facility>
  </location>
  <location>
    <facility>
      <name>Providence Sacred Heart Medical Center and Children's Hospital</name>
      <address>
        <city>Spokane</city>
        <state>Washington</state>
        <zip>99204</zip>
        <country>United States</country>
      </address>
    </facility>
  </location>
  <location>
    <facility>
      <name>Mary Bridge Children's Hospital and Health Center</name>
      <address>
        <city>Tacoma</city>
        <state>Washington</state>
        <zip>98405</zip>
        <country>United States</country>
      </address>
    </facility>
  </location>
  <location>
    <facility>
      <name>Saint Vincent Hospital</name>
      <address>
        <city>Green Bay</city>
        <state>Wisconsin</state>
        <zip>54301</zip>
        <country>United States</country>
      </address>
    </facility>
  </location>
  <location>
    <facility>
      <name>University of Wisconsin Hospital and Clinics</name>
      <address>
        <city>Madison</city>
        <state>Wisconsin</state>
        <zip>53792</zip>
        <country>United States</country>
      </address>
    </facility>
  </location>
  <location>
    <facility>
      <name>Marshfield Clinic</name>
      <address>
        <city>Marshfield</city>
        <state>Wisconsin</state>
        <zip>54449</zip>
        <country>United States</country>
      </address>
    </facility>
  </location>
  <location>
    <facility>
      <name>Midwest Children's Cancer Center</name>
      <address>
        <city>Milwaukee</city>
        <state>Wisconsin</state>
        <zip>53226</zip>
        <country>United States</country>
      </address>
    </facility>
  </location>
  <location>
    <facility>
      <name>The Children's Hospital at Westmead</name>
      <address>
        <city>Sydney</city>
        <state>New South Wales</state>
        <zip>2145</zip>
        <country>Australia</country>
      </address>
    </facility>
  </location>
  <location>
    <facility>
      <name>Royal Brisbane and Women's Hospital</name>
      <address>
        <city>Herston</city>
        <state>Queensland</state>
        <zip>4029</zip>
        <country>Australia</country>
      </address>
    </facility>
  </location>
  <location>
    <facility>
      <name>Women's and Children's Hospital-Adelaide</name>
      <address>
        <city>North Adelaide</city>
        <state>South Australia</state>
        <zip>5006</zip>
        <country>Australia</country>
      </address>
    </facility>
  </location>
  <location>
    <facility>
      <name>Royal Children's Hospital</name>
      <address>
        <city>Parkville</city>
        <state>Victoria</state>
        <zip>3052</zip>
        <country>Australia</country>
      </address>
    </facility>
  </location>
  <location>
    <facility>
      <name>Princess Margaret Hospital for Children</name>
      <address>
        <city>Perth</city>
        <state>Western Australia</state>
        <zip>6008</zip>
        <country>Australia</country>
      </address>
    </facility>
  </location>
  <location>
    <facility>
      <name>Alberta Children's Hospital</name>
      <address>
        <city>Calgary</city>
        <state>Alberta</state>
        <zip>T3B 6A8</zip>
        <country>Canada</country>
      </address>
    </facility>
  </location>
  <location>
    <facility>
      <name>University of Alberta Hospital</name>
      <address>
        <city>Edmonton</city>
        <state>Alberta</state>
        <zip>T6G 2B7</zip>
        <country>Canada</country>
      </address>
    </facility>
  </location>
  <location>
    <facility>
      <name>British Columbia Children's Hospital</name>
      <address>
        <city>Vancouver</city>
        <state>British Columbia</state>
        <zip>V6H 3V4</zip>
        <country>Canada</country>
      </address>
    </facility>
  </location>
  <location>
    <facility>
      <name>CancerCare Manitoba</name>
      <address>
        <city>Winnipeg</city>
        <state>Manitoba</state>
        <zip>R3E 0V9</zip>
        <country>Canada</country>
      </address>
    </facility>
  </location>
  <location>
    <facility>
      <name>Janeway Child Health Centre</name>
      <address>
        <city>Saint John's</city>
        <state>Newfoundland and Labrador</state>
        <zip>A1B 3V6</zip>
        <country>Canada</country>
      </address>
    </facility>
  </location>
  <location>
    <facility>
      <name>IWK Health Centre</name>
      <address>
        <city>Halifax</city>
        <state>Nova Scotia</state>
        <zip>B3J 3G9</zip>
        <country>Canada</country>
      </address>
    </facility>
  </location>
  <location>
    <facility>
      <name>Chedoke-McMaster Hospitals</name>
      <address>
        <city>Hamilton</city>
        <state>Ontario</state>
        <zip>L8S 4L8</zip>
        <country>Canada</country>
      </address>
    </facility>
  </location>
  <location>
    <facility>
      <name>Cancer Centre of Southeastern Ontario at Kingston General Hospital</name>
      <address>
        <city>Kingston</city>
        <state>Ontario</state>
        <zip>K7L 5P9</zip>
        <country>Canada</country>
      </address>
    </facility>
  </location>
  <location>
    <facility>
      <name>Children's Hospital</name>
      <address>
        <city>London</city>
        <state>Ontario</state>
        <zip>N6A 5W9</zip>
        <country>Canada</country>
      </address>
    </facility>
  </location>
  <location>
    <facility>
      <name>Children's Hospital of Eastern Ontario</name>
      <address>
        <city>Ottawa</city>
        <state>Ontario</state>
        <zip>K1H 8L1</zip>
        <country>Canada</country>
      </address>
    </facility>
  </location>
  <location>
    <facility>
      <name>Hospital for Sick Children</name>
      <address>
        <city>Toronto</city>
        <state>Ontario</state>
        <zip>M5G 1X8</zip>
        <country>Canada</country>
      </address>
    </facility>
  </location>
  <location>
    <facility>
      <name>Hospital Sainte-Justine</name>
      <address>
        <city>Montreal</city>
        <state>Quebec</state>
        <zip>H3T 1C5</zip>
        <country>Canada</country>
      </address>
    </facility>
  </location>
  <location>
    <facility>
      <name>Centre Hospitalier Universitaire de Quebec</name>
      <address>
        <city>Ste-Foy</city>
        <state>Quebec</state>
        <zip>G1V 4G2</zip>
        <country>Canada</country>
      </address>
    </facility>
  </location>
  <location>
    <facility>
      <name>Saskatoon Cancer Centre</name>
      <address>
        <city>Saskatoon</city>
        <state>Saskatchewan</state>
        <zip>S7N 4H4</zip>
        <country>Canada</country>
      </address>
    </facility>
  </location>
  <location>
    <facility>
      <name>Starship Children's Hospital</name>
      <address>
        <city>Grafton</city>
        <state>Auckland</state>
        <zip>1145</zip>
        <country>New Zealand</country>
      </address>
    </facility>
  </location>
  <location>
    <facility>
      <name>Christchurch Hospital</name>
      <address>
        <city>Christchurch</city>
        <zip>8011</zip>
        <country>New Zealand</country>
      </address>
    </facility>
  </location>
  <location>
    <facility>
      <name>San Jorge Children's Hospital</name>
      <address>
        <city>Santurce</city>
        <zip>00912</zip>
        <country>Puerto Rico</country>
      </address>
    </facility>
  </location>
  <location>
    <facility>
      <name>Swiss Pediatric Oncology Group - Bern</name>
      <address>
        <city>Bern</city>
        <zip>3010</zip>
        <country>Switzerland</country>
      </address>
    </facility>
  </location>
  <location>
    <facility>
      <name>Swiss Pediatric Oncology Group - Geneva</name>
      <address>
        <city>Geneva</city>
        <zip>1205</zip>
        <country>Switzerland</country>
      </address>
    </facility>
  </location>
  <location>
    <facility>
      <name>Swiss Pediatric Oncology Group - Lausanne</name>
      <address>
        <city>Lausanne</city>
        <zip>1011</zip>
        <country>Switzerland</country>
      </address>
    </facility>
  </location>
  <location_countries>
    <country>Australia</country>
    <country>Canada</country>
    <country>New Zealand</country>
    <country>Puerto Rico</country>
    <country>Switzerland</country>
    <country>United States</country>
  </location_countries>
  <removed_countries>
    <country>Germany</country>
    <country>Norway</country>
    <country>United Kingdom</country>
  </removed_countries>
  <verification_date>August 2015</verification_date>
  <lastchanged_date>August 20, 2015</lastchanged_date>
  <firstreceived_date>August 22, 2005</firstreceived_date>
  <responsible_party>
    <responsible_party_type>Sponsor</responsible_party_type>
  </responsible_party>
  <is_fda_regulated>Yes</is_fda_regulated>
  <is_section_801>Yes</is_section_801>
  <has_expanded_access>No</has_expanded_access>
  <condition_browse>
    <!-- CAUTION:  The following MeSH terms are assigned with an imperfect algorithm  -->
    <mesh_term>Osteosarcoma</mesh_term>
  </condition_browse>
  <intervention_browse>
    <!-- CAUTION:  The following MeSH terms are assigned with an imperfect algorithm  -->
    <mesh_term>Cisplatin</mesh_term>
    <mesh_term>Doxorubicin</mesh_term>
    <mesh_term>Ifosfamide</mesh_term>
    <mesh_term>Interferon-alpha</mesh_term>
    <mesh_term>Interferons</mesh_term>
    <mesh_term>Liposomal doxorubicin</mesh_term>
    <mesh_term>Methotrexate</mesh_term>
    <mesh_term>Peginterferon alfa-2b</mesh_term>
  </intervention_browse>
  <!-- Results have not yet been posted for this study                                -->
</clinical_study>
