<?xml version="1.0" encoding="UTF-8"?>
<clinical_study rank="42">
  <!-- This xml conforms to an XML Schema at:
    https://clinicaltrials.gov/ct2/html/images/info/public.xsd
 and an XML DTD at:
    https://clinicaltrials.gov/ct2/html/images/info/public.dtd -->
  <required_header>
    <download_date>ClinicalTrials.gov processed this data on December 13, 2015</download_date>
    <link_text>Link to the current ClinicalTrials.gov record.</link_text>
    <url>https://clinicaltrials.gov/show/NCT00394277</url>
  </required_header>
  <id_info>
    <org_study_id>NV18210</org_study_id>
    <nct_id>NCT00394277</nct_id>
  </id_info>
  <brief_title>A Study of Induction Dosing With PEGASYS (Peginterferon Alfa-2a [40KD]) Plus Copegus in Treatment-Naive Patients With Chronic Hepatitis C</brief_title>
  <official_title>Randomized, Multicenter, Double-blinded, Phase IV Study Evaluating the Efficacy (as Measured by Sustained Virological Response) and Safety of 360 μg Induction Dosing of Pegasys® in Combination With Higher Copegus® Doses in Treatment-naïve Patients With Chronic Hepatitis C Genotype 1 Virus Infection of High Viral Titer and Baseline Body Weight Greater Than or Equal to 85 kg</official_title>
  <sponsors>
    <lead_sponsor>
      <agency>Hoffmann-La Roche</agency>
      <agency_class>Industry</agency_class>
    </lead_sponsor>
  </sponsors>
  <source>Hoffmann-La Roche</source>
  <oversight_info>
    <authority>United States: Food and Drug Administration</authority>
  </oversight_info>
  <brief_summary>
    <textblock>
      This 4-arm study will compare the efficacy and safety of PEGASYS induction and maintenance
      dosing, versus standard fixed dosing in combination with Copegus, and the efficacy and
      safety of higher dose versus standard dose Copegus in combination with PEGASYS. Patients
      with chronic hepatitis C (CHC) genotype 1 infection of high viral titer, and baseline body
      weight ≥85 kg, will be randomized to one of 4 groups, to receive one of the following: a)
      PEGASYS 180 µg subcutaneously (sc) weekly plus Copegus 1200 mg orally (po) daily; b) PEGASYS
      180 µg sc weekly plus Copegus 1400-1600 mg po daily; c)PEGASYS 360 µg sc weekly (induction)
      followed by 180 µg sc weekly (maintenance) plus Copegus 1200 mg po daily; or d) PEGASYS 360
      µg sc weekly (induction) followed by 180 µg sc weekly (maintenance) plus Copegus 1400-1600
      mg po daily. Following 48 weeks treatment, there will be a 24-week period of treatment-free
      follow-up. The anticipated time on study treatment is 3-12 months, and the target sample
      size is 500+ individuals.
    </textblock>
  </brief_summary>
  <overall_status>Completed</overall_status>
  <start_date>February 2007</start_date>
  <completion_date type="Actual">April 2009</completion_date>
  <primary_completion_date type="Actual">April 2009</primary_completion_date>
  <phase>Phase 4</phase>
  <study_type>Interventional</study_type>
  <study_design>Allocation: Randomized, Endpoint Classification: Safety/Efficacy Study, Intervention Model: Factorial Assignment, Masking: Double Blind (Subject, Investigator), Primary Purpose: Treatment</study_design>
  <primary_outcome>
    <measure>Sustained Virological Response (SVR)-24 (Scheduled Treatment Period)</measure>
    <time_frame>Week 72</time_frame>
    <safety_issue>No</safety_issue>
    <description>SVR-24 according to the scheduled treatment period was defined as the percentage of patients with undetectable HCV RNA at 24 weeks after completion of the treatment period (a single last HCV RNA PCR &lt;15 IU/mL measured at or after week 68 (ie, on or after study day 477).</description>
  </primary_outcome>
  <secondary_outcome>
    <measure>SVR-24 (Actual Treatment Period)</measure>
    <time_frame>24 weeks after end of treatment</time_frame>
    <safety_issue>No</safety_issue>
    <description>SVR-24 according to the actual treatment period was defined as the percentage of patients with undetectable HCV RNA at least 20 weeks after the last dose of study drug.</description>
  </secondary_outcome>
  <secondary_outcome>
    <measure>SVR-12 (Scheduled Treatment Period)</measure>
    <time_frame>12 weeks after end of treatment</time_frame>
    <safety_issue>No</safety_issue>
    <description>SVR-12 according to the scheduled treatment period was defined as the percentage of patients with undetectable HCV RNA at 12 weeks after the scheduled treatment period (a single last HCV RNA PCR &lt;15 IU/mL measured at or after week 60).</description>
  </secondary_outcome>
  <secondary_outcome>
    <measure>SVR-12 (Actual Treatment Period)</measure>
    <time_frame>12 weeks after end of treatment</time_frame>
    <safety_issue>No</safety_issue>
    <description>SVR-12 according to the actual treatment period was defined as the percentage of patients with undetectable HCV RNA at least 12 weeks after the last dose of study drug.</description>
  </secondary_outcome>
  <number_of_arms>4</number_of_arms>
  <enrollment type="Actual">1175</enrollment>
  <condition>Hepatitis C, Chronic</condition>
  <arm_group>
    <arm_group_label>PEG-IFN 180 µg + Ribavirin 1200 mg</arm_group_label>
    <arm_group_type>Experimental</arm_group_type>
  </arm_group>
  <arm_group>
    <arm_group_label>PEG-IFN 180 µg + Ribavirin 1400/1600 mg</arm_group_label>
    <arm_group_type>Experimental</arm_group_type>
  </arm_group>
  <arm_group>
    <arm_group_label>PEG-IFN 360/180 µg + Ribavirin 1200 mg</arm_group_label>
    <arm_group_type>Experimental</arm_group_type>
  </arm_group>
  <arm_group>
    <arm_group_label>PEG-IFN 360/180 µg + Ribavirin 1400/1600 mg</arm_group_label>
    <arm_group_type>Experimental</arm_group_type>
  </arm_group>
  <intervention>
    <intervention_type>Drug</intervention_type>
    <intervention_name>peginterferon alfa-2a</intervention_name>
    <description>180 µg sc weekly for 48 weeks</description>
    <arm_group_label>PEG-IFN 180 µg + Ribavirin 1200 mg</arm_group_label>
    <arm_group_label>PEG-IFN 180 µg + Ribavirin 1400/1600 mg</arm_group_label>
    <other_name>Pegasys</other_name>
  </intervention>
  <intervention>
    <intervention_type>Drug</intervention_type>
    <intervention_name>Ribavirin</intervention_name>
    <description>1200 mg po daily for 48 weeks</description>
    <arm_group_label>PEG-IFN 180 µg + Ribavirin 1200 mg</arm_group_label>
    <arm_group_label>PEG-IFN 360/180 µg + Ribavirin 1200 mg</arm_group_label>
    <other_name>Copegus</other_name>
  </intervention>
  <intervention>
    <intervention_type>Drug</intervention_type>
    <intervention_name>peginterferon alfa-2a</intervention_name>
    <description>360 µg sc weekly decreasing to 180 µg sc weekly for 48 weeks</description>
    <arm_group_label>PEG-IFN 360/180 µg + Ribavirin 1200 mg</arm_group_label>
    <arm_group_label>PEG-IFN 360/180 µg + Ribavirin 1400/1600 mg</arm_group_label>
    <other_name>Pegasys</other_name>
  </intervention>
  <intervention>
    <intervention_type>Drug</intervention_type>
    <intervention_name>Ribavirin</intervention_name>
    <description>1400-1600 mg po daily for 48 weeks</description>
    <arm_group_label>PEG-IFN 180 µg + Ribavirin 1400/1600 mg</arm_group_label>
    <arm_group_label>PEG-IFN 360/180 µg + Ribavirin 1400/1600 mg</arm_group_label>
    <other_name>Copegus</other_name>
  </intervention>
  <eligibility>
    <criteria>
      <textblock>
        Inclusion Criteria:

          -  Adult patients, ≥18 years of age

          -  CHC infection, genotype 1

          -  Hepatitis C virus (HCV) RNA ≥400,000 IU/mL

          -  Baseline body weight ≥85 kg

          -  Liver biopsy (within 24 months of first dose) with results consistent with CHC

        Exclusion Criteria:

          -  Previous treatment with interferon, ribavirin, viramidine, levovirin, HCV polymerase
             or protease inhibitors

          -  Other forms of liver disease, including liver cancer

          -  Human immunodeficiency virus infection
      </textblock>
    </criteria>
    <gender>Both</gender>
    <minimum_age>18 Years</minimum_age>
    <maximum_age>N/A</maximum_age>
    <healthy_volunteers>No</healthy_volunteers>
  </eligibility>
  <overall_official>
    <last_name>Clinical Trials</last_name>
    <role>Study Director</role>
    <affiliation>Hoffmann-La Roche</affiliation>
  </overall_official>
  <location>
    <facility>
      <address>
        <city>Birmingham</city>
        <state>Alabama</state>
        <zip>35294</zip>
        <country>United States</country>
      </address>
    </facility>
  </location>
  <location>
    <facility>
      <address>
        <city>Huntsville</city>
        <state>Alabama</state>
        <zip>35801</zip>
        <country>United States</country>
      </address>
    </facility>
  </location>
  <location>
    <facility>
      <address>
        <city>Anchorage</city>
        <state>Alaska</state>
        <zip>99508</zip>
        <country>United States</country>
      </address>
    </facility>
  </location>
  <location>
    <facility>
      <address>
        <city>Phoenix</city>
        <state>Arizona</state>
        <zip>85006</zip>
        <country>United States</country>
      </address>
    </facility>
  </location>
  <location>
    <facility>
      <address>
        <city>Fresno</city>
        <state>California</state>
        <zip>93721</zip>
        <country>United States</country>
      </address>
    </facility>
  </location>
  <location>
    <facility>
      <address>
        <city>La Jolla</city>
        <state>California</state>
        <zip>92037-1030</zip>
        <country>United States</country>
      </address>
    </facility>
  </location>
  <location>
    <facility>
      <address>
        <city>Lancaster</city>
        <state>California</state>
        <zip>93534</zip>
        <country>United States</country>
      </address>
    </facility>
  </location>
  <location>
    <facility>
      <address>
        <city>Los Angeles</city>
        <state>California</state>
        <zip>90045</zip>
        <country>United States</country>
      </address>
    </facility>
  </location>
  <location>
    <facility>
      <address>
        <city>Los Angeles</city>
        <state>California</state>
        <zip>90095</zip>
        <country>United States</country>
      </address>
    </facility>
  </location>
  <location>
    <facility>
      <address>
        <city>Sacramento</city>
        <state>California</state>
        <zip>95817</zip>
        <country>United States</country>
      </address>
    </facility>
  </location>
  <location>
    <facility>
      <address>
        <city>San Diego</city>
        <state>California</state>
        <zip>92103-8465</zip>
        <country>United States</country>
      </address>
    </facility>
  </location>
  <location>
    <facility>
      <address>
        <city>San Diego</city>
        <state>California</state>
        <zip>92105</zip>
        <country>United States</country>
      </address>
    </facility>
  </location>
  <location>
    <facility>
      <address>
        <city>San Diego</city>
        <state>California</state>
        <zip>92123</zip>
        <country>United States</country>
      </address>
    </facility>
  </location>
  <location>
    <facility>
      <address>
        <city>San Diego</city>
        <state>California</state>
        <zip>92154</zip>
        <country>United States</country>
      </address>
    </facility>
  </location>
  <location>
    <facility>
      <address>
        <city>San Luis Obispo</city>
        <state>California</state>
        <zip>93401</zip>
        <country>United States</country>
      </address>
    </facility>
  </location>
  <location>
    <facility>
      <address>
        <city>San Marcos</city>
        <state>California</state>
        <zip>92069</zip>
        <country>United States</country>
      </address>
    </facility>
  </location>
  <location>
    <facility>
      <address>
        <city>Ventura</city>
        <state>California</state>
        <zip>93003</zip>
        <country>United States</country>
      </address>
    </facility>
  </location>
  <location>
    <facility>
      <address>
        <city>Aurora</city>
        <state>Colorado</state>
        <zip>80045</zip>
        <country>United States</country>
      </address>
    </facility>
  </location>
  <location>
    <facility>
      <address>
        <city>Englewood</city>
        <state>Colorado</state>
        <zip>80113</zip>
        <country>United States</country>
      </address>
    </facility>
  </location>
  <location>
    <facility>
      <address>
        <city>Washington</city>
        <state>District of Columbia</state>
        <zip>20010</zip>
        <country>United States</country>
      </address>
    </facility>
  </location>
  <location>
    <facility>
      <address>
        <city>Washington</city>
        <state>District of Columbia</state>
        <zip>20037</zip>
        <country>United States</country>
      </address>
    </facility>
  </location>
  <location>
    <facility>
      <address>
        <city>Jacksonville</city>
        <state>Florida</state>
        <zip>32209</zip>
        <country>United States</country>
      </address>
    </facility>
  </location>
  <location>
    <facility>
      <address>
        <city>Jacksonville</city>
        <state>Florida</state>
        <zip>32256</zip>
        <country>United States</country>
      </address>
    </facility>
  </location>
  <location>
    <facility>
      <address>
        <city>Miami</city>
        <state>Florida</state>
        <zip>33136-1051</zip>
        <country>United States</country>
      </address>
    </facility>
  </location>
  <location>
    <facility>
      <address>
        <city>North Miami Beach</city>
        <state>Florida</state>
        <zip>33162</zip>
        <country>United States</country>
      </address>
    </facility>
  </location>
  <location>
    <facility>
      <address>
        <city>Sarasota</city>
        <state>Florida</state>
        <zip>34243</zip>
        <country>United States</country>
      </address>
    </facility>
  </location>
  <location>
    <facility>
      <address>
        <city>Atlanta</city>
        <state>Georgia</state>
        <zip>30308</zip>
        <country>United States</country>
      </address>
    </facility>
  </location>
  <location>
    <facility>
      <address>
        <city>Austell</city>
        <state>Georgia</state>
        <zip>30106</zip>
        <country>United States</country>
      </address>
    </facility>
  </location>
  <location>
    <facility>
      <address>
        <city>Marietta</city>
        <state>Georgia</state>
        <zip>30060</zip>
        <country>United States</country>
      </address>
    </facility>
  </location>
  <location>
    <facility>
      <address>
        <city>Honolulu</city>
        <state>Hawaii</state>
        <zip>96817</zip>
        <country>United States</country>
      </address>
    </facility>
  </location>
  <location>
    <facility>
      <address>
        <city>Chicago</city>
        <state>Illinois</state>
        <zip>60612</zip>
        <country>United States</country>
      </address>
    </facility>
  </location>
  <location>
    <facility>
      <address>
        <city>Chicago</city>
        <state>Illinois</state>
        <zip>60637</zip>
        <country>United States</country>
      </address>
    </facility>
  </location>
  <location>
    <facility>
      <address>
        <city>Winfield</city>
        <state>Illinois</state>
        <zip>60190</zip>
        <country>United States</country>
      </address>
    </facility>
  </location>
  <location>
    <facility>
      <address>
        <city>Indianapolis</city>
        <state>Indiana</state>
        <zip>46202</zip>
        <country>United States</country>
      </address>
    </facility>
  </location>
  <location>
    <facility>
      <address>
        <city>Des Moines</city>
        <state>Iowa</state>
        <zip>50312</zip>
        <country>United States</country>
      </address>
    </facility>
  </location>
  <location>
    <facility>
      <address>
        <city>Iowa City</city>
        <state>Iowa</state>
        <zip>52242-1081</zip>
        <country>United States</country>
      </address>
    </facility>
  </location>
  <location>
    <facility>
      <address>
        <city>Iowa City</city>
        <state>Iowa</state>
        <zip>52246</zip>
        <country>United States</country>
      </address>
    </facility>
  </location>
  <location>
    <facility>
      <address>
        <city>Louisville</city>
        <state>Kentucky</state>
        <zip>40202</zip>
        <country>United States</country>
      </address>
    </facility>
  </location>
  <location>
    <facility>
      <address>
        <city>Baton Rouge</city>
        <state>Louisiana</state>
        <zip>70805</zip>
        <country>United States</country>
      </address>
    </facility>
  </location>
  <location>
    <facility>
      <address>
        <city>New Orleans</city>
        <state>Louisiana</state>
        <zip>70112</zip>
        <country>United States</country>
      </address>
    </facility>
  </location>
  <location>
    <facility>
      <address>
        <city>Boston</city>
        <state>Massachusetts</state>
        <zip>02720</zip>
        <country>United States</country>
      </address>
    </facility>
  </location>
  <location>
    <facility>
      <address>
        <city>Worcester</city>
        <state>Massachusetts</state>
        <zip>01068</zip>
        <country>United States</country>
      </address>
    </facility>
  </location>
  <location>
    <facility>
      <address>
        <city>Detroit</city>
        <state>Michigan</state>
        <zip>48210</zip>
        <country>United States</country>
      </address>
    </facility>
  </location>
  <location>
    <facility>
      <address>
        <city>Ypsilanti</city>
        <state>Michigan</state>
        <zip>48197</zip>
        <country>United States</country>
      </address>
    </facility>
  </location>
  <location>
    <facility>
      <address>
        <city>Plymouth</city>
        <state>Minnesota</state>
        <zip>55446</zip>
        <country>United States</country>
      </address>
    </facility>
  </location>
  <location>
    <facility>
      <address>
        <city>Kansas City</city>
        <state>Missouri</state>
        <zip>64131</zip>
        <country>United States</country>
      </address>
    </facility>
  </location>
  <location>
    <facility>
      <address>
        <city>St Louis</city>
        <state>Missouri</state>
        <zip>63104</zip>
        <country>United States</country>
      </address>
    </facility>
  </location>
  <location>
    <facility>
      <address>
        <city>St Louis</city>
        <state>Missouri</state>
        <zip>63110</zip>
        <country>United States</country>
      </address>
    </facility>
  </location>
  <location>
    <facility>
      <address>
        <city>Lebanon</city>
        <state>New Hampshire</state>
        <zip>03756</zip>
        <country>United States</country>
      </address>
    </facility>
  </location>
  <location>
    <facility>
      <address>
        <city>Egg Harbour Township</city>
        <state>New Jersey</state>
        <zip>08234</zip>
        <country>United States</country>
      </address>
    </facility>
  </location>
  <location>
    <facility>
      <address>
        <city>Vineland</city>
        <state>New Jersey</state>
        <zip>08360</zip>
        <country>United States</country>
      </address>
    </facility>
  </location>
  <location>
    <facility>
      <address>
        <city>Bronx</city>
        <state>New York</state>
        <zip>10467</zip>
        <country>United States</country>
      </address>
    </facility>
  </location>
  <location>
    <facility>
      <address>
        <city>Manhasset</city>
        <state>New York</state>
        <zip>11030</zip>
        <country>United States</country>
      </address>
    </facility>
  </location>
  <location>
    <facility>
      <address>
        <city>New York</city>
        <state>New York</state>
        <zip>10021</zip>
        <country>United States</country>
      </address>
    </facility>
  </location>
  <location>
    <facility>
      <address>
        <city>New York</city>
        <state>New York</state>
        <zip>10029</zip>
        <country>United States</country>
      </address>
    </facility>
  </location>
  <location>
    <facility>
      <address>
        <city>Rochester</city>
        <state>New York</state>
        <zip>14618</zip>
        <country>United States</country>
      </address>
    </facility>
  </location>
  <location>
    <facility>
      <address>
        <city>Williamsville</city>
        <state>New York</state>
        <zip>14221</zip>
        <country>United States</country>
      </address>
    </facility>
  </location>
  <location>
    <facility>
      <address>
        <city>Yonkers</city>
        <state>New York</state>
        <zip>10701</zip>
        <country>United States</country>
      </address>
    </facility>
  </location>
  <location>
    <facility>
      <address>
        <city>Asheville</city>
        <state>North Carolina</state>
        <zip>28801</zip>
        <country>United States</country>
      </address>
    </facility>
  </location>
  <location>
    <facility>
      <address>
        <city>Chapel Hill</city>
        <state>North Carolina</state>
        <zip>27599-7080</zip>
        <country>United States</country>
      </address>
    </facility>
  </location>
  <location>
    <facility>
      <address>
        <city>Fayetteville</city>
        <state>North Carolina</state>
        <zip>28304</zip>
        <country>United States</country>
      </address>
    </facility>
  </location>
  <location>
    <facility>
      <address>
        <city>Cincinnati</city>
        <state>Ohio</state>
        <zip>45267</zip>
        <country>United States</country>
      </address>
    </facility>
  </location>
  <location>
    <facility>
      <address>
        <city>Cleveland</city>
        <state>Ohio</state>
        <zip>44106</zip>
        <country>United States</country>
      </address>
    </facility>
  </location>
  <location>
    <facility>
      <address>
        <city>Cleveland</city>
        <state>Ohio</state>
        <zip>44109</zip>
        <country>United States</country>
      </address>
    </facility>
  </location>
  <location>
    <facility>
      <address>
        <city>Tulsa</city>
        <state>Oklahoma</state>
        <zip>74104</zip>
        <country>United States</country>
      </address>
    </facility>
  </location>
  <location>
    <facility>
      <address>
        <city>Medford</city>
        <state>Oregon</state>
        <zip>97504</zip>
        <country>United States</country>
      </address>
    </facility>
  </location>
  <location>
    <facility>
      <address>
        <city>Lancaster</city>
        <state>Pennsylvania</state>
        <zip>17604-3200</zip>
        <country>United States</country>
      </address>
    </facility>
  </location>
  <location>
    <facility>
      <address>
        <city>Philadelphia</city>
        <state>Pennsylvania</state>
        <zip>19104</zip>
        <country>United States</country>
      </address>
    </facility>
  </location>
  <location>
    <facility>
      <address>
        <city>Philadelphia</city>
        <state>Pennsylvania</state>
        <zip>19107</zip>
        <country>United States</country>
      </address>
    </facility>
  </location>
  <location>
    <facility>
      <address>
        <city>Pittsburgh</city>
        <state>Pennsylvania</state>
        <zip>15213</zip>
        <country>United States</country>
      </address>
    </facility>
  </location>
  <location>
    <facility>
      <address>
        <city>Cranston</city>
        <state>Rhode Island</state>
        <zip>02920</zip>
        <country>United States</country>
      </address>
    </facility>
  </location>
  <location>
    <facility>
      <address>
        <city>Providence</city>
        <state>Rhode Island</state>
        <zip>02903</zip>
        <country>United States</country>
      </address>
    </facility>
  </location>
  <location>
    <facility>
      <address>
        <city>Columbia</city>
        <state>South Carolina</state>
        <zip>29204</zip>
        <country>United States</country>
      </address>
    </facility>
  </location>
  <location>
    <facility>
      <address>
        <city>Germantown</city>
        <state>Tennessee</state>
        <zip>38138</zip>
        <country>United States</country>
      </address>
    </facility>
  </location>
  <location>
    <facility>
      <address>
        <city>West Nashville</city>
        <state>Tennessee</state>
        <zip>37205</zip>
        <country>United States</country>
      </address>
    </facility>
  </location>
  <location>
    <facility>
      <address>
        <city>Dallas</city>
        <state>Texas</state>
        <zip>75203</zip>
        <country>United States</country>
      </address>
    </facility>
  </location>
  <location>
    <facility>
      <address>
        <city>Dallas</city>
        <state>Texas</state>
        <zip>75246</zip>
        <country>United States</country>
      </address>
    </facility>
  </location>
  <location>
    <facility>
      <address>
        <city>Dallas</city>
        <state>Texas</state>
        <zip>75390-9034</zip>
        <country>United States</country>
      </address>
    </facility>
  </location>
  <location>
    <facility>
      <address>
        <city>Fort Sam Houston</city>
        <state>Texas</state>
        <zip>78234-3879</zip>
        <country>United States</country>
      </address>
    </facility>
  </location>
  <location>
    <facility>
      <address>
        <city>Houston</city>
        <state>Texas</state>
        <zip>77030</zip>
        <country>United States</country>
      </address>
    </facility>
  </location>
  <location>
    <facility>
      <address>
        <city>Salt Lake City</city>
        <state>Utah</state>
        <zip>84121</zip>
        <country>United States</country>
      </address>
    </facility>
  </location>
  <location>
    <facility>
      <address>
        <city>Annandale</city>
        <state>Virginia</state>
        <zip>22003</zip>
        <country>United States</country>
      </address>
    </facility>
  </location>
  <location>
    <facility>
      <address>
        <city>Charlottesville</city>
        <state>Virginia</state>
        <zip>22906-0013</zip>
        <country>United States</country>
      </address>
    </facility>
  </location>
  <location>
    <facility>
      <address>
        <city>Chesapeake</city>
        <state>Virginia</state>
        <zip>23320-1706</zip>
        <country>United States</country>
      </address>
    </facility>
  </location>
  <location>
    <facility>
      <address>
        <city>Fairfax</city>
        <state>Virginia</state>
        <zip>22031</zip>
        <country>United States</country>
      </address>
    </facility>
  </location>
  <location>
    <facility>
      <address>
        <city>Richmond</city>
        <state>Virginia</state>
        <zip>23249</zip>
        <country>United States</country>
      </address>
    </facility>
  </location>
  <location>
    <facility>
      <address>
        <city>Seattle</city>
        <state>Washington</state>
        <zip>98104</zip>
        <country>United States</country>
      </address>
    </facility>
  </location>
  <location>
    <facility>
      <address>
        <city>Tacoma</city>
        <state>Washington</state>
        <zip>98405</zip>
        <country>United States</country>
      </address>
    </facility>
  </location>
  <location>
    <facility>
      <address>
        <city>Vancouver</city>
        <state>Washington</state>
        <zip>98664</zip>
        <country>United States</country>
      </address>
    </facility>
  </location>
  <location>
    <facility>
      <address>
        <city>Casper</city>
        <state>Wyoming</state>
        <zip>82609</zip>
        <country>United States</country>
      </address>
    </facility>
  </location>
  <location>
    <facility>
      <address>
        <city>Cheyenne</city>
        <state>Wyoming</state>
        <zip>82001</zip>
        <country>United States</country>
      </address>
    </facility>
  </location>
  <location>
    <facility>
      <address>
        <city>Bruxelles</city>
        <zip>1000</zip>
        <country>Belgium</country>
      </address>
    </facility>
  </location>
  <location>
    <facility>
      <address>
        <city>Bruxelles</city>
        <zip>1030</zip>
        <country>Belgium</country>
      </address>
    </facility>
  </location>
  <location>
    <facility>
      <address>
        <city>Bruxelles</city>
        <zip>1070</zip>
        <country>Belgium</country>
      </address>
    </facility>
  </location>
  <location>
    <facility>
      <address>
        <city>Bruxelles</city>
        <zip>1200</zip>
        <country>Belgium</country>
      </address>
    </facility>
  </location>
  <location>
    <facility>
      <address>
        <city>Gent</city>
        <zip>9000</zip>
        <country>Belgium</country>
      </address>
    </facility>
  </location>
  <location>
    <facility>
      <address>
        <city>Leuven</city>
        <zip>3000</zip>
        <country>Belgium</country>
      </address>
    </facility>
  </location>
  <location>
    <facility>
      <address>
        <city>Caixa</city>
        <zip>18618-970</zip>
        <country>Brazil</country>
      </address>
    </facility>
  </location>
  <location>
    <facility>
      <address>
        <city>Campinas</city>
        <zip>13083-888</zip>
        <country>Brazil</country>
      </address>
    </facility>
  </location>
  <location>
    <facility>
      <address>
        <city>Juiz de Fora</city>
        <zip>36036-330</zip>
        <country>Brazil</country>
      </address>
    </facility>
  </location>
  <location>
    <facility>
      <address>
        <city>Porto Alegre</city>
        <zip>90035-003</zip>
        <country>Brazil</country>
      </address>
    </facility>
  </location>
  <location>
    <facility>
      <address>
        <city>Porto Alegre</city>
        <zip>91350-200</zip>
        <country>Brazil</country>
      </address>
    </facility>
  </location>
  <location>
    <facility>
      <address>
        <city>Salvador</city>
        <zip>40110-170</zip>
        <country>Brazil</country>
      </address>
    </facility>
  </location>
  <location>
    <facility>
      <address>
        <city>Sao Jose Do Rio Preto</city>
        <zip>15090-000</zip>
        <country>Brazil</country>
      </address>
    </facility>
  </location>
  <location>
    <facility>
      <address>
        <city>Sao Paulo</city>
        <zip>01307</zip>
        <country>Brazil</country>
      </address>
    </facility>
  </location>
  <location>
    <facility>
      <address>
        <city>Edmonton</city>
        <state>Alberta</state>
        <zip>T6G 2B7</zip>
        <country>Canada</country>
      </address>
    </facility>
  </location>
  <location>
    <facility>
      <address>
        <city>Vancouver</city>
        <state>British Columbia</state>
        <zip>V6Z 2K5</zip>
        <country>Canada</country>
      </address>
    </facility>
  </location>
  <location>
    <facility>
      <address>
        <city>Winnipeg</city>
        <state>Manitoba</state>
        <zip>R3E 3P4</zip>
        <country>Canada</country>
      </address>
    </facility>
  </location>
  <location>
    <facility>
      <address>
        <city>Halifax</city>
        <state>Nova Scotia</state>
        <zip>B3H 1V7</zip>
        <country>Canada</country>
      </address>
    </facility>
  </location>
  <location>
    <facility>
      <address>
        <city>London</city>
        <state>Ontario</state>
        <zip>N6A 5A5</zip>
        <country>Canada</country>
      </address>
    </facility>
  </location>
  <location>
    <facility>
      <address>
        <city>Ottawa</city>
        <state>Ontario</state>
        <zip>K1H 8L6</zip>
        <country>Canada</country>
      </address>
    </facility>
  </location>
  <location>
    <facility>
      <address>
        <city>Toronto</city>
        <state>Ontario</state>
        <zip>M5G 1L7</zip>
        <country>Canada</country>
      </address>
    </facility>
  </location>
  <location>
    <facility>
      <address>
        <city>Toronto</city>
        <state>Ontario</state>
        <zip>M5G 1X5</zip>
        <country>Canada</country>
      </address>
    </facility>
  </location>
  <location>
    <facility>
      <address>
        <city>Toronto</city>
        <state>Ontario</state>
        <zip>M6H 3M1</zip>
        <country>Canada</country>
      </address>
    </facility>
  </location>
  <location>
    <facility>
      <address>
        <city>Montreal</city>
        <state>Quebec</state>
        <zip>H1T 2M4</zip>
        <country>Canada</country>
      </address>
    </facility>
  </location>
  <location>
    <facility>
      <address>
        <city>Kolding</city>
        <zip>6000</zip>
        <country>Denmark</country>
      </address>
    </facility>
  </location>
  <location>
    <facility>
      <address>
        <city>Odense</city>
        <zip>5000</zip>
        <country>Denmark</country>
      </address>
    </facility>
  </location>
  <location>
    <facility>
      <address>
        <city>Clermont-ferrand</city>
        <zip>63000</zip>
        <country>France</country>
      </address>
    </facility>
  </location>
  <location>
    <facility>
      <address>
        <city>Clichy</city>
        <zip>92118</zip>
        <country>France</country>
      </address>
    </facility>
  </location>
  <location>
    <facility>
      <address>
        <city>Lille</city>
        <zip>59037</zip>
        <country>France</country>
      </address>
    </facility>
  </location>
  <location>
    <facility>
      <address>
        <city>Lyon</city>
        <zip>69288</zip>
        <country>France</country>
      </address>
    </facility>
  </location>
  <location>
    <facility>
      <address>
        <city>Rouen</city>
        <zip>76031</zip>
        <country>France</country>
      </address>
    </facility>
  </location>
  <location>
    <facility>
      <address>
        <city>Strasbourg</city>
        <zip>67091</zip>
        <country>France</country>
      </address>
    </facility>
  </location>
  <location>
    <facility>
      <address>
        <city>Berlin</city>
        <zip>13353</zip>
        <country>Germany</country>
      </address>
    </facility>
  </location>
  <location>
    <facility>
      <address>
        <city>Bonn</city>
        <zip>531105</zip>
        <country>Germany</country>
      </address>
    </facility>
  </location>
  <location>
    <facility>
      <address>
        <city>Düsseldorf</city>
        <zip>40225</zip>
        <country>Germany</country>
      </address>
    </facility>
  </location>
  <location>
    <facility>
      <address>
        <city>Frankfurt Am Main</city>
        <zip>60590</zip>
        <country>Germany</country>
      </address>
    </facility>
  </location>
  <location>
    <facility>
      <address>
        <city>Freiburg</city>
        <zip>79106</zip>
        <country>Germany</country>
      </address>
    </facility>
  </location>
  <location>
    <facility>
      <address>
        <city>Giessen</city>
        <zip>35392</zip>
        <country>Germany</country>
      </address>
    </facility>
  </location>
  <location>
    <facility>
      <address>
        <city>Hamburg</city>
        <zip>20246</zip>
        <country>Germany</country>
      </address>
    </facility>
  </location>
  <location>
    <facility>
      <address>
        <city>Hannover</city>
        <zip>30625</zip>
        <country>Germany</country>
      </address>
    </facility>
  </location>
  <location>
    <facility>
      <address>
        <city>Heidelberg</city>
        <zip>69120</zip>
        <country>Germany</country>
      </address>
    </facility>
  </location>
  <location>
    <facility>
      <address>
        <city>Kiel</city>
        <zip>24105</zip>
        <country>Germany</country>
      </address>
    </facility>
  </location>
  <location>
    <facility>
      <address>
        <city>Köln</city>
        <zip>50924</zip>
        <country>Germany</country>
      </address>
    </facility>
  </location>
  <location>
    <facility>
      <address>
        <city>Tübingen</city>
        <zip>72076</zip>
        <country>Germany</country>
      </address>
    </facility>
  </location>
  <location>
    <facility>
      <address>
        <city>Bekescsaba</city>
        <zip>5600</zip>
        <country>Hungary</country>
      </address>
    </facility>
  </location>
  <location>
    <facility>
      <address>
        <city>Budapest</city>
        <zip>1083</zip>
        <country>Hungary</country>
      </address>
    </facility>
  </location>
  <location>
    <facility>
      <address>
        <city>Budapest</city>
        <zip>1097</zip>
        <country>Hungary</country>
      </address>
    </facility>
  </location>
  <location>
    <facility>
      <address>
        <city>Debrecen</city>
        <zip>4032</zip>
        <country>Hungary</country>
      </address>
    </facility>
  </location>
  <location>
    <facility>
      <address>
        <city>Gyor</city>
        <zip>9024</zip>
        <country>Hungary</country>
      </address>
    </facility>
  </location>
  <location>
    <facility>
      <address>
        <city>Gyula</city>
        <zip>5700</zip>
        <country>Hungary</country>
      </address>
    </facility>
  </location>
  <location>
    <facility>
      <address>
        <city>Pecs</city>
        <zip>7654</zip>
        <country>Hungary</country>
      </address>
    </facility>
  </location>
  <location>
    <facility>
      <address>
        <city>Szombathely</city>
        <zip>9700</zip>
        <country>Hungary</country>
      </address>
    </facility>
  </location>
  <location>
    <facility>
      <address>
        <city>Amsterdam</city>
        <zip>1091 AC</zip>
        <country>Netherlands</country>
      </address>
    </facility>
  </location>
  <location>
    <facility>
      <address>
        <city>Leiden</city>
        <zip>2333 ZA</zip>
        <country>Netherlands</country>
      </address>
    </facility>
  </location>
  <location>
    <facility>
      <address>
        <city>Rotterdam</city>
        <zip>3015 GD</zip>
        <country>Netherlands</country>
      </address>
    </facility>
  </location>
  <location>
    <facility>
      <address>
        <city>Bydgoszcz</city>
        <zip>85-030</zip>
        <country>Poland</country>
      </address>
    </facility>
  </location>
  <location>
    <facility>
      <address>
        <city>Chorzow</city>
        <zip>41-500</zip>
        <country>Poland</country>
      </address>
    </facility>
  </location>
  <location>
    <facility>
      <address>
        <city>Kielce</city>
        <zip>25-317</zip>
        <country>Poland</country>
      </address>
    </facility>
  </location>
  <location>
    <facility>
      <address>
        <city>Lodz</city>
        <zip>91-347</zip>
        <country>Poland</country>
      </address>
    </facility>
  </location>
  <location>
    <facility>
      <address>
        <city>Warszawa</city>
        <zip>01-201</zip>
        <country>Poland</country>
      </address>
    </facility>
  </location>
  <location>
    <facility>
      <address>
        <city>Wroclaw</city>
        <zip>51-124</zip>
        <country>Poland</country>
      </address>
    </facility>
  </location>
  <location>
    <facility>
      <address>
        <city>Ponce</city>
        <zip>00716</zip>
        <country>Puerto Rico</country>
      </address>
    </facility>
  </location>
  <location>
    <facility>
      <address>
        <city>San Juan</city>
        <zip>00936-5067</zip>
        <country>Puerto Rico</country>
      </address>
    </facility>
  </location>
  <location>
    <facility>
      <address>
        <city>Santurce</city>
        <zip>00909</zip>
        <country>Puerto Rico</country>
      </address>
    </facility>
  </location>
  <location>
    <facility>
      <address>
        <city>Bucharest</city>
        <zip>010825</zip>
        <country>Romania</country>
      </address>
    </facility>
  </location>
  <location>
    <facility>
      <address>
        <city>Bucharest</city>
        <zip>021105</zip>
        <country>Romania</country>
      </address>
    </facility>
  </location>
  <location>
    <facility>
      <address>
        <city>Bucharest</city>
        <zip>022328</zip>
        <country>Romania</country>
      </address>
    </facility>
  </location>
  <location>
    <facility>
      <address>
        <city>Bucharest</city>
        <zip>030303</zip>
        <country>Romania</country>
      </address>
    </facility>
  </location>
  <location>
    <facility>
      <address>
        <city>Cluj-napoca</city>
        <country>Romania</country>
      </address>
    </facility>
  </location>
  <location>
    <facility>
      <address>
        <city>Constanta</city>
        <country>Romania</country>
      </address>
    </facility>
  </location>
  <location>
    <facility>
      <address>
        <city>Iasi</city>
        <zip>700111</zip>
        <country>Romania</country>
      </address>
    </facility>
  </location>
  <location>
    <facility>
      <address>
        <city>Timisoara</city>
        <country>Romania</country>
      </address>
    </facility>
  </location>
  <location>
    <facility>
      <address>
        <city>Jaloslave</city>
        <country>Russian Federation</country>
      </address>
    </facility>
  </location>
  <location>
    <facility>
      <address>
        <city>Moscow</city>
        <zip>105229</zip>
        <country>Russian Federation</country>
      </address>
    </facility>
  </location>
  <location>
    <facility>
      <address>
        <city>Moscow</city>
        <zip>11/5</zip>
        <country>Russian Federation</country>
      </address>
    </facility>
  </location>
  <location>
    <facility>
      <address>
        <city>Moscow</city>
        <zip>115446</zip>
        <country>Russian Federation</country>
      </address>
    </facility>
  </location>
  <location>
    <facility>
      <address>
        <city>Moscow</city>
        <zip>117333</zip>
        <country>Russian Federation</country>
      </address>
    </facility>
  </location>
  <location>
    <facility>
      <address>
        <city>Moscow</city>
        <zip>119881</zip>
        <country>Russian Federation</country>
      </address>
    </facility>
  </location>
  <location>
    <facility>
      <address>
        <city>Moscow</city>
        <zip>127009</zip>
        <country>Russian Federation</country>
      </address>
    </facility>
  </location>
  <location>
    <facility>
      <address>
        <city>Moscow</city>
        <zip>143420</zip>
        <country>Russian Federation</country>
      </address>
    </facility>
  </location>
  <location>
    <facility>
      <address>
        <city>Nizhny Novgorod</city>
        <zip>603022</zip>
        <country>Russian Federation</country>
      </address>
    </facility>
  </location>
  <location>
    <facility>
      <address>
        <city>Samara</city>
        <zip>443011</zip>
        <country>Russian Federation</country>
      </address>
    </facility>
  </location>
  <location>
    <facility>
      <address>
        <city>Smolensk</city>
        <zip>214006</zip>
        <country>Russian Federation</country>
      </address>
    </facility>
  </location>
  <location>
    <facility>
      <address>
        <city>St Petersburg</city>
        <zip>194044</zip>
        <country>Russian Federation</country>
      </address>
    </facility>
  </location>
  <location>
    <facility>
      <address>
        <city>Stavropol</city>
        <zip>355017</zip>
        <country>Russian Federation</country>
      </address>
    </facility>
  </location>
  <location>
    <facility>
      <address>
        <city>Stockholm</city>
        <country>Sweden</country>
      </address>
    </facility>
  </location>
  <location>
    <facility>
      <address>
        <city>Uppsala</city>
        <zip>75185</zip>
        <country>Sweden</country>
      </address>
    </facility>
  </location>
  <location>
    <facility>
      <address>
        <city>London</city>
        <zip>SE5 9RS</zip>
        <country>United Kingdom</country>
      </address>
    </facility>
  </location>
  <location>
    <facility>
      <address>
        <city>London</city>
        <zip>SW10 9TH</zip>
        <country>United Kingdom</country>
      </address>
    </facility>
  </location>
  <location>
    <facility>
      <address>
        <city>London</city>
        <zip>SW17 0QT</zip>
        <country>United Kingdom</country>
      </address>
    </facility>
  </location>
  <location>
    <facility>
      <address>
        <city>Newcastle Upon Tyne</city>
        <zip>NE7 7DN</zip>
        <country>United Kingdom</country>
      </address>
    </facility>
  </location>
  <location>
    <facility>
      <address>
        <city>Plymouth</city>
        <zip>PL6 8DH</zip>
        <country>United Kingdom</country>
      </address>
    </facility>
  </location>
  <location>
    <facility>
      <address>
        <city>Southampton</city>
        <zip>SO16 6YD</zip>
        <country>United Kingdom</country>
      </address>
    </facility>
  </location>
  <location_countries>
    <country>Belgium</country>
    <country>Brazil</country>
    <country>Canada</country>
    <country>Denmark</country>
    <country>France</country>
    <country>Germany</country>
    <country>Hungary</country>
    <country>Netherlands</country>
    <country>Poland</country>
    <country>Puerto Rico</country>
    <country>Romania</country>
    <country>Russian Federation</country>
    <country>Sweden</country>
    <country>United Kingdom</country>
    <country>United States</country>
  </location_countries>
  <removed_countries>
    <country>Switzerland</country>
  </removed_countries>
  <link>
    <url>http://www.roche-trials.com/studyResultGet.action?studyResultNumber=NV18210</url>
    <description>Clinical Study Report Synopsis</description>
  </link>
  <verification_date>July 2010</verification_date>
  <lastchanged_date>July 30, 2010</lastchanged_date>
  <firstreceived_date>October 30, 2006</firstreceived_date>
  <firstreceived_results_date>May 27, 2010</firstreceived_results_date>
  <responsible_party>
    <name_title>Disclosures Group</name_title>
    <organization>Hoffmann-La Roche</organization>
  </responsible_party>
  <is_fda_regulated>Yes</is_fda_regulated>
  <is_section_801>Yes</is_section_801>
  <has_expanded_access>No</has_expanded_access>
  <condition_browse>
    <!-- CAUTION:  The following MeSH terms are assigned with an imperfect algorithm  -->
    <mesh_term>Hepatitis</mesh_term>
    <mesh_term>Hepatitis A</mesh_term>
    <mesh_term>Hepatitis C</mesh_term>
    <mesh_term>Hepatitis C, Chronic</mesh_term>
    <mesh_term>Hepatitis, Chronic</mesh_term>
  </condition_browse>
  <intervention_browse>
    <!-- CAUTION:  The following MeSH terms are assigned with an imperfect algorithm  -->
    <mesh_term>Interferon-alpha</mesh_term>
    <mesh_term>Peginterferon alfa-2a</mesh_term>
    <mesh_term>Ribavirin</mesh_term>
  </intervention_browse>
  <!-- Results are available for this study                                           -->
</clinical_study>
