<?xml version="1.0" encoding="UTF-8"?>
<clinical_study rank="494">
  <!-- This xml conforms to an XML Schema at:
    https://clinicaltrials.gov/ct2/html/images/info/public.xsd
 and an XML DTD at:
    https://clinicaltrials.gov/ct2/html/images/info/public.dtd -->
  <required_header>
    <download_date>ClinicalTrials.gov processed this data on December 13, 2015</download_date>
    <link_text>Link to the current ClinicalTrials.gov record.</link_text>
    <url>https://clinicaltrials.gov/show/NCT00097045</url>
  </required_header>
  <id_info>
    <org_study_id>Biomed 510-CLP-07</org_study_id>
    <nct_id>NCT00097045</nct_id>
  </id_info>
  <brief_title>Omega Interferon Alone or in Combination With Ribavirin in Subjects With Hepatitis C</brief_title>
  <official_title>Phase 2 Study of Omega Interferon Alone or in Combination With Ribavirin in Subjects With Hepatitis C</official_title>
  <sponsors>
    <lead_sponsor>
      <agency>Intarcia Therapeutics</agency>
      <agency_class>Industry</agency_class>
    </lead_sponsor>
  </sponsors>
  <source>Intarcia Therapeutics</source>
  <oversight_info>
    <authority>United States: Food and Drug Administration</authority>
  </oversight_info>
  <brief_summary>
    <textblock>
      This study is designed to compare the safety, tolerability and antiviral effects of omega
      interferon administered alone to omega interferon administered with ribavirin in the
      treatment of subjects with chronic Hepatitis C virus (HCV) infection.
    </textblock>
  </brief_summary>
  <detailed_description>
    <textblock>
      Omega interferon is administered subcutaneously daily for up to 48 weeks.
    </textblock>
  </detailed_description>
  <overall_status>Completed</overall_status>
  <start_date>November 2004</start_date>
  <completion_date type="Actual">December 2006</completion_date>
  <phase>Phase 2</phase>
  <study_type>Interventional</study_type>
  <study_design>Allocation: Randomized, Endpoint Classification: Safety/Efficacy Study, Intervention Model: Parallel Assignment, Masking: Open Label, Primary Purpose: Treatment</study_design>
  <primary_outcome>
    <measure>HCV RNA levels at clinically relevant timepoints</measure>
  </primary_outcome>
  <enrollment>90</enrollment>
  <condition>Hepatitis C</condition>
  <intervention>
    <intervention_type>Drug</intervention_type>
    <intervention_name>omega interferon</intervention_name>
  </intervention>
  <intervention>
    <intervention_type>Drug</intervention_type>
    <intervention_name>Ribavirin</intervention_name>
  </intervention>
  <eligibility>
    <criteria>
      <textblock>
        Inclusion Criteria:

          -  Male or female

          -  Age 18 years to 64 years

          -  Signed and dated written informed consent form

          -  Infection with HCV genotype 1

          -  Two HCV RNA levels greater than or equal to 100,000 International Units per mL
             (IU/mL) at least seven days apart within 6 weeks prior to randomization

          -  One alanine aminotransferase level greater than the upper limit of normal between
             three months and twelve months prior to randomization

          -  At least one alanine aminotransferase level greater than the upper limit of normal
             between three months and twelve months prior to randomization

          -  For the duration of treatment with study drug for all subjects and for the duration
             of treatment with study drug plus an additional six months for subjects who take
             ribavirin, attenuation of the potential of the subject to become pregnant, or to
             impregnate a sexual partner, by either:

               1. the use of an approved contraceptive method (e.g., IUD, oral contraceptive, or
                  double-barrier method), or

               2. definitive exclusion by surgery, radiation, menopause or vasectomy

          -  For women of childbearing potential, negative serum Beta HCG pregnancy test within 14
             days prior to randomization

        Exclusion Criteria:

          -  Any additional plausible cause for chronic liver disease, including active infection
             by other viruses known or suspected to cause hepatitis

          -  Ascites or other current evidence of portal hypertension

          -  Child-Pugh classification B or C liver disease

          -  Clinically apparent jaundice or a total bilirubin exceeding 2 mg/dL (Subjects with
             Gilbert's Syndrome who meet all other inclusion and exclusion criteria may be
             admitted to the study with a total bilirubin greater than 2 mg/dL)

          -  Hemoglobin &lt;12 g/dL

          -  A platelet count of less than 100,000 per mm3

          -  A total white blood cell count of less than 3,000 per mm3

          -  An absolute neutrophil count of less than 1,500 per mm3

          -  Abnormal thyroid function (Subjects requiring thyroid replacement and who have
             stable, normal thyroid function may be admitted to the study)

          -  History of significant renal dysfunction

          -  History of significant or unstable cardiac disease

          -  Concurrent alcohol abuse or illicit drug use

          -  Pregnant or lactating women

          -  Male partners of women who are pregnant

          -  Prior usage of an interferon

          -  Concurrent usage of any antiviral therapy, including another interferon, during the
             study

          -  Any concurrent infectious disease requiring antimicrobial treatment

          -  Positive test for human immunodeficiency virus

          -  Positive test for illicit drugs

          -  A history of malignancy (except for previously cured squamous cell or basal cell
             carcinoma)

          -  Known hypersensitivity to interferons or ribavirin or related compounds

          -  A concurrent diagnosis of depression that has not been stable for at least 60 days
             prior to randomization

          -  Usage of an investigational drug within the 30 days prior to randomization; or the
             planned usage of an investigational drug other than omega interferon during the
             course of the current study

          -  Prior randomization to this study

          -  Any condition which, at the discretion of the investigator, would render an
             individual an inappropriate candidate for this study
      </textblock>
    </criteria>
    <gender>Both</gender>
    <minimum_age>18 Years</minimum_age>
    <maximum_age>64 Years</maximum_age>
    <healthy_volunteers>No</healthy_volunteers>
  </eligibility>
  <location>
    <facility>
      <address>
        <city>Moscow</city>
        <country>Russian Federation</country>
      </address>
    </facility>
  </location>
  <location>
    <facility>
      <address>
        <city>Smolensk</city>
        <country>Russian Federation</country>
      </address>
    </facility>
  </location>
  <location>
    <facility>
      <address>
        <city>St. Petersburg</city>
        <country>Russian Federation</country>
      </address>
    </facility>
  </location>
  <location_countries>
    <country>Russian Federation</country>
  </location_countries>
  <verification_date>August 2007</verification_date>
  <lastchanged_date>August 21, 2007</lastchanged_date>
  <firstreceived_date>November 17, 2004</firstreceived_date>
  <keyword>Hepatitis C</keyword>
  <keyword>HCV</keyword>
  <keyword>Omega Interferon</keyword>
  <keyword>Interferon</keyword>
  <keyword>HCV genotype 1</keyword>
  <has_expanded_access>No</has_expanded_access>
  <condition_browse>
    <!-- CAUTION:  The following MeSH terms are assigned with an imperfect algorithm  -->
    <mesh_term>Hepatitis</mesh_term>
    <mesh_term>Hepatitis A</mesh_term>
    <mesh_term>Hepatitis C</mesh_term>
  </condition_browse>
  <intervention_browse>
    <!-- CAUTION:  The following MeSH terms are assigned with an imperfect algorithm  -->
    <mesh_term>Interferon Type I</mesh_term>
    <mesh_term>Interferon omega 1</mesh_term>
    <mesh_term>Interferons</mesh_term>
    <mesh_term>Ribavirin</mesh_term>
  </intervention_browse>
  <!-- Results have not yet been posted for this study                                -->
</clinical_study>
