<?xml version="1.0" encoding="UTF-8"?>
<clinical_study rank="952">
  <!-- This xml conforms to an XML Schema at:
    https://clinicaltrials.gov/ct2/html/images/info/public.xsd
 and an XML DTD at:
    https://clinicaltrials.gov/ct2/html/images/info/public.dtd -->
  <required_header>
    <download_date>ClinicalTrials.gov processed this data on December 13, 2015</download_date>
    <link_text>Link to the current ClinicalTrials.gov record.</link_text>
    <url>https://clinicaltrials.gov/show/NCT00547716</url>
  </required_header>
  <id_info>
    <org_study_id>07-48</org_study_id>
    <nct_id>NCT00547716</nct_id>
  </id_info>
  <brief_title>Use of Omega-3 Fatty Acids (Fish Oil) in Patients With Chronic Hepatitis C Infection</brief_title>
  <official_title>The Effect of Omega-3 Fatty Acids (Omacor@) on the Response Rate to Antiviral Therapy in Patients With Chronic Hepatitis C Infection</official_title>
  <sponsors>
    <lead_sponsor>
      <agency>Truman Medical Center</agency>
      <agency_class>Other</agency_class>
    </lead_sponsor>
    <collaborator>
      <agency>Reliant Pharmaceuticals</agency>
      <agency_class>Industry</agency_class>
    </collaborator>
    <collaborator>
      <agency>Saint Luke's Health System Foundation</agency>
      <agency_class>Other</agency_class>
    </collaborator>
  </sponsors>
  <source>Truman Medical Center</source>
  <oversight_info>
    <authority>United States: Food and Drug Administration</authority>
    <has_dmc>No</has_dmc>
  </oversight_info>
  <brief_summary>
    <textblock>
      Hepatitis C virus infection is the most common blood-borne infection in the United States
      and is a leading cause of chronic liver disease affecting 130 million people around the
      world. It is estimated that 1.6% of the US population may be affected by Hepatitis C
      infection. The only recommended treatment that has been approved for your condition is the
      use of interferon and ribavirin. In patients with chronic Hepatitis C, there tends to be an
      accumulation of fat in the liver. Fatty liver has been associated with failure of treatment.

      The accumulation of fat in the liver has been blamed on a particular type of fat called
      triglycerides. Fish oil, by reducing a type of fat called VLDL, can lower the triglyceride
      concentration by as much as 50 percent or more. This study seeks to determine if the
      administration of fish oil along with standard treatment to patients with Hepatitis C will
      increase the treatment response rates.
    </textblock>
  </brief_summary>
  <detailed_description>
    <textblock>
      Hepatic steatosis may be present in up to 66% of cases of chronic Hepatitis C infection.
      Previous studies have reported steatosis to be an independent predictor of treatment failure
      in patients with chronic hepatitis C infection.

      The pathogenesis of hepatic steatosis in chronic Hepatitis C infection has not been fully
      elucidated. Hepatic steatosis is a manifestation of excessive triglyceride accumulation in
      the liver. Hypertriglyceridemia may benefit from Omega-3 fatty acid (fish oil supplements)
      which, by reducing VLDL production can lower the serum triglyceride concentration by as much
      as 50 percent or more.

      The treatment of chronic hepatitis C results in an average sustained viral response rate of
      54%-63%. We have found response rates of around 50% on treatment of patients. We hypothesize
      that by giving omega-3 fatty acids along with interferon therapy for patients with Hepatitis
      C, we may be able to increase the treatment response rates. Thus, the purpose of the study
      is to look at the effect of omega 3 fatty acids on early and sustained viral response rates
      in patients with chronic HCV infection.
    </textblock>
  </detailed_description>
  <overall_status>Withdrawn</overall_status>
  <why_stopped>
    Lack of study enrollment.
  </why_stopped>
  <start_date>June 2009</start_date>
  <completion_date type="Actual">August 2012</completion_date>
  <primary_completion_date type="Actual">August 2012</primary_completion_date>
  <phase>N/A</phase>
  <study_type>Interventional</study_type>
  <study_design>Allocation: Randomized, Endpoint Classification: Safety/Efficacy Study, Intervention Model: Parallel Assignment, Masking: Double Blind (Subject, Investigator), Primary Purpose: Treatment</study_design>
  <primary_outcome>
    <measure>To assess whether omega-3 fatty acids can improve early and sustained viral responses to treatment with interferon in patients with chronic infection.</measure>
    <time_frame>To be determined by Hepatits C genotype</time_frame>
  </primary_outcome>
  <secondary_outcome>
    <measure>To look at the effect of treatment of Hepatitis C on insulin resistance.</measure>
    <time_frame>While using Omega-3 Fatty Acid capsules</time_frame>
  </secondary_outcome>
  <number_of_arms>2</number_of_arms>
  <enrollment type="Actual">0</enrollment>
  <condition>Hepatitis C</condition>
  <arm_group>
    <arm_group_label>1.</arm_group_label>
    <arm_group_type>Experimental</arm_group_type>
    <description>Omega-3 Fatty Acids 4 grams/day</description>
  </arm_group>
  <arm_group>
    <arm_group_label>2.</arm_group_label>
    <arm_group_type>Placebo Comparator</arm_group_type>
    <description>Placebo comparator along with interferon.</description>
  </arm_group>
  <intervention>
    <intervention_type>Dietary Supplement</intervention_type>
    <intervention_name>Omega-3 Fatty Acids</intervention_name>
    <description>Omega-3 Fatty Acids - 4 grams per day</description>
    <arm_group_label>1.</arm_group_label>
    <other_name>Omacor@</other_name>
  </intervention>
  <intervention>
    <intervention_type>Drug</intervention_type>
    <intervention_name>Placebo comparator</intervention_name>
    <arm_group_label>2.</arm_group_label>
  </intervention>
  <eligibility>
    <criteria>
      <textblock>
        Inclusion Criteria:

          -  Adult patients &gt; 18 years of age

          -  Patients with chronic hepatitis C infection

          -  Patients receiving interferon for treatment of hepatitis C

        Exclusion Criteria:

          -  pregnant or lactating patients

          -  End stage target organ damage in diabetes mellitus: advanced renal failure (serum
             creatinine &gt;2.0 mg/dl) with or without dialysis, severe neuropathy, advanced
             peripheral vascular disease.

          -  Anticipated life expectancy less than 2 years

          -  Co-existent etiologies for liver disease

          -  Alcohol consumption more than 30 g per day in men and more than 20 g per day in
             women.

          -  Patients on Omega-3 fatty acid supplementation or those patients who report eating
             oily fish such as salmon, albacore tuna, sardines, etc. twice a week or more
             frequently.
      </textblock>
    </criteria>
    <gender>Both</gender>
    <minimum_age>18 Years</minimum_age>
    <maximum_age>N/A</maximum_age>
    <healthy_volunteers>No</healthy_volunteers>
  </eligibility>
  <overall_official>
    <last_name>Laura M Alba, M.D.</last_name>
    <role>Principal Investigator</role>
    <affiliation>Truman Medical Center</affiliation>
  </overall_official>
  <overall_official>
    <last_name>Jagdish Nachnani, MD</last_name>
    <role>Principal Investigator</role>
    <affiliation>Truman Medical Center</affiliation>
  </overall_official>
  <location>
    <facility>
      <name>Saint Luke's Hospital</name>
      <address>
        <city>Kansas City</city>
        <state>Missouri</state>
        <zip>64111</zip>
        <country>United States</country>
      </address>
    </facility>
  </location>
  <location>
    <facility>
      <name>Truman Medical Center</name>
      <address>
        <city>Kansas City</city>
        <state>Missouri</state>
        <zip>64108</zip>
        <country>United States</country>
      </address>
    </facility>
  </location>
  <location_countries>
    <country>United States</country>
  </location_countries>
  <link>
    <url>http://www.trumed.org</url>
    <description>Truman Medical Center</description>
  </link>
  <link>
    <url>http://www.cdc.gov/Ncidod/diseases/hepatitis/c/index.htm</url>
    <description>Hepatitis information</description>
  </link>
  <verification_date>September 2013</verification_date>
  <lastchanged_date>September 13, 2013</lastchanged_date>
  <firstreceived_date>October 19, 2007</firstreceived_date>
  <responsible_party>
    <responsible_party_type>Sponsor</responsible_party_type>
  </responsible_party>
  <keyword>Hepatitis C</keyword>
  <keyword>Omega 3 fatty acids</keyword>
  <keyword>Omacor</keyword>
  <keyword>Interferon</keyword>
  <is_fda_regulated>Yes</is_fda_regulated>
  <is_section_801>Yes</is_section_801>
  <has_expanded_access>No</has_expanded_access>
  <condition_browse>
    <!-- CAUTION:  The following MeSH terms are assigned with an imperfect algorithm  -->
    <mesh_term>Hepatitis</mesh_term>
    <mesh_term>Hepatitis A</mesh_term>
    <mesh_term>Hepatitis C</mesh_term>
    <mesh_term>Hepatitis C, Chronic</mesh_term>
    <mesh_term>Hepatitis, Chronic</mesh_term>
  </condition_browse>
  <!-- Results have not yet been posted for this study                                -->
</clinical_study>
