<?xml version="1.0" encoding="UTF-8"?>
<clinical_study rank="86">
  <!-- This xml conforms to an XML Schema at:
    https://clinicaltrials.gov/ct2/html/images/info/public.xsd
 and an XML DTD at:
    https://clinicaltrials.gov/ct2/html/images/info/public.dtd -->
  <required_header>
    <download_date>ClinicalTrials.gov processed this data on December 13, 2015</download_date>
    <link_text>Link to the current ClinicalTrials.gov record.</link_text>
    <url>https://clinicaltrials.gov/show/NCT00686517</url>
  </required_header>
  <id_info>
    <org_study_id>P03552</org_study_id>
    <nct_id>NCT00686517</nct_id>
  </id_info>
  <brief_title>Evaluation of Peginterferon Alfa-2b Monotherapy and Combination With Ribavirin in Participants With Acute Hepatitis C (P03552/MK-4031-137)</brief_title>
  <official_title>An Open, Randomized, Multicentre Trial to Evaluate Efficacy and Safety of a 24-week Course of PEG-Interferon Alpha-2b Versus a 12-week Course of PEG-Interferon Alpha-2b Alone or Plus Ribavirin in Patients With Acute Hepatitis C</official_title>
  <sponsors>
    <lead_sponsor>
      <agency>Merck Sharp &amp; Dohme Corp.</agency>
      <agency_class>Industry</agency_class>
    </lead_sponsor>
    <collaborator>
      <agency>Biokos Farma srl</agency>
      <agency_class>Other</agency_class>
    </collaborator>
  </sponsors>
  <source>Merck Sharp &amp; Dohme Corp.</source>
  <oversight_info>
    <authority>Italy: Ministry of Health</authority>
    <has_dmc>No</has_dmc>
  </oversight_info>
  <brief_summary>
    <textblock>
      The objective of this study is to evaluate the efficacy of three regimens of pegylated
      interferon-alfa 2b (PEG-IFN) either as monotherapy or in combination with ribavirin in
      participants with acute hepatitis C. After 12 weeks of observation from disease onset,
      participants will receive one of the following regimens: (1) a 24-week course of PEG-IFN
      monotherapy (PEG-IFN 24); or (2) a 12-week course of PEG-IFN monotherapy (PEG-IFN-12); or
      (3) a 12-week course of PEG-IFN in combination with ribavirin (PEG-IFN + RVB 12). After the
      treatment period, participants will enter a 12-month follow-up.
    </textblock>
  </brief_summary>
  <overall_status>Completed</overall_status>
  <start_date>December 2003</start_date>
  <completion_date type="Actual">December 2010</completion_date>
  <primary_completion_date type="Actual">December 2010</primary_completion_date>
  <phase>Phase 3</phase>
  <study_type>Interventional</study_type>
  <study_design>Allocation: Randomized, Endpoint Classification: Efficacy Study, Intervention Model: Parallel Assignment, Masking: Open Label, Primary Purpose: Treatment</study_design>
  <primary_outcome>
    <measure>Number of Participants With Sustained Response (SR) at the End of the 6-month Follow-up Period</measure>
    <time_frame>Evaluated at the end of 6 months</time_frame>
    <safety_issue>No</safety_issue>
    <description>SR was defined as serum Hepatitis C Virus (HCV RNA) level at the end of 6-month follow-up below 15 IU/mL.</description>
  </primary_outcome>
  <secondary_outcome>
    <measure>Virologic Response at the End of Treatment Follow-up (ETR)</measure>
    <time_frame>At the end of treatment (either 12 weeks or 24 weeks depending on randomization).</time_frame>
    <safety_issue>No</safety_issue>
    <description>ETR was achieved if serum HCV RNA level at the end of 12 or 24 weeks
treatment (depending on treatment arm) was &lt;15 IU/mL.</description>
  </secondary_outcome>
  <secondary_outcome>
    <measure>Virologic Response at 12 Months Post-treatment Follow-up (Long-term Response, [LTR]).</measure>
    <time_frame>At 12 months post-treatment (treatment period either 12 weeks or 24 weeks depending on randomization).</time_frame>
    <safety_issue>No</safety_issue>
    <description>LTR was obtained if serum HCV RNA level at the end of 12-month follow-up was &lt;15 IU/mL.</description>
  </secondary_outcome>
  <secondary_outcome>
    <measure>Number of Participants Presenting With Alanine Transferase (ALT) Level Normalization</measure>
    <time_frame>Evaluated at end of treatment (either 12 weeks or 24 weeks, depending on randomization), at 6-month follow-up visit, or at 12-month follow-up visit.</time_frame>
    <safety_issue>No</safety_issue>
    <description>ALT normalization was used as a measure of biochemical response to treatment. ALT levels were assessed at each study visit by the local laboratory, and efficacy measurements at the end of treatment, at 6 and 12 months post treatment follow-up were reported.</description>
  </secondary_outcome>
  <secondary_outcome>
    <measure>Number of Participants With Rapid Virologic Response (RVR)</measure>
    <time_frame>Evaluated at 2 and 4 weeks of treatment</time_frame>
    <safety_issue>No</safety_issue>
    <description>Participants were considered to have RVR if serum HCV RNA level at 2 or 4
weeks of treatment was below the cut off value of the referring local
laboratory of each participating site.</description>
  </secondary_outcome>
  <secondary_outcome>
    <measure>Number of Peripheral Blood Mononuclear Cells (PBMCs)</measure>
    <time_frame>Treatment Weeks 2, 4, 8, and 12</time_frame>
    <safety_issue>No</safety_issue>
    <description>Cellular Differentiation Cluster Antigen 8-Positive (CD8+) PBMCs were measured at randomization, Treatment Weeks 2, 4, 8, and 12.</description>
  </secondary_outcome>
  <number_of_arms>3</number_of_arms>
  <enrollment type="Actual">130</enrollment>
  <condition>Hepatitis C</condition>
  <arm_group>
    <arm_group_label>PEG-IFN 24</arm_group_label>
    <arm_group_type>Experimental</arm_group_type>
    <description>pegylated interferon alpha-2b 1.5 ug/kg/week for 24 weeks</description>
  </arm_group>
  <arm_group>
    <arm_group_label>PEG-IFN 12</arm_group_label>
    <arm_group_type>Experimental</arm_group_type>
    <description>pegylated interferon alpha-2b 1.5 ug/kg/week for 12 weeks</description>
  </arm_group>
  <arm_group>
    <arm_group_label>PEG-IFN + RVB 12</arm_group_label>
    <arm_group_type>Experimental</arm_group_type>
    <description>pegylated interferon alpha-2b 1.5 ug/kg/week in combination with ribavirin at the dose of 10.6 mg/kg/day for 12 weeks</description>
  </arm_group>
  <intervention>
    <intervention_type>Biological</intervention_type>
    <intervention_name>Pegylated interferon alfa-2b</intervention_name>
    <description>1.5 ug/kg/week SC for 12 or 24 weeks</description>
    <arm_group_label>PEG-IFN 24</arm_group_label>
    <arm_group_label>PEG-IFN 12</arm_group_label>
    <arm_group_label>PEG-IFN + RVB 12</arm_group_label>
    <other_name>SCH 54031, PegIntron</other_name>
  </intervention>
  <intervention>
    <intervention_type>Drug</intervention_type>
    <intervention_name>Ribavirin</intervention_name>
    <description>Ribavirin at the dose of 10.6 mg/kg/day for 12 weeks</description>
    <arm_group_label>PEG-IFN + RVB 12</arm_group_label>
    <other_name>SCH 18908, Rebetol</other_name>
  </intervention>
  <eligibility>
    <criteria>
      <textblock>
        Inclusion Criteria:

          -  Diagnosed with acute hepatitis C virus (HCV).

          -  Normal and Elevated serum alanine transferase (ALT) levels

          -  Positive serum HCV-RNA.

          -  Aged between 18 and 65 years.

          -  Negative urine or serum pregnancy test (for women of childbearing potential)
             documented within the 24-hour period prior to the first dose of the drug.
             Additionally, all fertile males with partners of childbearing age and females must be
             using reliable contraception during the study and additionally for participants
             treated with ribavirin, for 6 months (for woman) and 7 months (for man and his
             partner) after treatment completion

        Exclusion Criteria:

          -  Liver disease unrelated to HCV infection

          -  Hemoglobin (Hgb) &lt;12g/dL in women and &lt;13g/dL in men; white blood cells (WBC)
             &lt;3,000/uL; platelets (PLTs) &lt;100,000/ul

          -  Women with ongoing pregnancy or who are breast feeding

          -  History of severe psychiatric disease, especially depression

          -  History of neurologic disease, especially epilepsy

          -  History or evidence of symptoms of severe cardiac, gastrointestinal and kidney
             disease

          -  Positive anti-Human Immunodeficiency Virus (HIV) antibodies

          -  Positive anti-nuclear antibodies (ANA) and/or Anti-Smooth Muscle Antibody (ASMA)
             (&gt;1/80)

          -  Positive Hepatitis B surface antigen (HBsAg)

          -  History of having received any systemic anti-neoplastic or immunomodulatory treatment
             in the previous 6 months

          -  History or other evidence of severe illness or any other conditions which would make
             the participants, in the opinion of investigator, unsuitable for the study (active
             drug addict except those under methadone treatment, thalassemic, dyalized included)
      </textblock>
    </criteria>
    <gender>Both</gender>
    <minimum_age>18 Years</minimum_age>
    <maximum_age>65 Years</maximum_age>
    <healthy_volunteers>No</healthy_volunteers>
  </eligibility>
  <removed_countries>
    <country>Italy</country>
  </removed_countries>
  <results_reference>
    <citation>Santantonio T, Fasano M, Sagnelli E, Tundo P, Babudieri S, Fabris P, Toti M, Di Perri G, Marino N, Pizzigallo E, Angarano G; Acute Hepatitis C Study Group. Acute hepatitis C: a 24-week course of pegylated interferon α-2b versus a 12-week course of pegylated interferon α-2b alone or with ribavirin. Hepatology. 2014 Jun;59(6):2101-9. doi: 10.1002/hep.26991. Epub 2014 Apr 29.</citation>
    <PMID>24442928</PMID>
  </results_reference>
  <verification_date>July 2015</verification_date>
  <lastchanged_date>July 6, 2015</lastchanged_date>
  <firstreceived_date>May 27, 2008</firstreceived_date>
  <firstreceived_results_date>December 22, 2011</firstreceived_results_date>
  <responsible_party>
    <responsible_party_type>Sponsor</responsible_party_type>
  </responsible_party>
  <is_fda_regulated>Yes</is_fda_regulated>
  <is_section_801>No</is_section_801>
  <has_expanded_access>No</has_expanded_access>
  <condition_browse>
    <!-- CAUTION:  The following MeSH terms are assigned with an imperfect algorithm  -->
    <mesh_term>Hepatitis</mesh_term>
    <mesh_term>Hepatitis A</mesh_term>
    <mesh_term>Hepatitis C</mesh_term>
  </condition_browse>
  <intervention_browse>
    <!-- CAUTION:  The following MeSH terms are assigned with an imperfect algorithm  -->
    <mesh_term>Interferon-alpha</mesh_term>
    <mesh_term>Interferons</mesh_term>
    <mesh_term>Peginterferon alfa-2b</mesh_term>
    <mesh_term>Ribavirin</mesh_term>
  </intervention_browse>
  <!-- Results are available for this study                                           -->
</clinical_study>
