<?xml version="1.0" encoding="UTF-8"?>
<clinical_study rank="80">
  <!-- This xml conforms to an XML Schema at:
    https://clinicaltrials.gov/ct2/html/images/info/public.xsd
 and an XML DTD at:
    https://clinicaltrials.gov/ct2/html/images/info/public.dtd -->
  <required_header>
    <download_date>ClinicalTrials.gov processed this data on December 13, 2015</download_date>
    <link_text>Link to the current ClinicalTrials.gov record.</link_text>
    <url>https://clinicaltrials.gov/show/NCT00593151</url>
  </required_header>
  <id_info>
    <org_study_id>S07-200-02-003</org_study_id>
    <nct_id>NCT00593151</nct_id>
  </id_info>
  <brief_title>Study of Safety, Tolerability, and Anti-Viral Effect of Locteron Compared to PEG-Intron in Patients With Chronic Hepatitis C</brief_title>
  <acronym>PLUS</acronym>
  <official_title>An Open-Label, 3-Panel, Dose-Escalation Study to Assess the Safety and Tolerability, Pharmacokinetics, and Viral Kinetics of Two Doses of LocteronTM (Poly ActiveTM - Interferon Alpha 2b) Given Every 2 Weeks for 4-12 Weeks in Comparison With PEG-Intron Given Weekly for 4-12 Weeks in Patients With Chronic Hepatitis C</official_title>
  <sponsors>
    <lead_sponsor>
      <agency>Biolex Therapeutics, Inc.</agency>
      <agency_class>Industry</agency_class>
    </lead_sponsor>
  </sponsors>
  <source>Biolex Therapeutics, Inc.</source>
  <oversight_info>
    <authority>United States: Food and Drug Administration</authority>
    <has_dmc>Yes</has_dmc>
  </oversight_info>
  <brief_summary>
    <textblock>
      The purposes of the PLUS study were to confirm the safety and tolerability of two doses of
      LocteronTM (320 ug and 640 ug) dosed over four weeks in patients who had failed prior
      anti-HCV therapies (Panels A and B), and then to continue to study the safety, tolerability,
      and preliminary efficacy of the same two doses of LocteronTM (320 ug and 640 ug) in
      treatment-naïve genotype 1 HCV patients when Locteron dosed over 12 weeks (Panel C). All
      subjects were also to receive oral daily weight-based ribavirin.
    </textblock>
  </brief_summary>
  <detailed_description>
    <textblock>
      Panels A and B of the PLUS study were designed to assess the safety and tolerability,
      pharmacokinetics, and viral kinetics over four weeks of two doses of Locteron™ (230 ug and
      640 ug) given every two weeks in comparison with PegIntron® given weekly in
      treatment-experienced subjects with chronic hepatitis C of any genotype who were
      co-administered weight-based oral ribavirin. The two cohorts of 16 subjects each in Panels A
      and B consisted of subjects who had failed prior interferon therapy. In Panel A, 8 subjects
      were randomized to and completed 4 weeks of treatment with 320 μg Locteron™ and 8 subjects
      were randomized to and completed 4 weeks of treatment with 1.5 ug/kg PegIntron®. In Panel B,
      8 subjects were randomized to and completed 4 weeks of treatment with 640 μg Locteron™ and 8
      subjects were randomized to and completed 4 weeks of treatment with 1.5 ug/kg PegIntron®.
      When the results of Panel A and Panel B were known, conduct of Panel C for 12 weeks in
      treatment-naive patients with chronic genotype-1 HCV was considered unnecessary and
      cancelled, and an entirely new study was begun instead.
    </textblock>
  </detailed_description>
  <overall_status>Completed</overall_status>
  <start_date>January 2008</start_date>
  <completion_date type="Actual">March 2009</completion_date>
  <primary_completion_date type="Actual">December 2008</primary_completion_date>
  <phase>Phase 1/Phase 2</phase>
  <study_type>Interventional</study_type>
  <study_design>Allocation: Randomized, Endpoint Classification: Safety Study, Intervention Model: Parallel Assignment, Masking: Open Label, Primary Purpose: Treatment</study_design>
  <primary_outcome>
    <measure>To assess in subjects with chronic hepatitis C the safety and tolerability of Locteron in comparison with PEG-Intron.</measure>
    <time_frame>7 months (4 weeks of treatment, 6 months of follow up)</time_frame>
    <safety_issue>Yes</safety_issue>
  </primary_outcome>
  <secondary_outcome>
    <measure>To assess in subjects with chronic hepatitis C receiving a weight-based oral daily dose of ribavirin: • The PK profile of Locteron (IFNa2b) • The preliminary efficacy of Locteron assessed by serial quantitation of HCV RNA levels</measure>
    <time_frame>4 weeks</time_frame>
    <safety_issue>No</safety_issue>
  </secondary_outcome>
  <number_of_arms>3</number_of_arms>
  <enrollment type="Actual">32</enrollment>
  <condition>Hepatitis C</condition>
  <arm_group>
    <arm_group_label>A, C, 320 mcg</arm_group_label>
    <arm_group_type>Experimental</arm_group_type>
    <description>Bi-weekly subcutaneous doses of Locteron (controlled-release interferon alpha 2b) with oral ribavirin.</description>
  </arm_group>
  <arm_group>
    <arm_group_label>B, C, 640 mcg</arm_group_label>
    <arm_group_type>Experimental</arm_group_type>
    <description>Bi-weekly subcutaneous doses of Locteron (controlled-release interferon alpha 2b) with oral ribavirin.</description>
  </arm_group>
  <arm_group>
    <arm_group_label>A, B, C PEG</arm_group_label>
    <arm_group_type>Active Comparator</arm_group_type>
    <description>Weekly subcutaneous injections of 1.5 ug/kg PegIntron (12 kDalton pegylated interferon alpha 2b) with oral ribavirin.</description>
  </arm_group>
  <intervention>
    <intervention_type>Other</intervention_type>
    <intervention_name>Locteron (controlled-release interferon alpha 2b)</intervention_name>
    <description>biological+device, bi-weekly subcutaneous injections for 4-12 weeks, 160 mcg per injection</description>
    <arm_group_label>A, C, 320 mcg</arm_group_label>
    <arm_group_label>B, C, 640 mcg</arm_group_label>
    <other_name>PolyActive-IFNa2b</other_name>
    <other_name>BLX-883+PolyActive</other_name>
  </intervention>
  <intervention>
    <intervention_type>Biological</intervention_type>
    <intervention_name>pegylated IFNa2b</intervention_name>
    <description>biological, weekly subcutaneous injections for 4-12 weeks, 1.5 mcg/kg</description>
    <arm_group_label>A, B, C PEG</arm_group_label>
    <other_name>PEG-Intron</other_name>
    <other_name>PEG</other_name>
    <other_name>12 kDalton pegylated interferon alpha 2b</other_name>
  </intervention>
  <eligibility>
    <criteria>
      <textblock>
        Inclusion Criteria:

          -  Evidence of chronic hepatitis C

          -  Positive HCV RNA test with a level &gt;= 1 x 104 IU/mL (by RT-PCR)

        Exclusion Criteria:

          -  Decompensated Liver Disease

          -  Positive test for serum antibodies to the human immunodeficiency virus (HIV),
             hepatitis A (HAV-IgM), o hepatitis B (HBV- +Hepatitis B surface antigen)

          -  A history of severe psychiatric disease, including major depression

          -  A history of immunologically-mediated disease, COPD, severe asthma, severe cardiac
             disease, active cancer or cancer within last 5 years, seizures within the past 5
             years or epilepsy, solid organ or bone marrow transplant, uncontrolled thyroid
             disease, or clinically significant retinopathy

          -  Pregnant or lactating females
      </textblock>
    </criteria>
    <gender>Both</gender>
    <minimum_age>18 Years</minimum_age>
    <maximum_age>N/A</maximum_age>
    <healthy_volunteers>No</healthy_volunteers>
  </eligibility>
  <overall_official>
    <last_name>Walker Long, MD</last_name>
    <role>Study Director</role>
    <affiliation>Biolex Therapeutics, Inc.</affiliation>
  </overall_official>
  <location>
    <facility>
      <name>Henry Ford Hospital</name>
      <address>
        <city>Detroit</city>
        <state>Michigan</state>
        <zip>48202</zip>
        <country>United States</country>
      </address>
    </facility>
  </location>
  <location>
    <facility>
      <name>Methodist Dallas Medical Center</name>
      <address>
        <city>Dallas</city>
        <state>Texas</state>
        <zip>75208</zip>
        <country>United States</country>
      </address>
    </facility>
  </location>
  <location>
    <facility>
      <name>Alamo Medical Research</name>
      <address>
        <city>San Antonio</city>
        <state>Texas</state>
        <zip>78215</zip>
        <country>United States</country>
      </address>
    </facility>
  </location>
  <location>
    <facility>
      <name>Inova Center for Liver Diseases</name>
      <address>
        <city>Annandale</city>
        <state>Virginia</state>
        <zip>22003</zip>
        <country>United States</country>
      </address>
    </facility>
  </location>
  <location>
    <facility>
      <name>McGuire DVAMC, McGuire Research Institute</name>
      <address>
        <city>Richmond</city>
        <state>Virginia</state>
        <zip>23249</zip>
        <country>United States</country>
      </address>
    </facility>
  </location>
  <location_countries>
    <country>United States</country>
  </location_countries>
  <results_reference>
    <citation>Lawitz E, Younossi ZM, Shiffman M, Gordon S, Ghalib R, Long W, Muir A, McHutchison J. Randomized trial comparing systemic and local reactions to controlled-release interferon alpha2b and pegylated-interferon alpha2b in hepatitis C subjects who failed prior treatment. J Hepatology 50:S231 (abstract 628), 2009. (Presented to the 44th Annual Meeting Of The European Association for the Study of the Liver, April 22-26, 2009.)</citation>
  </results_reference>
  <verification_date>February 2012</verification_date>
  <lastchanged_date>February 1, 2012</lastchanged_date>
  <firstreceived_date>January 2, 2008</firstreceived_date>
  <responsible_party>
    <responsible_party_type>Sponsor</responsible_party_type>
  </responsible_party>
  <keyword>Antimetabolites</keyword>
  <keyword>Virus Diseases</keyword>
  <keyword>Anti-Infective Agents</keyword>
  <keyword>RNA Virus Infections</keyword>
  <keyword>Digestive System Diseases</keyword>
  <keyword>Flaviviridae Infections</keyword>
  <keyword>Antineoplastic Agents</keyword>
  <keyword>Therapeutic Uses</keyword>
  <keyword>Antiviral Agents</keyword>
  <keyword>Molecular Mechanisms of Action</keyword>
  <keyword>Pharmacologic Actions</keyword>
  <is_fda_regulated>Yes</is_fda_regulated>
  <is_section_801>No</is_section_801>
  <has_expanded_access>No</has_expanded_access>
  <condition_browse>
    <!-- CAUTION:  The following MeSH terms are assigned with an imperfect algorithm  -->
    <mesh_term>Hepatitis</mesh_term>
    <mesh_term>Hepatitis A</mesh_term>
    <mesh_term>Hepatitis C</mesh_term>
    <mesh_term>Hepatitis C, Chronic</mesh_term>
    <mesh_term>Hepatitis, Chronic</mesh_term>
  </condition_browse>
  <intervention_browse>
    <!-- CAUTION:  The following MeSH terms are assigned with an imperfect algorithm  -->
    <mesh_term>Interferon-alpha</mesh_term>
    <mesh_term>Interferons</mesh_term>
    <mesh_term>Peginterferon alfa-2b</mesh_term>
  </intervention_browse>
  <!-- Results have not yet been posted for this study                                -->
</clinical_study>
