<?xml version="1.0" encoding="UTF-8"?>
<clinical_study rank="28">
  <!-- This xml conforms to an XML Schema at:
    https://clinicaltrials.gov/ct2/html/images/info/public.xsd
 and an XML DTD at:
    https://clinicaltrials.gov/ct2/html/images/info/public.dtd -->
  <required_header>
    <download_date>ClinicalTrials.gov processed this data on December 13, 2015</download_date>
    <link_text>Link to the current ClinicalTrials.gov record.</link_text>
    <url>https://clinicaltrials.gov/show/NCT00686790</url>
  </required_header>
  <id_info>
    <org_study_id>P04603</org_study_id>
    <nct_id>NCT00686790</nct_id>
  </id_info>
  <brief_title>Efficacy of Peginterferon Alfa-2b in Previously Untreated Subjects With Chronic Hepatitis B and D Co-infection (Study P04603)</brief_title>
  <official_title>An Open Label, Uncontrolled, Study to Assess the Response of Peg-Intron in naïve Patients With Chronic Hepatitis B and D Co-infection</official_title>
  <sponsors>
    <lead_sponsor>
      <agency>Merck Sharp &amp; Dohme Corp.</agency>
      <agency_class>Industry</agency_class>
    </lead_sponsor>
  </sponsors>
  <source>Merck Sharp &amp; Dohme Corp.</source>
  <oversight_info>
    <authority>Romania: National Medicines Agency</authority>
    <has_dmc>No</has_dmc>
  </oversight_info>
  <brief_summary>
    <textblock>
      The objective of this study is to determine the effectiveness of peginterferon alfa-2b 1.5
      mcg/kg/week administered for 52 weeks (wk) in previously untreated participants coinfected
      with hepatitis virus B and D. After 52-week treatment and 52-week follow-up, the virologic,
      biochemical, and histological response will be evaluated.
    </textblock>
  </brief_summary>
  <overall_status>Completed</overall_status>
  <start_date>December 2005</start_date>
  <completion_date type="Actual">May 2009</completion_date>
  <primary_completion_date type="Actual">May 2009</primary_completion_date>
  <phase>Phase 3</phase>
  <study_type>Interventional</study_type>
  <study_design>Endpoint Classification: Efficacy Study, Intervention Model: Single Group Assignment, Masking: Open Label, Primary Purpose: Treatment</study_design>
  <primary_outcome>
    <measure>Number of Participants With a Virological Response</measure>
    <time_frame>52 weeks (end of treatment [EOT]), 104 weeks (end of follow-up [EOF]) following treatment initiation</time_frame>
    <safety_issue>No</safety_issue>
    <description>For virological response, a participant was defined as a responder if his/her serum sample tested negative for Hepatitis D Virus - ribonucleic acid (HDV-RNA) by polymerase chain reaction (PCR) at end of treatment (EOT).</description>
  </primary_outcome>
  <primary_outcome>
    <measure>Number of Participants With a Biochemical Response</measure>
    <time_frame>52 weeks (EOT), 104 weeks (EOF)</time_frame>
    <safety_issue>No</safety_issue>
    <description>A participant was defined as a responder if his alanine aminotransferase (ALT) level after 52 weeks, i.e. at EOT, was below the upper reference range as specified by Bioclinica. The normal reference range for ALT is 5-55 U/L.</description>
  </primary_outcome>
  <primary_outcome>
    <measure>Number of Participants With a Combined Response</measure>
    <time_frame>52 weeks (EOT), 104 weeks (EOF)</time_frame>
    <safety_issue>No</safety_issue>
    <description>The combined response was defined as an ALT level below the upper
reference range and a negative HDV-RNA test. The normal reference range for ALT is 5-55 U/L.</description>
  </primary_outcome>
  <secondary_outcome>
    <measure>Number of Participants With Hepatitis B Virus (HBV) Replication Response (HBV Response)</measure>
    <time_frame>52 week (EOT)</time_frame>
    <safety_issue>No</safety_issue>
    <description>Serum samples collected from the participants were tested by PCR to detect HBV-DNA. HBV response was defined as the absence of HBV-deoxyribonucleic acid (HBV-DNA) in serum.</description>
  </secondary_outcome>
  <secondary_outcome>
    <measure>Number of Participants With a Liver Histology Response</measure>
    <time_frame>Baseline and 52 week (EOT)</time_frame>
    <safety_issue>No</safety_issue>
    <description>The liver histology response was defined as at least a 2 point decrease in the necrosis inflammation score (a sum of periportal necrosis [0-10], lobular inflammation [0-4], portal inflammation [0-4], with the total score of 18 representing the worst outcome) and no increase or regression of fibrosis (scored [0-4]) in the pre- and post-treatment liver biopsies.
The efficacy of treatment based on histological response was assessed by the investigator as complete response, partial response, minimal response, progressive disease, and not assessable at EOT.</description>
  </secondary_outcome>
  <number_of_arms>1</number_of_arms>
  <enrollment type="Actual">68</enrollment>
  <condition>Hepatitis D, Chronic</condition>
  <condition>Hepatitis B, Chronic</condition>
  <arm_group>
    <arm_group_label>PegIntron</arm_group_label>
    <arm_group_type>Experimental</arm_group_type>
    <description>All participants received PegIntron (Peginterferon alfa-2b) weekly based on their body weight.</description>
  </arm_group>
  <intervention>
    <intervention_type>Biological</intervention_type>
    <intervention_name>Peginterferon alfa-2b (PegIntron, SCH 54031)</intervention_name>
    <description>Peginterferon alfa-2b 1.5 mcg/kg/wk subcutaneously (SC) for 52 weeks.</description>
    <arm_group_label>PegIntron</arm_group_label>
    <other_name>SCH 54031, PegIntron</other_name>
  </intervention>
  <eligibility>
    <criteria>
      <textblock>
        Inclusion Criteria:

          -  Participants must demonstrate their willingness to participate in the study and
             comply with its procedures by signing a written informed consent.

          -  Age 18-65 years old.

          -  HBsAg positive &gt;6 months.

          -  ALT &gt;= 2 ULN &gt;6 months.

          -  HDV RNA positive serology.

          -  Serum antibody to hepatitis delta antigen of IgG and IgM class.

          -  Knodell score HAI &gt;= 6 and F &gt;= 0; positive test for intrahepatic Delta antigen in
             liver biopsy.

          -  Women of childbearing potential (includes women who are less than 1 year
             postmenopausal and women who become sexually active) must be using an acceptable
             method of birth control (e.g., hormonal contraceptive, medically prescribed IUD,
             condom in combination with spermicide) or be surgically sterilized (e.g.,
             hysterectomy or tubal ligation).

          -  Participants must be free of any clinically significant disease (other than chronic
             hepatitis B and D), that would interfere with study evaluations.

          -  Participants must understand and be able to adhere to the dosing and visit schedules,
             and agree to record symptom severity scores, medication times, concomitant
             medications, and adverse events accurately and consistently in a daily diary.

        Exclusion Criteria:

          -  Age &lt;18 and &gt;65.

          -  Concomitant HCV and/or HIV infection.

          -  Actual liver failure (total serum bilirubin &gt;2.5 x normal, prolonged prothrombin time
             &gt;3 sec, serum albumin &lt;3 g/dl, history of ascites, variceal bleeding, or hepatic
             encephalopathy).

          -  Toxic or autoimmune hepatitis (ANA titers &gt; 1:160), metabolic liver diseases (Wilson
             disease, hemochromatosis, α-1 antitrypsin deficiency)

          -  Women who are pregnant or nursing.

          -  Leukopenia (&lt;2500/mm^3), neutropenia (&lt;1000/mm^3), hemoglobin &lt;10 g/dl, presence of
             other severe diseases (myocardiopathy, diabetes mellitus, arterial hypertension,
             neoplasia, neurologic diseases, malnutrition).

          -  Antiviral, immunomodulatory, corticosteroid, or chemotherapeutical treatment within 6
             months of the participation in the study.

          -  Depression and/or psychiatric disorders.
      </textblock>
    </criteria>
    <gender>Both</gender>
    <minimum_age>18 Years</minimum_age>
    <maximum_age>65 Years</maximum_age>
    <healthy_volunteers>No</healthy_volunteers>
  </eligibility>
  <removed_countries>
    <country>Romania</country>
  </removed_countries>
  <verification_date>September 2015</verification_date>
  <lastchanged_date>September 24, 2015</lastchanged_date>
  <firstreceived_date>May 27, 2008</firstreceived_date>
  <firstreceived_results_date>December 21, 2010</firstreceived_results_date>
  <responsible_party>
    <responsible_party_type>Sponsor</responsible_party_type>
  </responsible_party>
  <keyword>Hepatitis D</keyword>
  <keyword>Hepatitis B</keyword>
  <is_fda_regulated>Yes</is_fda_regulated>
  <is_section_801>No</is_section_801>
  <has_expanded_access>No</has_expanded_access>
  <condition_browse>
    <!-- CAUTION:  The following MeSH terms are assigned with an imperfect algorithm  -->
    <mesh_term>Hepatitis</mesh_term>
    <mesh_term>Hepatitis A</mesh_term>
    <mesh_term>Hepatitis B</mesh_term>
    <mesh_term>Hepatitis B, Chronic</mesh_term>
    <mesh_term>Hepatitis D</mesh_term>
    <mesh_term>Hepatitis D, Chronic</mesh_term>
    <mesh_term>Hepatitis, Chronic</mesh_term>
  </condition_browse>
  <intervention_browse>
    <!-- CAUTION:  The following MeSH terms are assigned with an imperfect algorithm  -->
    <mesh_term>Interferon-alpha</mesh_term>
    <mesh_term>Peginterferon alfa-2b</mesh_term>
  </intervention_browse>
  <!-- Results are available for this study                                           -->
</clinical_study>
