<?xml version="1.0" encoding="UTF-8"?>
<clinical_study rank="30">
  <!-- This xml conforms to an XML Schema at:
    https://clinicaltrials.gov/ct2/html/images/info/public.xsd
 and an XML DTD at:
    https://clinicaltrials.gov/ct2/html/images/info/public.dtd -->
  <required_header>
    <download_date>ClinicalTrials.gov processed this data on December 13, 2015</download_date>
    <link_text>Link to the current ClinicalTrials.gov record.</link_text>
    <url>https://clinicaltrials.gov/show/NCT00627926</url>
  </required_header>
  <id_info>
    <org_study_id>VX07-950-108</org_study_id>
    <nct_id>NCT00627926</nct_id>
  </id_info>
  <brief_title>A Phase 3 Study of Telaprevir in Combination With Pegasys® and Copegus® in Treatment-Naive Subjects With Genotype 1 Hepatitis C Virus (HCV)</brief_title>
  <official_title>A Phase 3 Study of 2 Dose Regimens of Telaprevir in Combination With Peginterferon Alfa-2a (Pegasys®) and Ribavirin (Copegus®) in Treatment-Naive Subjects With Genotype 1 Chronic Hepatitis C</official_title>
  <sponsors>
    <lead_sponsor>
      <agency>Vertex Pharmaceuticals Incorporated</agency>
      <agency_class>Industry</agency_class>
    </lead_sponsor>
    <collaborator>
      <agency>Tibotec Pharmaceutical Limited</agency>
      <agency_class>Industry</agency_class>
    </collaborator>
  </sponsors>
  <source>Vertex Pharmaceuticals Incorporated</source>
  <oversight_info>
    <authority>United States: Food and Drug Administration</authority>
    <has_dmc>Yes</has_dmc>
  </oversight_info>
  <brief_summary>
    <textblock>
      A Phase 3 study to evaluate the efficacy and safety of two dosing regimens of telaprevir in
      combination with pegylated interferon alfa 2a (Peg-IFN-alfa-2a) and ribavirin (RBV).
    </textblock>
  </brief_summary>
  <overall_status>Completed</overall_status>
  <start_date>March 2008</start_date>
  <completion_date type="Actual">May 2010</completion_date>
  <primary_completion_date type="Actual">May 2010</primary_completion_date>
  <phase>Phase 3</phase>
  <study_type>Interventional</study_type>
  <study_design>Allocation: Randomized, Endpoint Classification: Safety/Efficacy Study, Intervention Model: Parallel Assignment, Masking: Double Blind (Subject, Caregiver, Investigator, Outcomes Assessor), Primary Purpose: Treatment</study_design>
  <primary_outcome>
    <measure>Number of Subjects Achieving Sustained Viral Response (SVR), Demonstrated by Achieving Undetectable Hepatitis C Virus (HCV) Ribonucleic Acid (RNA) Levels 24 Weeks After Last Planned Dose of Study Treatment</measure>
    <time_frame>24 weeks after last planned dose of study treatment (up to Week 72)</time_frame>
    <safety_issue>No</safety_issue>
    <description>The plasma HCV RNA level was measured using Roche TaqMan HCV RNA assay. The lower limit of quantification was 25 international units per milliliter (IU/mL) and the lower limit of detection was 10 IU/mL. Two results are reported: 1) Protocol defined SVR: undetectable HCV RNA at 24 weeks after the last planned dose of study treatment without any confirmed detectable HCV RNA between end of treatment visit (up to Week 48) and 24 weeks after last planned dose (up to Week 72); 2) SVR as per FDA guidance (snapshot analysis): undetectable HCV RNA at 24 weeks after the last planned dose of study treatment. Analysis was based only on the HCV RNA assessment in visit window (+/-2 weeks); if there were more than 1 assessment in the window, the last measurement was used.</description>
  </primary_outcome>
  <secondary_outcome>
    <measure>Number of Subjects With Undetectable HCV RNA at Week 72</measure>
    <time_frame>Week 72 (24 weeks after last dose for subjects with a planned treatment duration of 48 weeks and 48 weeks after last dose for subjects with planned treatment duration of 24 weeks)</time_frame>
    <safety_issue>No</safety_issue>
    <description>The plasma HCV RNA level was measured using Roche TaqMan HCV RNA assay. The lower limit of quantification was 25 IU/mL and the lower limit of detection was 10 IU/mL.</description>
  </secondary_outcome>
  <secondary_outcome>
    <measure>Number of Subjects Achieving Rapid Viral Response (RVR), Demonstrated by Achieving Undetectable HCV RNA 4 Weeks After Starting Study Treatment</measure>
    <time_frame>Week 4</time_frame>
    <safety_issue>No</safety_issue>
    <description>The plasma HCV RNA level was measured using Roche TaqMan HCV RNA assay. The lower limit of quantification was 25 IU/mL and the lower limit of detection was 10 IU/mL. RVR was defined as undetectable HCV RNA 4 weeks after the start of study treatment.</description>
  </secondary_outcome>
  <secondary_outcome>
    <measure>Number of Subjects Achieving Extended Rapid Viral Response (eRVR), Demonstrated by Achieving Undetectable HCV RNA at Week 4 and at Week 12</measure>
    <time_frame>Week 4 and Week 12</time_frame>
    <safety_issue>No</safety_issue>
    <description>The plasma HCV RNA level was measured using Roche TaqMan HCV RNA assay. The lower limit of quantification was 25 IU/mL and the lower limit of detection was 10 IU/mL. eRVR was defined as undetectable HCV RNA at both Week 4 and Week 12.</description>
  </secondary_outcome>
  <secondary_outcome>
    <measure>Number of Subjects With Undetectable HCV RNA at Week 12</measure>
    <time_frame>Week 12</time_frame>
    <safety_issue>No</safety_issue>
    <description>The plasma HCV RNA level was measured using Roche TaqMan HCV RNA assay. The lower limit of quantification was 25 IU/mL and the lower limit of detection was 10 IU/mL.</description>
  </secondary_outcome>
  <secondary_outcome>
    <measure>Number of Subjects With Undetectable HCV RNA at End of Treatment (EOT)</measure>
    <time_frame>End of treatment (up to Week 48)</time_frame>
    <safety_issue>No</safety_issue>
    <description>The plasma HCV RNA level was measured using Roche TaqMan HCV RNA assay. The lower limit of quantification was 25 IU/mL and the lower limit of detection was 10 IU/mL.</description>
  </secondary_outcome>
  <secondary_outcome>
    <measure>Number of Subjects With Undetectable HCV RNA 12 Weeks After Last Planned Dose of Study Treatment</measure>
    <time_frame>12 weeks after last planned dose of study treatment (up to Week 60)</time_frame>
    <safety_issue>No</safety_issue>
    <description>The plasma HCV RNA level was measured using Roche TaqMan HCV RNA assay. The lower limit of quantification was 25 IU/mL and the lower limit of detection was 10 IU/mL.</description>
  </secondary_outcome>
  <secondary_outcome>
    <measure>Number of Subjects With Undetectable HCV RNA 24 Weeks After Last Actual Dose of Study Treatment</measure>
    <time_frame>24 weeks after last actual dose of study treatment (up to Week 72)</time_frame>
    <safety_issue>No</safety_issue>
    <description>The plasma HCV RNA level was measured using Roche TaqMan HCV RNA assay. The lower limit of quantification was 25 IU/mL and the lower limit of detection was 10 IU/mL.</description>
  </secondary_outcome>
  <secondary_outcome>
    <measure>Number of Subjects With Viral Relapse Planned and Viral Relapse Actual</measure>
    <time_frame>After last dose of study drug up to 24 week antiviral follow-up (up to Week 72)</time_frame>
    <safety_issue>No</safety_issue>
    <description>Viral relapse was defined as having detectable HCV RNA during antiviral follow-up. The plasma HCV RNA level was measured using Roche TaqMan HCV RNA assay. The lower limit of quantification was 25 IU/mL and the lower limit of detection was 10 IU/mL. For viral relapse, 2 analyses were performed: planned and actual. The planned analyses was measured from the end of treatment (EOT) visit to 24 weeks after the last planned dose of study treatment. The actual analyses was measured from the EOT visit to 24 weeks after the last actual dose of study treatment.</description>
  </secondary_outcome>
  <secondary_outcome>
    <measure>Biochemical Response: Number of Subjects With Grade 3 and 4 Shifts From Baseline in Alanine Aminotransferase (ALT) and Aspartate Aminotransferase (AST) Levels</measure>
    <time_frame>Baseline up to Week 48</time_frame>
    <safety_issue>No</safety_issue>
    <description>Criteria for grading severity (toxicity) of ALT and AST: Grade 0 (&lt;1.25*upper limit of normal [ULN]); Grade 1 (mild=1.25 to 2.5*ULN); Grade 2 (moderate=2.6 to 5.0*ULN); Grade 3 (severe= greater than 5.0 to 20.0*ULN); Grade 4 (life-threatening= greater than 20.0*ULN). Number of subjects with Grade 3 shift (from Grade 0, Grade 1 or Grade 2 baseline) and Grade 4 shift (from Grade 0, Grade 1, Grade 2 or Grade 3 baseline) are reported. If a subject experienced more than 1 severity grade shifts during post baseline assessments, the maximum severity grade shift was considered.</description>
  </secondary_outcome>
  <secondary_outcome>
    <measure>Noninvasive Markers of Fibrosis: Number of Subjects With Improvement in FibroTest Analysis</measure>
    <time_frame>Baseline through 24 weeks after last planned dose of study treatment (up to Week 72)</time_frame>
    <safety_issue>No</safety_issue>
    <description>FibroTest analysis was a biomarker analysis test used to generate a score that was correlated with the degree of liver damage. The FibroTest score was calculated from the results of a six-parameter blood test, combining six serum markers (alpha-2-macroglobulin, haptoglobin, apolipoprotein A1, gamma-glutamyl transpeptidase, total bilirubin, and alanine transaminase). The FibroTest score (F score) may range from 0.00 (Grade F0) to 1.00 (Grade F4), where F0= no fibrosis and F4=cirrhosis. Results were presented separately for subjects who achieved SVR at 24 weeks after the last planned dose of study treatment and those who did not achieve SVR at 24 weeks after the last planned dose of study treatment. Improvement was defined as decrease of at least 1 grade relative to baseline.</description>
  </secondary_outcome>
  <secondary_outcome>
    <measure>Fatigue Severity Scale (FSS) Total Score</measure>
    <time_frame>Baseline, Week 4, 12, 24, 36, 48, 72</time_frame>
    <safety_issue>No</safety_issue>
    <description>FSS was a 9-item questionnaire where each item was scored on a scale of 1 to 7 (higher scores indicated higher influence of fatigue). FSS total score was calculated as the average of individual items on the questionnaire and FSS total score ranged from 1 to 7, where higher score indicated higher influence of fatigue.</description>
  </secondary_outcome>
  <secondary_outcome>
    <measure>Number of Subjects With Adverse Events (AEs) and Serious Adverse Events (SAEs)</measure>
    <time_frame>Baseline up to Week 48</time_frame>
    <safety_issue>Yes</safety_issue>
    <description>AE: any adverse change from the subject's baseline (pre-treatment) condition, including any adverse experience, abnormal recording or clinical laboratory assessment value which occurs during the course of the study, whether it is considered related to the study drug or not. An adverse event includes any newly occurring event or previous condition that has increased in severity or frequency since the administration of study drug. SAE: medical event or condition, which falls into any of the following categories, regardless of its relationship to the study drug: death, life threatening adverse experience, in-patient hospitalization/prolongation of hospitalization, persistent/significant disability or incapacity, congenital anomaly/birth defect, important medical event. &quot;Study drug&quot; includes all investigational agents (including placebo, if applicable) administered during the course of the study.</description>
  </secondary_outcome>
  <number_of_arms>3</number_of_arms>
  <enrollment type="Actual">1095</enrollment>
  <condition>Hepatitis C</condition>
  <arm_group>
    <arm_group_label>PBO 12 Week+Peg-IFN-alfa-2a, RBV 48 Week</arm_group_label>
    <arm_group_type>Placebo Comparator</arm_group_type>
    <description>Placebo (PBO) matched to telaprevir 750 mg tablet thrice daily for 12 weeks in combination with pegylated interferon alfa 2a (Peg-IFN-alfa-2a) 180 microgram per week (mcg/week) subcutaneous injection and ribavirin (RBV) tablet orally twice daily at a dose of 1000 milligram per day (mg/day) for subjects weighing less than (&lt;) 75 kilogram (kg) and 1200 mg/day for subjects weighing greater than or equal to (&gt;=) 75 kg, for 48 weeks.</description>
  </arm_group>
  <arm_group>
    <arm_group_label>Telaprevir 8 Week, PBO 4 Week+Peg-IFN-alfa-2a, RBV 24/48 Week</arm_group_label>
    <arm_group_type>Experimental</arm_group_type>
    <description>Telaprevir 750 mg tablet thrice daily for 8 weeks, then PBO matched to Telaprevir 750 mg tablet thrice daily for 4 weeks in combination with Peg-IFN-alfa-2a 180 mcg/week subcutaneous injection and RBV tablet orally twice daily at a dose of 1000 mg/day for subjects weighing &lt;75 kg and 1200 mg/day for subjects weighing &gt;=75 kg, for 24 to 48 weeks depending on individual response to telaprevir treatment.</description>
  </arm_group>
  <arm_group>
    <arm_group_label>Telaprevir 12 Week+Peg-IFN-alfa-2a, RBV 24/48 Week</arm_group_label>
    <arm_group_type>Experimental</arm_group_type>
    <description>Telaprevir 750 mg tablet thrice daily for 12 weeks in combination with Peg-IFN-alfa-2a 180 mcg/week subcutaneous injection and RBV tablet orally twice daily at a dose of 1000 mg/day for subjects weighing &lt;75 kg and 1200 mg/day for subjects weighing &gt;=75 kg, for 24 to 48 weeks depending on individual response to telaprevir treatment.</description>
  </arm_group>
  <intervention>
    <intervention_type>Biological</intervention_type>
    <intervention_name>Pegylated Interferon Alfa 2a</intervention_name>
    <description>subcutaneous injection, 180 micrograms once per week</description>
    <arm_group_label>PBO 12 Week+Peg-IFN-alfa-2a, RBV 48 Week</arm_group_label>
    <arm_group_label>Telaprevir 8 Week, PBO 4 Week+Peg-IFN-alfa-2a, RBV 24/48 Week</arm_group_label>
    <arm_group_label>Telaprevir 12 Week+Peg-IFN-alfa-2a, RBV 24/48 Week</arm_group_label>
    <other_name>Pegasys, Peg-IFN-alfa-2a</other_name>
  </intervention>
  <intervention>
    <intervention_type>Drug</intervention_type>
    <intervention_name>Telaprevir</intervention_name>
    <description>375 mg tablets administered orally every 8 hours at a dose of 750 mg</description>
    <arm_group_label>Telaprevir 8 Week, PBO 4 Week+Peg-IFN-alfa-2a, RBV 24/48 Week</arm_group_label>
    <arm_group_label>Telaprevir 12 Week+Peg-IFN-alfa-2a, RBV 24/48 Week</arm_group_label>
    <other_name>VX-950</other_name>
  </intervention>
  <intervention>
    <intervention_type>Drug</intervention_type>
    <intervention_name>Ribavirin</intervention_name>
    <description>200 mg tablets administered orally twice daily at a dose of 1000 mg/day for subjects weighing &lt;75 kg and 1200 mg/day for subjects weighing ≥75 kg</description>
    <arm_group_label>PBO 12 Week+Peg-IFN-alfa-2a, RBV 48 Week</arm_group_label>
    <arm_group_label>Telaprevir 8 Week, PBO 4 Week+Peg-IFN-alfa-2a, RBV 24/48 Week</arm_group_label>
    <arm_group_label>Telaprevir 12 Week+Peg-IFN-alfa-2a, RBV 24/48 Week</arm_group_label>
    <other_name>Copegus, RBV</other_name>
  </intervention>
  <intervention>
    <intervention_type>Other</intervention_type>
    <intervention_name>Placebo</intervention_name>
    <description>Telaprevir matching placebo</description>
    <arm_group_label>PBO 12 Week+Peg-IFN-alfa-2a, RBV 48 Week</arm_group_label>
    <arm_group_label>Telaprevir 8 Week, PBO 4 Week+Peg-IFN-alfa-2a, RBV 24/48 Week</arm_group_label>
  </intervention>
  <eligibility>
    <criteria>
      <textblock>
        Inclusion Criteria

          -  Has not received any previous treatment with any approved or investigational drug or
             drug regimen for the treatment of hepatitis C

          -  Male and female subjects, 18 to 70 years of age, inclusive

          -  Genotype 1, chronic hepatitis C with detectable Hepatitis C Virus (HCV) Ribonucleic
             Acid (RNA)

          -  Screening laboratory values, tests, and physical exam within acceptable ranges

          -  Able and willing to follow contraception requirements

          -  Able to read and understand, and willing to sign the informed consent form and abide
             by the study restrictions

        Exclusion Criteria

          -  Subject has any contraindications to Pegasys® or Copegus® therapy

          -  Evidence of hepatic decompensation in cirrhotic subjects

          -  History of organ transplant

          -  History of, or any current medical condition which could impact the safety of the
             subject in participation in the study
      </textblock>
    </criteria>
    <gender>Both</gender>
    <minimum_age>18 Years</minimum_age>
    <maximum_age>70 Years</maximum_age>
    <healthy_volunteers>No</healthy_volunteers>
  </eligibility>
  <overall_official>
    <last_name>Medical Monitor</last_name>
    <role>Study Director</role>
    <affiliation>Vertex Pharmaceuticals Incorporated</affiliation>
  </overall_official>
  <location>
    <facility>
      <address>
        <city>Birmingham</city>
        <state>Alabama</state>
        <zip>35209</zip>
        <country>United States</country>
      </address>
    </facility>
  </location>
  <location>
    <facility>
      <address>
        <city>Birmingham</city>
        <state>Alabama</state>
        <zip>35294</zip>
        <country>United States</country>
      </address>
    </facility>
  </location>
  <location>
    <facility>
      <address>
        <city>Phoenix</city>
        <state>Arizona</state>
        <zip>85054</zip>
        <country>United States</country>
      </address>
    </facility>
  </location>
  <location>
    <facility>
      <address>
        <city>Fresno</city>
        <state>California</state>
        <zip>93721</zip>
        <country>United States</country>
      </address>
    </facility>
  </location>
  <location>
    <facility>
      <address>
        <city>LaJolla</city>
        <state>California</state>
        <zip>92037</zip>
        <country>United States</country>
      </address>
    </facility>
  </location>
  <location>
    <facility>
      <address>
        <city>Long Beach</city>
        <state>California</state>
        <zip>90822</zip>
        <country>United States</country>
      </address>
    </facility>
  </location>
  <location>
    <facility>
      <address>
        <city>Los Angeles</city>
        <state>California</state>
        <zip>90033</zip>
        <country>United States</country>
      </address>
    </facility>
  </location>
  <location>
    <facility>
      <address>
        <city>Los Angeles</city>
        <state>California</state>
        <zip>90048</zip>
        <country>United States</country>
      </address>
    </facility>
  </location>
  <location>
    <facility>
      <address>
        <city>San Diego</city>
        <state>California</state>
        <zip>92103</zip>
        <country>United States</country>
      </address>
    </facility>
  </location>
  <location>
    <facility>
      <address>
        <city>San Diego</city>
        <state>California</state>
        <zip>92123</zip>
        <country>United States</country>
      </address>
    </facility>
  </location>
  <location>
    <facility>
      <address>
        <city>San Diego</city>
        <state>California</state>
        <zip>92154</zip>
        <country>United States</country>
      </address>
    </facility>
  </location>
  <location>
    <facility>
      <address>
        <city>San Francisco</city>
        <state>California</state>
        <zip>94115</zip>
        <country>United States</country>
      </address>
    </facility>
  </location>
  <location>
    <facility>
      <address>
        <city>San Francisco</city>
        <state>California</state>
        <zip>94121</zip>
        <country>United States</country>
      </address>
    </facility>
  </location>
  <location>
    <facility>
      <address>
        <city>San Francisco</city>
        <state>California</state>
        <zip>94143</zip>
        <country>United States</country>
      </address>
    </facility>
  </location>
  <location>
    <facility>
      <address>
        <city>Aurora</city>
        <state>Colorado</state>
        <zip>80045</zip>
        <country>United States</country>
      </address>
    </facility>
  </location>
  <location>
    <facility>
      <address>
        <city>Gainesville</city>
        <state>Florida</state>
        <zip>32610</zip>
        <country>United States</country>
      </address>
    </facility>
  </location>
  <location>
    <facility>
      <address>
        <city>Jacksonville</city>
        <state>Florida</state>
        <zip>32224</zip>
        <country>United States</country>
      </address>
    </facility>
  </location>
  <location>
    <facility>
      <address>
        <city>Jacksonville</city>
        <state>Florida</state>
        <zip>32256</zip>
        <country>United States</country>
      </address>
    </facility>
  </location>
  <location>
    <facility>
      <address>
        <city>Miami</city>
        <state>Florida</state>
        <zip>33136</zip>
        <country>United States</country>
      </address>
    </facility>
  </location>
  <location>
    <facility>
      <address>
        <city>Orlando</city>
        <state>Florida</state>
        <zip>32803</zip>
        <country>United States</country>
      </address>
    </facility>
  </location>
  <location>
    <facility>
      <address>
        <city>Sarasota</city>
        <state>Florida</state>
        <zip>34243</zip>
        <country>United States</country>
      </address>
    </facility>
  </location>
  <location>
    <facility>
      <address>
        <city>South Miami</city>
        <state>Florida</state>
        <zip>33143</zip>
        <country>United States</country>
      </address>
    </facility>
  </location>
  <location>
    <facility>
      <address>
        <city>Atlanta</city>
        <state>Georgia</state>
        <zip>30308</zip>
        <country>United States</country>
      </address>
    </facility>
  </location>
  <location>
    <facility>
      <address>
        <city>Savannah</city>
        <state>Georgia</state>
        <zip>31405</zip>
        <country>United States</country>
      </address>
    </facility>
  </location>
  <location>
    <facility>
      <address>
        <city>Honolulu</city>
        <state>Hawaii</state>
        <zip>96817</zip>
        <country>United States</country>
      </address>
    </facility>
  </location>
  <location>
    <facility>
      <address>
        <city>Chicago</city>
        <state>Illinois</state>
        <zip>60637</zip>
        <country>United States</country>
      </address>
    </facility>
  </location>
  <location>
    <facility>
      <address>
        <city>Carmel</city>
        <state>Indiana</state>
        <zip>46032</zip>
        <country>United States</country>
      </address>
    </facility>
  </location>
  <location>
    <facility>
      <address>
        <city>Indianapolis</city>
        <state>Indiana</state>
        <zip>46202</zip>
        <country>United States</country>
      </address>
    </facility>
  </location>
  <location>
    <facility>
      <address>
        <city>Portland</city>
        <state>Maine</state>
        <zip>04102</zip>
        <country>United States</country>
      </address>
    </facility>
  </location>
  <location>
    <facility>
      <address>
        <city>Baltimore</city>
        <state>Maryland</state>
        <zip>21287</zip>
        <country>United States</country>
      </address>
    </facility>
  </location>
  <location>
    <facility>
      <address>
        <city>Laurel</city>
        <state>Maryland</state>
        <zip>20707</zip>
        <country>United States</country>
      </address>
    </facility>
  </location>
  <location>
    <facility>
      <address>
        <city>Boston</city>
        <state>Massachusetts</state>
        <zip>02114</zip>
        <country>United States</country>
      </address>
    </facility>
  </location>
  <location>
    <facility>
      <address>
        <city>Boston</city>
        <state>Massachusetts</state>
        <zip>02215</zip>
        <country>United States</country>
      </address>
    </facility>
  </location>
  <location>
    <facility>
      <address>
        <city>Worcester</city>
        <state>Massachusetts</state>
        <zip>01655</zip>
        <country>United States</country>
      </address>
    </facility>
  </location>
  <location>
    <facility>
      <address>
        <city>Detroit</city>
        <state>Michigan</state>
        <zip>48202</zip>
        <country>United States</country>
      </address>
    </facility>
  </location>
  <location>
    <facility>
      <address>
        <city>Kansas City</city>
        <state>Missouri</state>
        <zip>64131</zip>
        <country>United States</country>
      </address>
    </facility>
  </location>
  <location>
    <facility>
      <address>
        <city>St Louis</city>
        <state>Missouri</state>
        <zip>63104</zip>
        <country>United States</country>
      </address>
    </facility>
  </location>
  <location>
    <facility>
      <address>
        <city>Omaha</city>
        <state>Nebraska</state>
        <zip>68105</zip>
        <country>United States</country>
      </address>
    </facility>
  </location>
  <location>
    <facility>
      <address>
        <city>Albuquerque</city>
        <state>New Mexico</state>
        <zip>87131</zip>
        <country>United States</country>
      </address>
    </facility>
  </location>
  <location>
    <facility>
      <address>
        <city>Manhasset</city>
        <state>New York</state>
        <zip>11030</zip>
        <country>United States</country>
      </address>
    </facility>
  </location>
  <location>
    <facility>
      <address>
        <city>New York City</city>
        <state>New York</state>
        <zip>10003</zip>
        <country>United States</country>
      </address>
    </facility>
  </location>
  <location>
    <facility>
      <address>
        <city>New York City</city>
        <state>New York</state>
        <zip>10021</zip>
        <country>United States</country>
      </address>
    </facility>
  </location>
  <location>
    <facility>
      <address>
        <city>New York City</city>
        <state>New York</state>
        <zip>10029</zip>
        <country>United States</country>
      </address>
    </facility>
  </location>
  <location>
    <facility>
      <address>
        <city>New York City</city>
        <state>New York</state>
        <zip>10032</zip>
        <country>United States</country>
      </address>
    </facility>
  </location>
  <location>
    <facility>
      <address>
        <city>Valhalla</city>
        <state>New York</state>
        <zip>10595</zip>
        <country>United States</country>
      </address>
    </facility>
  </location>
  <location>
    <facility>
      <address>
        <city>Chapel Hill</city>
        <state>North Carolina</state>
        <zip>27599</zip>
        <country>United States</country>
      </address>
    </facility>
  </location>
  <location>
    <facility>
      <address>
        <city>Charlotte</city>
        <state>North Carolina</state>
        <zip>28203</zip>
        <country>United States</country>
      </address>
    </facility>
  </location>
  <location>
    <facility>
      <address>
        <city>Durham</city>
        <state>North Carolina</state>
        <zip>27710</zip>
        <country>United States</country>
      </address>
    </facility>
  </location>
  <location>
    <facility>
      <address>
        <city>Fayetteville</city>
        <state>North Carolina</state>
        <zip>28304</zip>
        <country>United States</country>
      </address>
    </facility>
  </location>
  <location>
    <facility>
      <address>
        <city>Cincinatti</city>
        <state>Ohio</state>
        <zip>45267</zip>
        <country>United States</country>
      </address>
    </facility>
  </location>
  <location>
    <facility>
      <address>
        <city>Cincinnati</city>
        <state>Ohio</state>
        <zip>45219</zip>
        <country>United States</country>
      </address>
    </facility>
  </location>
  <location>
    <facility>
      <address>
        <city>Cleveland</city>
        <state>Ohio</state>
        <zip>44195</zip>
        <country>United States</country>
      </address>
    </facility>
  </location>
  <location>
    <facility>
      <address>
        <city>Hershey</city>
        <state>Pennsylvania</state>
        <zip>17033</zip>
        <country>United States</country>
      </address>
    </facility>
  </location>
  <location>
    <facility>
      <address>
        <city>Philadelphia</city>
        <state>Pennsylvania</state>
        <zip>19104</zip>
        <country>United States</country>
      </address>
    </facility>
  </location>
  <location>
    <facility>
      <address>
        <city>Pittsburgh</city>
        <state>Pennsylvania</state>
        <zip>15213</zip>
        <country>United States</country>
      </address>
    </facility>
  </location>
  <location>
    <facility>
      <address>
        <city>Columbia</city>
        <state>South Carolina</state>
        <zip>29204</zip>
        <country>United States</country>
      </address>
    </facility>
  </location>
  <location>
    <facility>
      <address>
        <city>Germantown</city>
        <state>Tennessee</state>
        <zip>38138</zip>
        <country>United States</country>
      </address>
    </facility>
  </location>
  <location>
    <facility>
      <address>
        <city>Dallas</city>
        <state>Texas</state>
        <zip>75203</zip>
        <country>United States</country>
      </address>
    </facility>
  </location>
  <location>
    <facility>
      <address>
        <city>Dallas</city>
        <state>Texas</state>
        <zip>75246</zip>
        <country>United States</country>
      </address>
    </facility>
  </location>
  <location>
    <facility>
      <address>
        <city>Dallas</city>
        <state>Texas</state>
        <zip>75390</zip>
        <country>United States</country>
      </address>
    </facility>
  </location>
  <location>
    <facility>
      <address>
        <city>Houston</city>
        <state>Texas</state>
        <zip>77030</zip>
        <country>United States</country>
      </address>
    </facility>
  </location>
  <location>
    <facility>
      <address>
        <city>San Antonio</city>
        <state>Texas</state>
        <zip>78215</zip>
        <country>United States</country>
      </address>
    </facility>
  </location>
  <location>
    <facility>
      <address>
        <city>Annandale</city>
        <state>Virginia</state>
        <zip>22003</zip>
        <country>United States</country>
      </address>
    </facility>
  </location>
  <location>
    <facility>
      <address>
        <city>Charlottesville</city>
        <state>Virginia</state>
        <zip>22908</zip>
        <country>United States</country>
      </address>
    </facility>
  </location>
  <location>
    <facility>
      <address>
        <city>Richmond</city>
        <state>Virginia</state>
        <zip>23249</zip>
        <country>United States</country>
      </address>
    </facility>
  </location>
  <location>
    <facility>
      <address>
        <city>Buenos Aires</city>
        <country>Argentina</country>
      </address>
    </facility>
  </location>
  <location>
    <facility>
      <address>
        <city>Darlinghurst</city>
        <country>Australia</country>
      </address>
    </facility>
  </location>
  <location>
    <facility>
      <address>
        <city>Fitzroy</city>
        <country>Australia</country>
      </address>
    </facility>
  </location>
  <location>
    <facility>
      <address>
        <city>Greenslopes</city>
        <country>Australia</country>
      </address>
    </facility>
  </location>
  <location>
    <facility>
      <address>
        <city>Melbourne</city>
        <country>Australia</country>
      </address>
    </facility>
  </location>
  <location>
    <facility>
      <address>
        <city>Perth</city>
        <country>Australia</country>
      </address>
    </facility>
  </location>
  <location>
    <facility>
      <address>
        <city>Westmead</city>
        <country>Australia</country>
      </address>
    </facility>
  </location>
  <location>
    <facility>
      <address>
        <city>Woolloongabba</city>
        <country>Australia</country>
      </address>
    </facility>
  </location>
  <location>
    <facility>
      <address>
        <city>Linz</city>
        <country>Austria</country>
      </address>
    </facility>
  </location>
  <location>
    <facility>
      <address>
        <city>Vienna</city>
        <country>Austria</country>
      </address>
    </facility>
  </location>
  <location>
    <facility>
      <address>
        <city>Calgary</city>
        <country>Canada</country>
      </address>
    </facility>
  </location>
  <location>
    <facility>
      <address>
        <city>Toronto</city>
        <country>Canada</country>
      </address>
    </facility>
  </location>
  <location>
    <facility>
      <address>
        <city>Vancouver</city>
        <country>Canada</country>
      </address>
    </facility>
  </location>
  <location>
    <facility>
      <address>
        <city>Winnipeg</city>
        <country>Canada</country>
      </address>
    </facility>
  </location>
  <location>
    <facility>
      <address>
        <city>Clichy</city>
        <country>France</country>
      </address>
    </facility>
  </location>
  <location>
    <facility>
      <address>
        <city>Creteil</city>
        <country>France</country>
      </address>
    </facility>
  </location>
  <location>
    <facility>
      <address>
        <city>Grenoble</city>
        <country>France</country>
      </address>
    </facility>
  </location>
  <location>
    <facility>
      <address>
        <city>Lyon</city>
        <country>France</country>
      </address>
    </facility>
  </location>
  <location>
    <facility>
      <address>
        <city>Nice</city>
        <country>France</country>
      </address>
    </facility>
  </location>
  <location>
    <facility>
      <address>
        <city>Paris</city>
        <country>France</country>
      </address>
    </facility>
  </location>
  <location>
    <facility>
      <address>
        <city>Pessac</city>
        <country>France</country>
      </address>
    </facility>
  </location>
  <location>
    <facility>
      <address>
        <city>Toulouse</city>
        <country>France</country>
      </address>
    </facility>
  </location>
  <location>
    <facility>
      <address>
        <city>Berlin</city>
        <country>Germany</country>
      </address>
    </facility>
  </location>
  <location>
    <facility>
      <address>
        <city>Bochum</city>
        <country>Germany</country>
      </address>
    </facility>
  </location>
  <location>
    <facility>
      <address>
        <city>Dusseldorf</city>
        <country>Germany</country>
      </address>
    </facility>
  </location>
  <location>
    <facility>
      <address>
        <city>Frankfurt</city>
        <country>Germany</country>
      </address>
    </facility>
  </location>
  <location>
    <facility>
      <address>
        <city>Freiburg</city>
        <country>Germany</country>
      </address>
    </facility>
  </location>
  <location>
    <facility>
      <address>
        <city>Hamburg</city>
        <country>Germany</country>
      </address>
    </facility>
  </location>
  <location>
    <facility>
      <address>
        <city>Hannover</city>
        <country>Germany</country>
      </address>
    </facility>
  </location>
  <location>
    <facility>
      <address>
        <city>Koln</city>
        <country>Germany</country>
      </address>
    </facility>
  </location>
  <location>
    <facility>
      <address>
        <city>Muenchen</city>
        <country>Germany</country>
      </address>
    </facility>
  </location>
  <location>
    <facility>
      <address>
        <city>Haifa</city>
        <country>Israel</country>
      </address>
    </facility>
  </location>
  <location>
    <facility>
      <address>
        <city>Jerusalem</city>
        <country>Israel</country>
      </address>
    </facility>
  </location>
  <location>
    <facility>
      <address>
        <city>Nazareth</city>
        <country>Israel</country>
      </address>
    </facility>
  </location>
  <location>
    <facility>
      <address>
        <city>Petah Tikva</city>
        <country>Israel</country>
      </address>
    </facility>
  </location>
  <location>
    <facility>
      <address>
        <city>Tel Hashomer</city>
        <country>Israel</country>
      </address>
    </facility>
  </location>
  <location>
    <facility>
      <address>
        <city>Bologna</city>
        <country>Italy</country>
      </address>
    </facility>
  </location>
  <location>
    <facility>
      <address>
        <city>Milano</city>
        <country>Italy</country>
      </address>
    </facility>
  </location>
  <location>
    <facility>
      <address>
        <city>Torino</city>
        <country>Italy</country>
      </address>
    </facility>
  </location>
  <location>
    <facility>
      <address>
        <city>Bialystok</city>
        <country>Poland</country>
      </address>
    </facility>
  </location>
  <location>
    <facility>
      <address>
        <city>Czeladz</city>
        <country>Poland</country>
      </address>
    </facility>
  </location>
  <location>
    <facility>
      <address>
        <city>Kielce</city>
        <country>Poland</country>
      </address>
    </facility>
  </location>
  <location>
    <facility>
      <address>
        <city>Krakow</city>
        <country>Poland</country>
      </address>
    </facility>
  </location>
  <location>
    <facility>
      <address>
        <city>Lodz</city>
        <country>Poland</country>
      </address>
    </facility>
  </location>
  <location>
    <facility>
      <address>
        <city>Wroclaw</city>
        <country>Poland</country>
      </address>
    </facility>
  </location>
  <location>
    <facility>
      <address>
        <city>Santurce</city>
        <zip>00909</zip>
        <country>Puerto Rico</country>
      </address>
    </facility>
  </location>
  <location>
    <facility>
      <address>
        <city>Barcelona</city>
        <country>Spain</country>
      </address>
    </facility>
  </location>
  <location>
    <facility>
      <address>
        <city>Valencia</city>
        <country>Spain</country>
      </address>
    </facility>
  </location>
  <location>
    <facility>
      <address>
        <city>Glasgow</city>
        <country>United Kingdom</country>
      </address>
    </facility>
  </location>
  <location>
    <facility>
      <address>
        <city>Hampstead</city>
        <country>United Kingdom</country>
      </address>
    </facility>
  </location>
  <location>
    <facility>
      <address>
        <city>London</city>
        <country>United Kingdom</country>
      </address>
    </facility>
  </location>
  <location_countries>
    <country>Argentina</country>
    <country>Australia</country>
    <country>Austria</country>
    <country>Canada</country>
    <country>France</country>
    <country>Germany</country>
    <country>Israel</country>
    <country>Italy</country>
    <country>Poland</country>
    <country>Puerto Rico</country>
    <country>Spain</country>
    <country>United Kingdom</country>
    <country>United States</country>
  </location_countries>
  <verification_date>July 2014</verification_date>
  <lastchanged_date>July 16, 2014</lastchanged_date>
  <firstreceived_date>February 22, 2008</firstreceived_date>
  <firstreceived_results_date>June 22, 2011</firstreceived_results_date>
  <responsible_party>
    <responsible_party_type>Sponsor</responsible_party_type>
  </responsible_party>
  <keyword>Genotype 1</keyword>
  <is_fda_regulated>Yes</is_fda_regulated>
  <is_section_801>Yes</is_section_801>
  <has_expanded_access>No</has_expanded_access>
  <condition_browse>
    <!-- CAUTION:  The following MeSH terms are assigned with an imperfect algorithm  -->
    <mesh_term>Hepatitis</mesh_term>
    <mesh_term>Hepatitis A</mesh_term>
    <mesh_term>Hepatitis C</mesh_term>
  </condition_browse>
  <intervention_browse>
    <!-- CAUTION:  The following MeSH terms are assigned with an imperfect algorithm  -->
    <mesh_term>Interferon-alpha</mesh_term>
    <mesh_term>Peginterferon alfa-2a</mesh_term>
    <mesh_term>Ribavirin</mesh_term>
  </intervention_browse>
  <!-- Results are available for this study                                           -->
</clinical_study>
