<?xml version="1.0" encoding="UTF-8"?>
<clinical_study rank="621">
  <!-- This xml conforms to an XML Schema at:
    https://clinicaltrials.gov/ct2/html/images/info/public.xsd
 and an XML DTD at:
    https://clinicaltrials.gov/ct2/html/images/info/public.dtd -->
  <required_header>
    <download_date>ClinicalTrials.gov processed this data on December 13, 2015</download_date>
    <link_text>Link to the current ClinicalTrials.gov record.</link_text>
    <url>https://clinicaltrials.gov/show/NCT00097435</url>
  </required_header>
  <id_info>
    <org_study_id>Clinical Protocol ALFR-HC-05</org_study_id>
    <nct_id>NCT00097435</nct_id>
  </id_info>
  <brief_title>A Study of Albuferon With Ribavirin in Interferon Treatment Experienced Subjects With Chronic Hepatitis C</brief_title>
  <official_title>A Multi-Center, Randomized, Open-Label Study to Evaluate the Safety, Tolerability, and Efficacy of Albuferon (Recombinant Human Albumin-Interferon Alfa Fusion Protein) in Combination With Ribavirin in Interferon Treatment Experienced Subjects With Chronic Hepatitis C</official_title>
  <sponsors>
    <lead_sponsor>
      <agency>Human Genome Sciences Inc.</agency>
      <agency_class>Industry</agency_class>
    </lead_sponsor>
  </sponsors>
  <source>Human Genome Sciences Inc.</source>
  <oversight_info>
    <authority>United States: Food and Drug Administration</authority>
  </oversight_info>
  <brief_summary>
    <textblock>
      This is a Phase 2, multi-center, randomized, open-label study to evaluate the safety,
      tolerability, and efficacy of Albuferon in subjects with hepatitis C (HEP C) who failed to
      respond to previous interferon alfa therapy.
    </textblock>
  </brief_summary>
  <overall_status>Completed</overall_status>
  <start_date>October 2004</start_date>
  <completion_date type="Actual">August 2007</completion_date>
  <primary_completion_date type="Actual">August 2007</primary_completion_date>
  <phase>Phase 2</phase>
  <study_type>Interventional</study_type>
  <study_design>Allocation: Randomized, Endpoint Classification: Safety/Efficacy Study, Intervention Model: Parallel Assignment, Masking: Open Label, Primary Purpose: Treatment</study_design>
  <primary_outcome>
    <measure>The major safety endpoints are the common side effects of IFNa therapy including flu-like symptoms, depression, and hematologic abnormalities.</measure>
  </primary_outcome>
  <secondary_outcome>
    <measure>Sustained virologic response (SVR), defined as undetectable virus at 24 weeks after the end of therapy. The primary efficacy assessment is HCV RNA level.</measure>
  </secondary_outcome>
  <enrollment type="Actual">115</enrollment>
  <condition>Hepatitis C</condition>
  <intervention>
    <intervention_type>Drug</intervention_type>
    <intervention_name>Albuferon</intervention_name>
  </intervention>
  <intervention>
    <intervention_type>Drug</intervention_type>
    <intervention_name>Ribavirin</intervention_name>
  </intervention>
  <eligibility>
    <criteria>
      <textblock>
        Major Inclusion Criteria:

          -  Have a clinical diagnosis of chronic HEP C established on the basis of detectable
             viral load, as measured by a serum HCV RNA test during the screening period.

          -  Have previously failed to respond to treatment with any interferon alfa (IFNa)
             product

          -  Have compensated liver disease with the following minimum criteria: white blood cell
             count &gt; 3,000/mm3, absolute neutrophil count (ANC) &gt; 2,000/mm3, platelets &gt;
             125,000/mm3, and hemoglobin (Hb) &gt; 13 g/dL for males or &gt; 12 g/dL for females.

        Major Exclusion Criteria:

          -  Evidence of decompensated cirrhosis or portal hypertension.

          -  Pregnant or lactating female.

          -  History of any other medical disease or condition that would make the subject (in the
             opinion of the investigator) unsuitable for the study.

          -  A current drug or alcohol addiction
      </textblock>
    </criteria>
    <gender>Both</gender>
    <minimum_age>18 Years</minimum_age>
    <maximum_age>65 Years</maximum_age>
    <healthy_volunteers>No</healthy_volunteers>
  </eligibility>
  <overall_official>
    <last_name>GSK Clinical Trials</last_name>
    <role>Study Director</role>
    <affiliation>GlaxoSmithKline</affiliation>
  </overall_official>
  <location>
    <facility>
      <name>Mayo Clinic</name>
      <address>
        <city>Phoenix</city>
        <state>Arizona</state>
        <zip>85054</zip>
        <country>United States</country>
      </address>
    </facility>
  </location>
  <location>
    <facility>
      <name>University of Florida CRC</name>
      <address>
        <city>Gainesville</city>
        <state>Florida</state>
        <zip>32610</zip>
        <country>United States</country>
      </address>
    </facility>
  </location>
  <location>
    <facility>
      <name>Mayo Clinic Jacksonville</name>
      <address>
        <city>Jacksonville</city>
        <state>Florida</state>
        <zip>32216</zip>
        <country>United States</country>
      </address>
    </facility>
  </location>
  <location>
    <facility>
      <name>University of Florida at Jacksonville</name>
      <address>
        <city>Jacksonville</city>
        <state>Florida</state>
        <zip>32209</zip>
        <country>United States</country>
      </address>
    </facility>
  </location>
  <location>
    <facility>
      <name>Johns Hopkins University</name>
      <address>
        <city>Baltimore</city>
        <state>Maryland</state>
        <zip>21287</zip>
        <country>United States</country>
      </address>
    </facility>
  </location>
  <location>
    <facility>
      <name>Mayo Clinic Rochester</name>
      <address>
        <city>Rochester</city>
        <state>Minnesota</state>
        <zip>55905</zip>
        <country>United States</country>
      </address>
    </facility>
  </location>
  <location>
    <facility>
      <name>Duke University</name>
      <address>
        <city>Durham</city>
        <state>North Carolina</state>
        <zip>27710</zip>
        <country>United States</country>
      </address>
    </facility>
  </location>
  <location>
    <facility>
      <name>Metropolitan Research</name>
      <address>
        <city>Fairfax</city>
        <state>Virginia</state>
        <zip>22031</zip>
        <country>United States</country>
      </address>
    </facility>
  </location>
  <location_countries>
    <country>United States</country>
  </location_countries>
  <verification_date>August 2013</verification_date>
  <lastchanged_date>August 1, 2013</lastchanged_date>
  <firstreceived_date>November 23, 2004</firstreceived_date>
  <responsible_party>
    <responsible_party_type>Sponsor</responsible_party_type>
  </responsible_party>
  <is_fda_regulated>Yes</is_fda_regulated>
  <is_section_801>Yes</is_section_801>
  <has_expanded_access>No</has_expanded_access>
  <condition_browse>
    <!-- CAUTION:  The following MeSH terms are assigned with an imperfect algorithm  -->
    <mesh_term>Hepatitis</mesh_term>
    <mesh_term>Hepatitis A</mesh_term>
    <mesh_term>Hepatitis C</mesh_term>
    <mesh_term>Hepatitis C, Chronic</mesh_term>
    <mesh_term>Hepatitis, Chronic</mesh_term>
  </condition_browse>
  <intervention_browse>
    <!-- CAUTION:  The following MeSH terms are assigned with an imperfect algorithm  -->
    <mesh_term>Ribavirin</mesh_term>
  </intervention_browse>
  <!-- Results have not yet been posted for this study                                -->
</clinical_study>
