<?xml version="1.0" encoding="UTF-8"?>
<clinical_study rank="935">
  <!-- This xml conforms to an XML Schema at:
    https://clinicaltrials.gov/ct2/html/images/info/public.xsd
 and an XML DTD at:
    https://clinicaltrials.gov/ct2/html/images/info/public.dtd -->
  <required_header>
    <download_date>ClinicalTrials.gov processed this data on December 13, 2015</download_date>
    <link_text>Link to the current ClinicalTrials.gov record.</link_text>
    <url>https://clinicaltrials.gov/show/NCT00703872</url>
  </required_header>
  <id_info>
    <org_study_id>HP 01-2006-01</org_study_id>
    <nct_id>NCT00703872</nct_id>
  </id_info>
  <brief_title>HDV-Interferon in the Treatment of Chronic Hepatitis C Nonresponders and Naive Hepatitis C Patients</brief_title>
  <official_title>An Evaluation of Two Dose Routes of HDV-Interferon Administered With Ribavarin in the Treatment of Chronic Hepatitis C Nonresponders and Naive Hepatitis C Patients</official_title>
  <sponsors>
    <lead_sponsor>
      <agency>Hepasome Pharmaceuticals</agency>
      <agency_class>Industry</agency_class>
    </lead_sponsor>
  </sponsors>
  <source>Hepasome Pharmaceuticals</source>
  <oversight_info>
    <authority>India: Drugs Controller General of India</authority>
    <has_dmc>No</has_dmc>
  </oversight_info>
  <brief_summary>
    <textblock>
      A Phase II, Open Label, Multi-Center, Proof-Of-Concept Study determing whether treatment
      with HDV-Interferon (HDV-IFN), by oral or subcutaneous (injection) routes, and ribavirin
      results in similar efficacy [Rapid Virologic Response (RVR)] and safety as the reported
      efficacy and safety with pegylated alpha-interferon-2a and ribavirin (historical control) in
      patients with chronic hepatitis C (treatment naïve by oral route and non-responders by SC
      route respectively).
    </textblock>
  </brief_summary>
  <detailed_description>
    <textblock>
      Part 1 (&quot;initial part&quot;) - 4 weeks of treatment (28 days):

        -  All patients will complete an initial 4 weeks of treatment with HDV-Interferon
           (HDV-IFN) (treatment naïve by oral route and non-responders by SC route respectively)
           and ribavirin.

        -  The Part 1 of the study shall assess whether a 4-week treatment course with
           HDV-Interferon (HDV-IFN), orally or by subcutaneous injection, and ribavirin results
           similar efficacy [Rapid Virologic Response (RVR)] and safety as the reported efficacy
           and safety with pegylated alpha-interferon-2a and ribavirin (historical control) in
           patients with chronic hepatitis C (treatment naïve and non-responders).

      Part 2 (&quot;continuation part&quot;) - 44 or 20 weeks of treatment + 24 weeks (follow-up period):

        -  Patients with hepatitis C viral genotype 1, who achieve RVR, will be treated for
           another 44 weeks of therapy (to complete 48 weeks of active treatment) followed by 24
           weeks of treatment-free follow-up period.

        -  Patients with hepatitis C viral genotype 3, who achieve RVR, will be treated for
           another 20 weeks of therapy (to complete 24 weeks of active treatment) followed by 24
           weeks of treatment-free follow-up period.

        -  Follow-up period (24 weeks): Thus, in addition to treatment in Part 1 of study, each
           completed patient with viral genotype 1 will receive 44 weeks of therapy and 24 weeks
           of treatment-free follow-up; and viral genotype 3 patients will have 20 weeks of
           therapy &amp; 24 weeks of treatment study drug free follow-up.

        -  Overall study duration (72 or 48 weeks): Patients with viral genotype 1 will have an
           overall study duration of 72 weeks (48 weeks of therapy plus 24 weeks follow-up) and
           patients with viral genotype 3 will have an overall study duration of 48 weeks (24
           weeks of therapy plus 24 weeks follow-up).
    </textblock>
  </detailed_description>
  <overall_status>Active, not recruiting</overall_status>
  <start_date>May 2008</start_date>
  <completion_date type="Anticipated">December 2009</completion_date>
  <primary_completion_date type="Anticipated">December 2009</primary_completion_date>
  <phase>Phase 2</phase>
  <study_type>Interventional</study_type>
  <study_design>Allocation: Non-Randomized, Endpoint Classification: Safety/Efficacy Study, Intervention Model: Parallel Assignment, Masking: Open Label, Primary Purpose: Treatment</study_design>
  <primary_outcome>
    <measure>Rapid Virologic Response</measure>
    <time_frame>4 weeks</time_frame>
    <safety_issue>No</safety_issue>
  </primary_outcome>
  <secondary_outcome>
    <measure>Early Virologic Response</measure>
    <time_frame>12 Weeks</time_frame>
    <safety_issue>No</safety_issue>
  </secondary_outcome>
  <secondary_outcome>
    <measure>Sustained Virologic Response</measure>
    <time_frame>24 weeks post-treatment</time_frame>
    <safety_issue>No</safety_issue>
  </secondary_outcome>
  <number_of_arms>2</number_of_arms>
  <enrollment type="Anticipated">50</enrollment>
  <condition>Chronic Hepatitis C</condition>
  <arm_group>
    <arm_group_label>1</arm_group_label>
    <arm_group_type>Experimental</arm_group_type>
    <description>Oral HDV-Interferon</description>
  </arm_group>
  <arm_group>
    <arm_group_label>2</arm_group_label>
    <arm_group_type>Experimental</arm_group_type>
    <description>Injectable HDV-Interferon + ribavarin</description>
  </arm_group>
  <intervention>
    <intervention_type>Drug</intervention_type>
    <intervention_name>Oral HDV-Interferon + ribavarin</intervention_name>
    <description>Naive pateints</description>
    <arm_group_label>1</arm_group_label>
  </intervention>
  <intervention>
    <intervention_type>Drug</intervention_type>
    <intervention_name>Injectable HDV-Interferon + ribavarin</intervention_name>
    <description>Nonresponders</description>
    <arm_group_label>2</arm_group_label>
  </intervention>
  <eligibility>
    <criteria>
      <textblock>
        Inclusion Criteria - Nonresponders:

          -  Patients &gt;18 years with established chronic hepatitis C with viral genotype 1 or
             viral genotype 3 who have failed to respond to at least a 3-month course of a
             pegylated interferon alpha 2a + ribavirin and have a detectable HCV RNA and baseline
             liver biopsy available from within the prior 12 months.

        Inclusion Criteria - Naive:

          -  Treatment naïve patients &gt; 18 years, inclusive, are eligible for this study.

          -  Patients will be viral genotype 1 or viral genotype 3, have quantifiable HCV-RNA &gt;
             1000 IU/mL as demonstrated by PCR and an abnormal ALT (within 6 months of screening)
             and compensated liver disease with or without cirrhosis.

        Exclusion Criteria - Nonresponders:

          -  Patients with decompensated cirrhosis or other forms of liver disease

          -  Hb &lt; 10g/dL for males &amp; Hb &lt; 9 g/dl for females

          -  hepatocellular carcinoma

          -  active hepatitis B infection

          -  human immunodeficiency virus (HIV)

          -  pre-existing severe or uncontrolled depression or other psychiatric disease

          -  significant cardiac disease

          -  renal disease

          -  seizure disorders or retinopathy

        Exclusion Criteria - Nonresponders:

          -  Patients with decompensated cirrhosis or other forms of liver disease

          -  Hb &lt; 10g/dL for males &amp; Hb &lt; 9 g/dl for females

          -  hepatocellular carcinoma

          -  active hepatitis B infection

          -  HIV

          -  pre-existing severe or uncontrolled depression or other psychiatric disease -
             significant cardiac disease

          -  renal disease

          -  seizure disorders or retinopathy
      </textblock>
    </criteria>
    <gender>Both</gender>
    <minimum_age>18 Years</minimum_age>
    <maximum_age>N/A</maximum_age>
    <healthy_volunteers>No</healthy_volunteers>
  </eligibility>
  <overall_official>
    <last_name>Dharmesh Kapoor, MD</last_name>
    <role>Principal Investigator</role>
    <affiliation>Global Hospitals, Lakdi-ka-pool, Hyderabad - 500 004 India</affiliation>
  </overall_official>
  <location>
    <facility>
      <name>Global Hospitals</name>
      <address>
        <city>Lakdi-ka-Pool</city>
        <state>Hyderabad</state>
        <zip>500 004</zip>
        <country>India</country>
      </address>
    </facility>
  </location>
  <location_countries>
    <country>India</country>
  </location_countries>
  <verification_date>January 2009</verification_date>
  <lastchanged_date>January 8, 2009</lastchanged_date>
  <firstreceived_date>June 23, 2008</firstreceived_date>
  <responsible_party>
    <name_title>Len Rosenberg, PhD, RPh</name_title>
    <organization>Hepasome Pharmaceuticals</organization>
  </responsible_party>
  <keyword>Chronic Hepatitis C</keyword>
  <keyword>Naive</keyword>
  <keyword>Nonresponders</keyword>
  <keyword>Interferon</keyword>
  <keyword>Patients with Chronic Hepatitis C</keyword>
  <is_fda_regulated>No</is_fda_regulated>
  <has_expanded_access>No</has_expanded_access>
  <condition_browse>
    <!-- CAUTION:  The following MeSH terms are assigned with an imperfect algorithm  -->
    <mesh_term>Hepatitis</mesh_term>
    <mesh_term>Hepatitis A</mesh_term>
    <mesh_term>Hepatitis C</mesh_term>
    <mesh_term>Hepatitis C, Chronic</mesh_term>
    <mesh_term>Hepatitis, Chronic</mesh_term>
  </condition_browse>
  <intervention_browse>
    <!-- CAUTION:  The following MeSH terms are assigned with an imperfect algorithm  -->
    <mesh_term>Interferons</mesh_term>
  </intervention_browse>
  <!-- Results have not yet been posted for this study                                -->
</clinical_study>
