<?xml version="1.0" encoding="UTF-8"?>
<clinical_study rank="290">
  <!-- This xml conforms to an XML Schema at:
    https://clinicaltrials.gov/ct2/html/images/info/public.xsd
 and an XML DTD at:
    https://clinicaltrials.gov/ct2/html/images/info/public.dtd -->
  <required_header>
    <download_date>ClinicalTrials.gov processed this data on December 13, 2015</download_date>
    <link_text>Link to the current ClinicalTrials.gov record.</link_text>
    <url>https://clinicaltrials.gov/show/NCT00527540</url>
  </required_header>
  <id_info>
    <org_study_id>THC-10</org_study_id>
    <nct_id>NCT00527540</nct_id>
  </id_info>
  <brief_title>Effectiveness and Side Effects of Pegylated Interferon Alpha-2a (Pegaferon®) Plus Ribavirin in the Patients With Chronic Hepatitis C</brief_title>
  <official_title>Effectiveness and Side Effects of Pegylated Interferon Alpha-2a (Pegaferon®) Plus Ribavirin in the Patients With Chronic Hepatitis C</official_title>
  <sponsors>
    <lead_sponsor>
      <agency>Tehran Hepatitis Center</agency>
      <agency_class>Other</agency_class>
    </lead_sponsor>
    <collaborator>
      <agency>Kermanshah University of Medical Sciences</agency>
      <agency_class>Other</agency_class>
    </collaborator>
  </sponsors>
  <source>Tehran Hepatitis Center</source>
  <oversight_info>
    <authority>Iran: Ministry of Health</authority>
    <has_dmc>Yes</has_dmc>
  </oversight_info>
  <brief_summary>
    <textblock>
      Pegylation of interferon prolongs the medication half-life which has resulted in Pegylated
      Interferon (PEG-IFN) as the new modality for treatment of chronic hepatitis C. We current
      this clinical trial to assess the efficacy and safety of domestic PEG-IFN alpha-2a
      (Pegaferon®) in the patients with chronic hepatitis C.
    </textblock>
  </brief_summary>
  <detailed_description>
    <textblock>
      We enroll 50 patients in to the study. The patients receive Pegaferon® 180 micgr per week
      plus ribavirin 10-15mg/kg per day. The patients are visited every 4 weeks with biochemistry
      lab tests. They are checked with quantitative HCV PCR on the third month after initiation of
      the treatment to assess early virologic response and at the end of the study for complete
      response rate and on the six month after treatment completion for sustained response rate.
      The patients with undetectable HCV RNA are considered as responders.
    </textblock>
  </detailed_description>
  <overall_status>Completed</overall_status>
  <start_date>February 2007</start_date>
  <completion_date type="Actual">December 2008</completion_date>
  <primary_completion_date type="Actual">June 2008</primary_completion_date>
  <phase>Phase 3</phase>
  <study_type>Interventional</study_type>
  <study_design>Endpoint Classification: Safety/Efficacy Study, Intervention Model: Single Group Assignment, Masking: Open Label, Primary Purpose: Treatment</study_design>
  <primary_outcome>
    <measure>End of treatment response rate (HCV RNA:Neg)</measure>
    <time_frame>End of treatment course</time_frame>
    <safety_issue>Yes</safety_issue>
  </primary_outcome>
  <secondary_outcome>
    <measure>Sustain response rate (HCV RNA:Neg) 6 month after end of treatment</measure>
    <time_frame>6 month after end of treatment</time_frame>
    <safety_issue>Yes</safety_issue>
  </secondary_outcome>
  <number_of_arms>1</number_of_arms>
  <enrollment type="Anticipated">60</enrollment>
  <condition>Hepatitis C</condition>
  <intervention>
    <intervention_type>Drug</intervention_type>
    <intervention_name>Pegylated Interferon alpha 2a + Ribavirin</intervention_name>
    <description>Pegaferon: Ampule, 180 microgram per week Ribaverin: Tablet, 10-15 mg/kg per day</description>
    <other_name>Pegaferon</other_name>
  </intervention>
  <eligibility>
    <criteria>
      <textblock>
        Inclusion Criteria:

          -  HCV RNA: Positive

          -  Biopsy approved in genotype 1

          -  Age older than 18 yrs

        Exclusion Criteria:

          -  ongoing pregnancy or breast feeding

          -  Hx of hemochromatosis

          -  Hx of metabolic liver dis.

          -  Hx of HCC

          -  Hx of autoimmune hepatitis

          -  Hx of alcoholic liver dis.

          -  Hx of bleeding from esophageal varices

          -  ongoing systemic anti-viral or anti-neoplasmic treatment

          -  Hx of treatment with an anti-depressant medication at therapeutic doses for at least
             3 months at any pervious time

          -  Hx of treatment with an tranquilizer at therapeutic doses for psychosis for at least
             3 months at any pervious time

          -  Hx of hospitalization for psychiatric dis.

          -  Hx of suicidal attempt

          -  Hx of IBD

          -  Hx of SLE

          -  Hx of scleroderma

          -  Hx of rheumatoid arthritis

          -  Hx of ITP

          -  Hx of autoimmune hemolytic anemia

          -  Hx of severe psoriasis

          -  Hx of chronic pulmonary dis. associated with functional limitation

          -  Hx of MI or unstable angina

          -  Hx of arrhythmia requiring ongoing treatment

          -  Hx of functional class III or IV

          -  Hx of severe seizure dis. or current anti-convulsant use

          -  Hx of organ transplantation with existing functional graft

          -  Hx of severe retinopathy

          -  Hx of Thalassemia

          -  Hx of spherocytosis

          -  Hx of cerebrovascular dis.
      </textblock>
    </criteria>
    <gender>Both</gender>
    <minimum_age>18 Years</minimum_age>
    <maximum_age>N/A</maximum_age>
    <healthy_volunteers>No</healthy_volunteers>
  </eligibility>
  <overall_official>
    <last_name>Seyed M Alavian, Prof.</last_name>
    <role>Study Chair</role>
    <affiliation>Tehran Hepatitis Center</affiliation>
  </overall_official>
  <overall_official>
    <last_name>Behzad Hajarizadeh, MD</last_name>
    <role>Principal Investigator</role>
    <affiliation>Tehran Hepatitis Center</affiliation>
  </overall_official>
  <location>
    <facility>
      <name>Tehran Hepatitis Center</name>
      <address>
        <city>Tehran</city>
        <country>Iran, Islamic Republic of</country>
      </address>
    </facility>
  </location>
  <location_countries>
    <country>Iran, Islamic Republic of</country>
  </location_countries>
  <verification_date>January 2009</verification_date>
  <lastchanged_date>January 18, 2009</lastchanged_date>
  <firstreceived_date>September 8, 2007</firstreceived_date>
  <responsible_party>
    <name_title>Prof SM Alavian</name_title>
    <organization>Tehran Hepatitis Center</organization>
  </responsible_party>
  <has_expanded_access>No</has_expanded_access>
  <condition_browse>
    <!-- CAUTION:  The following MeSH terms are assigned with an imperfect algorithm  -->
    <mesh_term>Hepatitis</mesh_term>
    <mesh_term>Hepatitis A</mesh_term>
    <mesh_term>Hepatitis C</mesh_term>
    <mesh_term>Hepatitis C, Chronic</mesh_term>
    <mesh_term>Hepatitis, Chronic</mesh_term>
  </condition_browse>
  <intervention_browse>
    <!-- CAUTION:  The following MeSH terms are assigned with an imperfect algorithm  -->
    <mesh_term>Interferon-alpha</mesh_term>
    <mesh_term>Interferons</mesh_term>
    <mesh_term>Peginterferon alfa-2a</mesh_term>
    <mesh_term>Ribavirin</mesh_term>
  </intervention_browse>
  <!-- Results have not yet been posted for this study                                -->
</clinical_study>
