<?xml version="1.0" encoding="UTF-8"?>
<clinical_study rank="158">
  <!-- This xml conforms to an XML Schema at:
    https://clinicaltrials.gov/ct2/html/images/info/public.xsd
 and an XML DTD at:
    https://clinicaltrials.gov/ct2/html/images/info/public.dtd -->
  <required_header>
    <download_date>ClinicalTrials.gov processed this data on December 13, 2015</download_date>
    <link_text>Link to the current ClinicalTrials.gov record.</link_text>
    <url>https://clinicaltrials.gov/show/NCT00087633</url>
  </required_header>
  <id_info>
    <org_study_id>ML18124</org_study_id>
    <nct_id>NCT00087633</nct_id>
  </id_info>
  <brief_title>PHOENIX Study - A Study of PEGASYS (Peginterferon Alfa-2a (40KD)) and COPEGUS (Ribavirin) Administered After Liver Transplantation for Hepatitis C.</brief_title>
  <official_title>A Randomized, Open-label Study of Prophylactic Administration of PEGASYS Plus Ribavirin After Liver Transplantation on Hepatitis C Recurrence in Patients With Hepatitis C</official_title>
  <sponsors>
    <lead_sponsor>
      <agency>Hoffmann-La Roche</agency>
      <agency_class>Industry</agency_class>
    </lead_sponsor>
  </sponsors>
  <source>Hoffmann-La Roche</source>
  <oversight_info>
    <authority>United States: Food and Drug Administration</authority>
  </oversight_info>
  <brief_summary>
    <textblock>
      This 2-arm study was designed to evaluate the efficacy, safety, and tolerability of
      prophylactic PEGASYS plus COPEGUS after liver transplantation for hepatitis C, compared to
      initiation of antiviral therapy at the time of clinical recurrence of hepatitis C infection.
      The anticipated time on study treatment was 3-12 months, and the target sample size was
      100-500 individuals.
    </textblock>
  </brief_summary>
  <overall_status>Completed</overall_status>
  <start_date>October 2004</start_date>
  <completion_date type="Actual">October 2008</completion_date>
  <phase>Phase 4</phase>
  <study_type>Interventional</study_type>
  <study_design>Allocation: Randomized, Endpoint Classification: Safety/Efficacy Study, Intervention Model: Parallel Assignment, Masking: Open Label, Primary Purpose: Treatment</study_design>
  <primary_outcome>
    <measure>Percentage of Patients With Histologically-confirmed Recurrence of Hepatitis C Virus (HCV)</measure>
    <time_frame>120 weeks postrandomization</time_frame>
    <safety_issue>No</safety_issue>
    <description>Histologically-confirmed recurrence of HCV defined as Batts-Ludwig inflammation grade ≥3 and/or fibrosis stage ≥2.
Inflammation(Grade): 0 No Activity,1 Minimal,2 Mild,3 Moderate,4 Severe.
Fibrosis (Stage): 0 No fibrosis, Normal; 1 Portal fibrosis; 2 Periportal fibrosis or rare portal septa; 3 Septal fibrosis, Fibrous septa with architectural distortion, no obvious cirrhosis; 4 Cirrhosis.</description>
  </primary_outcome>
  <secondary_outcome>
    <measure>Summary of Virologic Response</measure>
    <time_frame>After 4, 12, 24 and 48 weeks of therapy, and 24 weeks of follow-up</time_frame>
    <safety_issue>No</safety_issue>
    <description>Rapid virologic responder (RVR): undetectable HCV-RNA at Week 4; complete early virologic responder (cEVR): undetectable HCV-RNA at Week 12; partial early virologic responder (pEVR): ≥2 log10 drop from baseline in HCV-RNA but positive at Week 12; early virologic responder (EVR): undetectable HCV-RNA or ≥2 log10 drop from baseline in HCV-RNA at Week 12; 24 weeks negative: undetectable HCV-RNA at Week 24; 48 weeks negative: undetectable HCV-RNA at Week 48; sustained virologic response (SVR): undetectable HCV-RNA at 24 weeks after the end of treatment.</description>
  </secondary_outcome>
  <number_of_arms>2</number_of_arms>
  <enrollment type="Actual">115</enrollment>
  <condition>Hepatitis C, Chronic</condition>
  <arm_group>
    <arm_group_label>1</arm_group_label>
    <arm_group_type>Experimental</arm_group_type>
  </arm_group>
  <arm_group>
    <arm_group_label>2</arm_group_label>
    <arm_group_type>No Intervention</arm_group_type>
  </arm_group>
  <intervention>
    <intervention_type>Drug</intervention_type>
    <intervention_name>peginterferon alfa-2a [Pegasys]</intervention_name>
    <description>135 micrograms subcutaneously (SC) weekly for 4 weeks followed by 180 micrograms SC weekly for 44 weeks</description>
    <arm_group_label>1</arm_group_label>
  </intervention>
  <intervention>
    <intervention_type>Drug</intervention_type>
    <intervention_name>Copegus</intervention_name>
    <description>400 mg orally (PO) daily escalating to 1200 mg PO daily, for 48 weeks</description>
    <arm_group_label>1</arm_group_label>
  </intervention>
  <eligibility>
    <criteria>
      <textblock>
        Inclusion Criteria:

          -  Adult patients at least 18 years of age

          -  Positive hepatitis C virus RNA at pre-transplantation

          -  Primary, single-organ recipient (cadaveric donor)

          -  Liver transplant between 10 and 16 weeks before treatment initiation

        Exclusion Criteria:

          -  Multi-organ or re-transplant recipient

          -  Evidence of current hepatitis B infection

          -  Seropositive for human immunodeficiency (HIV) infection
      </textblock>
    </criteria>
    <gender>Both</gender>
    <minimum_age>18 Years</minimum_age>
    <maximum_age>N/A</maximum_age>
    <healthy_volunteers>No</healthy_volunteers>
  </eligibility>
  <overall_official>
    <last_name>Clinical Trials</last_name>
    <role>Study Director</role>
    <affiliation>Hoffmann-La Roche</affiliation>
  </overall_official>
  <location>
    <facility>
      <address>
        <city>Birmingham</city>
        <state>Alabama</state>
        <zip>35294</zip>
        <country>United States</country>
      </address>
    </facility>
  </location>
  <location>
    <facility>
      <address>
        <city>Phoenix</city>
        <state>Arizona</state>
        <zip>85054</zip>
        <country>United States</country>
      </address>
    </facility>
  </location>
  <location>
    <facility>
      <address>
        <city>Los Angeles</city>
        <state>California</state>
        <zip>90095-1749</zip>
        <country>United States</country>
      </address>
    </facility>
  </location>
  <location>
    <facility>
      <address>
        <city>San Francisco</city>
        <state>California</state>
        <zip>94115</zip>
        <country>United States</country>
      </address>
    </facility>
  </location>
  <location>
    <facility>
      <address>
        <city>San Francisco</city>
        <state>California</state>
        <zip>94143</zip>
        <country>United States</country>
      </address>
    </facility>
  </location>
  <location>
    <facility>
      <address>
        <city>Aurora</city>
        <state>Colorado</state>
        <zip>80045</zip>
        <country>United States</country>
      </address>
    </facility>
  </location>
  <location>
    <facility>
      <address>
        <city>Gainesville</city>
        <state>Florida</state>
        <zip>32610-0214</zip>
        <country>United States</country>
      </address>
    </facility>
  </location>
  <location>
    <facility>
      <address>
        <city>Jacksonville</city>
        <state>Florida</state>
        <zip>32216</zip>
        <country>United States</country>
      </address>
    </facility>
  </location>
  <location>
    <facility>
      <address>
        <city>Miami</city>
        <state>Florida</state>
        <zip>33136-1051</zip>
        <country>United States</country>
      </address>
    </facility>
  </location>
  <location>
    <facility>
      <address>
        <city>Chicago</city>
        <state>Illinois</state>
        <zip>60611</zip>
        <country>United States</country>
      </address>
    </facility>
  </location>
  <location>
    <facility>
      <address>
        <city>Indianapolis</city>
        <state>Indiana</state>
        <zip>46202</zip>
        <country>United States</country>
      </address>
    </facility>
  </location>
  <location>
    <facility>
      <address>
        <city>Baltimore</city>
        <state>Maryland</state>
        <zip>21205</zip>
        <country>United States</country>
      </address>
    </facility>
  </location>
  <location>
    <facility>
      <address>
        <city>Burlington</city>
        <state>Massachusetts</state>
        <zip>01805</zip>
        <country>United States</country>
      </address>
    </facility>
  </location>
  <location>
    <facility>
      <address>
        <city>Minneapolis</city>
        <state>Minnesota</state>
        <zip>55455</zip>
        <country>United States</country>
      </address>
    </facility>
  </location>
  <location>
    <facility>
      <address>
        <city>Rochester</city>
        <state>Minnesota</state>
        <zip>55905</zip>
        <country>United States</country>
      </address>
    </facility>
  </location>
  <location>
    <facility>
      <address>
        <city>St Louis</city>
        <state>Missouri</state>
        <zip>63110</zip>
        <country>United States</country>
      </address>
    </facility>
  </location>
  <location>
    <facility>
      <address>
        <city>Omaha</city>
        <state>Nebraska</state>
        <zip>68198-3285</zip>
        <country>United States</country>
      </address>
    </facility>
  </location>
  <location>
    <facility>
      <address>
        <city>Newark</city>
        <state>New Jersey</state>
        <zip>07101-1709</zip>
        <country>United States</country>
      </address>
    </facility>
  </location>
  <location>
    <facility>
      <address>
        <city>New York</city>
        <state>New York</state>
        <zip>10016</zip>
        <country>United States</country>
      </address>
    </facility>
  </location>
  <location>
    <facility>
      <address>
        <city>New York</city>
        <state>New York</state>
        <zip>10029</zip>
        <country>United States</country>
      </address>
    </facility>
  </location>
  <location>
    <facility>
      <address>
        <city>Cincinnati</city>
        <state>Ohio</state>
        <zip>45267</zip>
        <country>United States</country>
      </address>
    </facility>
  </location>
  <location>
    <facility>
      <address>
        <city>Philadelphia</city>
        <state>Pennsylvania</state>
        <zip>19104</zip>
        <country>United States</country>
      </address>
    </facility>
  </location>
  <location>
    <facility>
      <address>
        <city>Philadelphia</city>
        <state>Pennsylvania</state>
        <zip>19141</zip>
        <country>United States</country>
      </address>
    </facility>
  </location>
  <location>
    <facility>
      <address>
        <city>Nashville</city>
        <state>Tennessee</state>
        <zip>37232</zip>
        <country>United States</country>
      </address>
    </facility>
  </location>
  <location>
    <facility>
      <address>
        <city>Dallas</city>
        <state>Texas</state>
        <zip>75246</zip>
        <country>United States</country>
      </address>
    </facility>
  </location>
  <location>
    <facility>
      <address>
        <city>San Antonio</city>
        <state>Texas</state>
        <zip>78284</zip>
        <country>United States</country>
      </address>
    </facility>
  </location>
  <location>
    <facility>
      <address>
        <city>Seattle</city>
        <state>Washington</state>
        <zip>98195</zip>
        <country>United States</country>
      </address>
    </facility>
  </location>
  <location>
    <facility>
      <address>
        <city>Madison</city>
        <state>Wisconsin</state>
        <zip>53792</zip>
        <country>United States</country>
      </address>
    </facility>
  </location>
  <location_countries>
    <country>United States</country>
  </location_countries>
  <link>
    <url>http://www.roche-trials.com/studyResultGet.action?studyResultNumber=ML18124</url>
    <description>Clinical Study Report Synopsis</description>
  </link>
  <verification_date>December 2010</verification_date>
  <lastchanged_date>December 22, 2010</lastchanged_date>
  <firstreceived_date>July 12, 2004</firstreceived_date>
  <firstreceived_results_date>October 14, 2009</firstreceived_results_date>
  <responsible_party>
    <name_title>Disclosures Group</name_title>
    <organization>Hoffmann-La Roche</organization>
  </responsible_party>
  <is_fda_regulated>Yes</is_fda_regulated>
  <is_section_801>Yes</is_section_801>
  <has_expanded_access>No</has_expanded_access>
  <condition_browse>
    <!-- CAUTION:  The following MeSH terms are assigned with an imperfect algorithm  -->
    <mesh_term>Hepatitis</mesh_term>
    <mesh_term>Hepatitis A</mesh_term>
    <mesh_term>Hepatitis C</mesh_term>
    <mesh_term>Hepatitis C, Chronic</mesh_term>
  </condition_browse>
  <intervention_browse>
    <!-- CAUTION:  The following MeSH terms are assigned with an imperfect algorithm  -->
    <mesh_term>Interferon-alpha</mesh_term>
    <mesh_term>Peginterferon alfa-2a</mesh_term>
  </intervention_browse>
  <!-- Results are available for this study                                           -->
</clinical_study>
