<?xml version="1.0" encoding="UTF-8"?>
<clinical_study rank="672">
  <!-- This xml conforms to an XML Schema at:
    https://clinicaltrials.gov/ct2/html/images/info/public.xsd
 and an XML DTD at:
    https://clinicaltrials.gov/ct2/html/images/info/public.dtd -->
  <required_header>
    <download_date>ClinicalTrials.gov processed this data on December 13, 2015</download_date>
    <link_text>Link to the current ClinicalTrials.gov record.</link_text>
    <url>https://clinicaltrials.gov/show/NCT00216775</url>
  </required_header>
  <id_info>
    <org_study_id>H16-697</org_study_id>
    <nct_id>NCT00216775</nct_id>
  </id_info>
  <brief_title>Comparative Trial of Standard Versus Low-dose Peg-Interferon Plus Ribavirin in the Treatment of Chronic Hepatitis C</brief_title>
  <sponsors>
    <lead_sponsor>
      <agency>Kyoto University</agency>
      <agency_class>Other</agency_class>
    </lead_sponsor>
  </sponsors>
  <source>Kyoto University</source>
  <oversight_info>
    <authority>Japan: Ministry of Health, Labor and Welfare</authority>
  </oversight_info>
  <brief_summary>
    <textblock>
      The purpose of this study is to evaluate the efficacy and safety of low-dose
      interferon-alfa-2b plus ribavirin compared to the standard-dose of the same combination in
      patients with chronic hepatitis C.
    </textblock>
  </brief_summary>
  <overall_status>Completed</overall_status>
  <start_date>December 2004</start_date>
  <completion_date type="Actual">May 2008</completion_date>
  <primary_completion_date type="Actual">May 2008</primary_completion_date>
  <phase>Phase 4</phase>
  <study_type>Observational</study_type>
  <study_design>Observational Model: Cohort, Time Perspective: Prospective</study_design>
  <primary_outcome>
    <measure>rate of sustained viral response</measure>
    <time_frame>6 months</time_frame>
    <safety_issue>Yes</safety_issue>
  </primary_outcome>
  <number_of_groups>1</number_of_groups>
  <enrollment type="Actual">50</enrollment>
  <condition>Hepatitis C, Chronic</condition>
  <intervention>
    <intervention_type>Drug</intervention_type>
    <intervention_name>interferon-alfa-2b and ribavirin</intervention_name>
  </intervention>
  <eligibility>
    <study_pop>
      <textblock>
        patients with chronic hepatitis C
      </textblock>
    </study_pop>
    <sampling_method>Probability Sample</sampling_method>
    <criteria>
      <textblock>
        Inclusion Criteria:

          -  Clinical diagnosis of Chronic Hepatitis C. Must be infected with genotype 1b viruses

        Exclusion Criteria:

          -  Hemoglobin levels&lt;8.5g/dL,

          -  Platelet counts&lt;50,000/mm3,

          -  Total polymorphonuclear counts&lt;1000/mm3

          -  Pregnancy,

          -  Renal dysfunction,
      </textblock>
    </criteria>
    <gender>Both</gender>
    <minimum_age>20 Years</minimum_age>
    <maximum_age>70 Years</maximum_age>
    <healthy_volunteers>No</healthy_volunteers>
  </eligibility>
  <overall_official>
    <last_name>Tsutomu Chiba, M.D., Ph.D</last_name>
    <role>Study Chair</role>
    <affiliation>Kyoto University</affiliation>
  </overall_official>
  <location>
    <facility>
      <name>Department of Gastroenterology and Hepatology, Kyoto University Hospital</name>
      <address>
        <city>Kyoto</city>
        <zip>606-8507</zip>
        <country>Japan</country>
      </address>
    </facility>
  </location>
  <location>
    <facility>
      <name>Kitano Hospital</name>
      <address>
        <city>Osaka</city>
        <country>Japan</country>
      </address>
    </facility>
  </location>
  <location>
    <facility>
      <name>Osaka Red Cross Hospital</name>
      <address>
        <city>Osaka</city>
        <country>Japan</country>
      </address>
    </facility>
  </location>
  <location>
    <facility>
      <name>Wakayama Red Cross Hospital</name>
      <address>
        <city>Wakayama</city>
        <country>Japan</country>
      </address>
    </facility>
  </location>
  <location_countries>
    <country>Japan</country>
  </location_countries>
  <verification_date>September 2015</verification_date>
  <lastchanged_date>September 1, 2015</lastchanged_date>
  <firstreceived_date>September 10, 2005</firstreceived_date>
  <responsible_party>
    <responsible_party_type>Principal Investigator</responsible_party_type>
    <investigator_affiliation>Kyoto University</investigator_affiliation>
    <investigator_full_name>Hiroyuki Marusawa</investigator_full_name>
    <investigator_title>Dep Gastroenterol</investigator_title>
  </responsible_party>
  <is_fda_regulated>No</is_fda_regulated>
  <has_expanded_access>No</has_expanded_access>
  <condition_browse>
    <!-- CAUTION:  The following MeSH terms are assigned with an imperfect algorithm  -->
    <mesh_term>Hepatitis</mesh_term>
    <mesh_term>Hepatitis C</mesh_term>
    <mesh_term>Hepatitis C, Chronic</mesh_term>
  </condition_browse>
  <intervention_browse>
    <!-- CAUTION:  The following MeSH terms are assigned with an imperfect algorithm  -->
    <mesh_term>Interferon-alpha</mesh_term>
    <mesh_term>Interferons</mesh_term>
    <mesh_term>Ribavirin</mesh_term>
  </intervention_browse>
  <!-- Results have not yet been posted for this study                                -->
</clinical_study>
