<?xml version="1.0" encoding="UTF-8"?>
<clinical_study rank="273">
  <!-- This xml conforms to an XML Schema at:
    https://clinicaltrials.gov/ct2/html/images/info/public.xsd
 and an XML DTD at:
    https://clinicaltrials.gov/ct2/html/images/info/public.dtd -->
  <required_header>
    <download_date>ClinicalTrials.gov processed this data on December 13, 2015</download_date>
    <link_text>Link to the current ClinicalTrials.gov record.</link_text>
    <url>https://clinicaltrials.gov/show/NCT00556504</url>
  </required_header>
  <id_info>
    <org_study_id>TCM-700-01-04</org_study_id>
    <nct_id>NCT00556504</nct_id>
  </id_info>
  <brief_title>The Effects of Adding TCM-700C on the Standard Combination Treatment for Patients With Genotype 1 Hepatitis C Infection</brief_title>
  <acronym>TCM-700C</acronym>
  <official_title>TCM-700C Phase II Trial The Effects of Adding a Chinese Formulation (TCM-700C) on the Standard Combination Treatment for Patients With Genotype 1 Hepatitis C Infection</official_title>
  <sponsors>
    <lead_sponsor>
      <agency>TCM Biotech International Corp.</agency>
      <agency_class>Industry</agency_class>
    </lead_sponsor>
  </sponsors>
  <source>TCM Biotech International Corp.</source>
  <oversight_info>
    <authority>United States: Food and Drug Administration</authority>
    <authority>Taiwan : Food and Drug Administration</authority>
    <has_dmc>No</has_dmc>
  </oversight_info>
  <brief_summary>
    <textblock>
      The primary objective of this study is to evaluate the effectiveness of TCM-700C as an
      add-on treatment to the combination drug therapy (Peginterferon α-2b plus Ribavirin) for
      patients with genotype 1 chronic hepatitis C infections. This will be demonstrated by a
      higher sustained virologic response rate, defined as the absence of detectable HCV RNA 24
      weeks after the termination of combinational drug treatment, compared with the placebo
      add-on.
    </textblock>
  </brief_summary>
  <detailed_description>
    <textblock>
      This was a randomized, double-blind, placebo controlled, parallel-group, Phase 2 study to
      evaluate the effects of adding a Chinese formulation (TCM-700C) on the standard combination
      treatment for patients with Genotype 1 hepatitis C infection. Patients were screened within
      4 weeks before receive the first study drug dose. Eligible patients at baseline were
      stratified according to baseline HCV RNA (≤800,000 IU/ml vs &gt;800,000 IU/ml) and randomized
      with an equal chance to receive either TCM-700C or placebo as an add-on to the combination
      drug therapy. The combination drug therapy was peginterferon α-2b (PEG-INTRON®,
      Schering-Plough) 1.5 micrograms/kg once weekly injection for 48 weeks plus oral ribavirin
      (REBETOL®, Shering-Plough) 1000mg-1200mg daily for 48 weeks. The add-on treatment of
      TCM-700C or placebo was given 2 tablets thrice daily for 48 weeks.

      During the 48 week treatment period and 24 week untreated follow-up, patients were assessed
      at regular intervals for safety and efficacy at weeks 2, 4, 8, 12, 16 and then every 8 weeks
      thereafter until study completion. Patients who prematurely discontinued test drug therapy
      had laboratory examination re-taken on the week patient was discontinued from study.
    </textblock>
  </detailed_description>
  <overall_status>Completed</overall_status>
  <start_date>July 2007</start_date>
  <completion_date type="Actual">May 2011</completion_date>
  <primary_completion_date type="Actual">January 2011</primary_completion_date>
  <phase>Phase 2</phase>
  <study_type>Interventional</study_type>
  <study_design>Allocation: Randomized, Endpoint Classification: Safety/Efficacy Study, Intervention Model: Parallel Assignment, Masking: Double Blind (Subject, Caregiver, Investigator, Outcomes Assessor), Primary Purpose: Treatment</study_design>
  <primary_outcome>
    <measure>Sustained Virologic Response (SVR)</measure>
    <time_frame>24 weeks after the termination of combinational drug treatment (up to 72 weeks)</time_frame>
    <safety_issue>No</safety_issue>
    <description>SVR is defined as no detectable HCV RNA in serum of patient at Week 72, which is 24 weeks after the termination of combination drug treatment..
A subject is a sustained responder at a given week, if the subject has negative HCV RNA at that week and all the subsequent weeks through Week 72.
If a patient has a missing value between visits, then the last non-missing HCV RNA is carried forward to fill in the missing value.
If the patient's HCV RNA at last visit, Week 72 is missing or above the limit of detection, then the patient is a non-responder, even if all the previous visits from baseline onwards were undetectable.
Serum HCV RNA will be tested using a commercially available real-time polymerase-chain-reaction (PCR) assay kit (Roche Cobas TaqMan HCV assay kit)</description>
  </primary_outcome>
  <secondary_outcome>
    <measure>Virologic Response</measure>
    <time_frame>at the end of combination drug treatment (up to 48 weeks)</time_frame>
    <safety_issue>No</safety_issue>
    <description>undetectable HCV RNA at the end of combination drug treatment
Serum HCV RNA will be tested using a commercially available real-time polymerase-chain-reaction (PCR) assay kit (Roche Cobas TaqMan HCV assay kit).</description>
  </secondary_outcome>
  <secondary_outcome>
    <measure>ALT Response</measure>
    <time_frame>at the end of combination drug treatment (up to 48 weeks)</time_frame>
    <safety_issue>No</safety_issue>
    <description>An ALT response is defined as normalization of ALT at the end of combination drug treatment.
(ALT normalization is defined as ALT level decreases into within the normal range)</description>
  </secondary_outcome>
  <secondary_outcome>
    <measure>Sustained ALT Response</measure>
    <time_frame>24 weeks after the termination of combinational drug treatment (up to 72 weeks)</time_frame>
    <safety_issue>No</safety_issue>
    <description>a sustained ALT response is defined as sustained normalization of ALT 24 weeks after cessation of combination drug treatment.</description>
  </secondary_outcome>
  <secondary_outcome>
    <measure>Combined ALT and Virologic Response</measure>
    <time_frame>at the end of combination drug treatment (up to 48 weeks)</time_frame>
    <safety_issue>No</safety_issue>
    <description>Combined ALT and virologic response at the end of combination drug treatment.</description>
  </secondary_outcome>
  <secondary_outcome>
    <measure>Immune Cell Normalization</measure>
    <time_frame>at the end of combination drug treatment (up to 48 weeks)</time_frame>
    <safety_issue>No</safety_issue>
    <description>Normalization of immune cells, CD4, CD8 and NK cells at the end of combination drug treatment
(Immune cell normalization is defined as return of CD4, CD8 and NK cells to normal range)</description>
  </secondary_outcome>
  <secondary_outcome>
    <measure>Immune Cell Normalization</measure>
    <time_frame>24 weeks after the termination of combinational drug treatment (up to 72 weeks)</time_frame>
    <safety_issue>No</safety_issue>
    <description>Normalization of immune cells, CD4, CD8 and NK cells at 24 weeks after cessation of combination drug treatment.</description>
  </secondary_outcome>
  <number_of_arms>2</number_of_arms>
  <enrollment type="Actual">84</enrollment>
  <condition>Chronic Hepatitis C</condition>
  <arm_group>
    <arm_group_label>TCM-700C</arm_group_label>
    <arm_group_type>Experimental</arm_group_type>
    <description>an add-on drug (2 tablets/t.i.d) to conventional treatment(Peginterferon alfa-2a + ribavirin) of Hepatitis C</description>
  </arm_group>
  <arm_group>
    <arm_group_label>Placebo</arm_group_label>
    <arm_group_type>Placebo Comparator</arm_group_type>
    <description>placebo add on(2 tablets/t.i.d) to conventional treatment(Peginterferon alfa-2a + ribavirin) of Hepatitis C</description>
  </arm_group>
  <intervention>
    <intervention_type>Drug</intervention_type>
    <intervention_name>TCM-700C</intervention_name>
    <description>An add-on drug to conventional treatment of Hepatitis C</description>
    <arm_group_label>TCM-700C</arm_group_label>
  </intervention>
  <intervention>
    <intervention_type>Drug</intervention_type>
    <intervention_name>Peginterferon alfa-2a</intervention_name>
    <description>conventional treatment of Hepatitis C</description>
    <arm_group_label>TCM-700C</arm_group_label>
    <arm_group_label>Placebo</arm_group_label>
    <other_name>Peg-INTRON, Schering-Plough</other_name>
  </intervention>
  <intervention>
    <intervention_type>Drug</intervention_type>
    <intervention_name>Ribavirin</intervention_name>
    <description>conventional treatment of Hepatitis C</description>
    <arm_group_label>TCM-700C</arm_group_label>
    <arm_group_label>Placebo</arm_group_label>
    <other_name>Rebetol, Schering-Plough)</other_name>
  </intervention>
  <intervention>
    <intervention_type>Drug</intervention_type>
    <intervention_name>Placebo</intervention_name>
    <description>Placebo, without acting ingredient.</description>
    <arm_group_label>Placebo</arm_group_label>
  </intervention>
  <eligibility>
    <criteria>
      <textblock>
        Inclusion Criteria:

          -  HCV strain confirmed as genotype I;

          -  Elevated ALT (≥1.5 x upper limit of normal)during last 6 months

          -  Females of childbearing potential with a negative serum pregnancy test

          -  Subject must be willing to sign a written informed consent

          -  Subject must be willing and able to adhere to dose and visit schedule.

        Exclusion Criteria:

          -  Serum AFP levels &gt; 400 ng/ml

          -  Liver biopsy within 12 months prior to study entry showed liver cirrhosis with
             METAVIR system fibrosis score of 3-4, or hepatocellular carcinoma (HCC);

          -  Co-infection with hepatitis B virus (HBV);

          -  Anti-HIV positive;
      </textblock>
    </criteria>
    <gender>Both</gender>
    <minimum_age>20 Years</minimum_age>
    <maximum_age>65 Years</maximum_age>
    <healthy_volunteers>No</healthy_volunteers>
  </eligibility>
  <overall_official>
    <last_name>I-Sheen Sheen, MD</last_name>
    <role>Principal Investigator</role>
    <affiliation>Chang Gung Memorial Hospital</affiliation>
  </overall_official>
  <location>
    <facility>
      <name>Chang Gung Memorial Hospital</name>
      <address>
        <city>Taoyuan</city>
        <zip>333</zip>
        <country>Taiwan</country>
      </address>
    </facility>
  </location>
  <location_countries>
    <country>Taiwan</country>
  </location_countries>
  <verification_date>July 2014</verification_date>
  <lastchanged_date>August 4, 2014</lastchanged_date>
  <firstreceived_date>November 8, 2007</firstreceived_date>
  <firstreceived_results_date>June 5, 2013</firstreceived_results_date>
  <responsible_party>
    <responsible_party_type>Sponsor</responsible_party_type>
  </responsible_party>
  <keyword>add-on treatment</keyword>
  <keyword>botanical drug</keyword>
  <keyword>HCV genotype 1</keyword>
  <keyword>TCM-700C</keyword>
  <keyword>genotype I</keyword>
  <is_fda_regulated>Yes</is_fda_regulated>
  <is_section_801>No</is_section_801>
  <has_expanded_access>No</has_expanded_access>
  <condition_browse>
    <!-- CAUTION:  The following MeSH terms are assigned with an imperfect algorithm  -->
    <mesh_term>Hepatitis</mesh_term>
    <mesh_term>Hepatitis A</mesh_term>
    <mesh_term>Hepatitis C</mesh_term>
    <mesh_term>Hepatitis C, Chronic</mesh_term>
    <mesh_term>Hepatitis, Chronic</mesh_term>
  </condition_browse>
  <intervention_browse>
    <!-- CAUTION:  The following MeSH terms are assigned with an imperfect algorithm  -->
    <mesh_term>Interferon-alpha</mesh_term>
    <mesh_term>Peginterferon alfa-2a</mesh_term>
    <mesh_term>Ribavirin</mesh_term>
  </intervention_browse>
  <!-- Results are available for this study                                           -->
</clinical_study>
