<?xml version="1.0" encoding="UTF-8"?>
<clinical_study rank="479">
  <!-- This xml conforms to an XML Schema at:
    https://clinicaltrials.gov/ct2/html/images/info/public.xsd
 and an XML DTD at:
    https://clinicaltrials.gov/ct2/html/images/info/public.dtd -->
  <required_header>
    <download_date>ClinicalTrials.gov processed this data on December 13, 2015</download_date>
    <link_text>Link to the current ClinicalTrials.gov record.</link_text>
    <url>https://clinicaltrials.gov/show/NCT00328549</url>
  </required_header>
  <id_info>
    <org_study_id>CR005116</org_study_id>
    <nct_id>NCT00328549</nct_id>
  </id_info>
  <brief_title>A Study to Evaluate the Erythropoietic Response in Hepatitis C Virus (HCV) Patients Receiving Combination Ribavirin (RBV)/Interferon (IFN) Therapy or RBV/PEG IFN (NATURAL HISTORY-HCV)</brief_title>
  <official_title>A Study to Evaluate the Erythropoietic Response in Hepatitis C Virus (HCV) Patients Receiving Combination Ribavirin (RBV)/Interferon (IFN) Therapy or RBV/PEG IFN</official_title>
  <sponsors>
    <lead_sponsor>
      <agency>Ortho Biotech Products, L.P.</agency>
      <agency_class>Industry</agency_class>
    </lead_sponsor>
  </sponsors>
  <source>Ortho Biotech Products, L.P.</source>
  <oversight_info>
    <authority>United States: Institutional Review Board</authority>
  </oversight_info>
  <brief_summary>
    <textblock>
      The purpose of this study was to describe the time course and extent of hemoglobin (Hb)
      changes and the erythropoietic response to PEG-IFN/RBV-induced anemia In HCV-infected
      subjects.
    </textblock>
  </brief_summary>
  <detailed_description>
    <textblock>
      Patients receiving combination therapy for chronic hepatitis C virus (HCV) infection
      (standard or pegylated interferon alfa [PEG-IFN] in combination with ribavirin [RBV])
      frequently develop moderate to severe anemia. In large, prospective, clinical trials of
      PEG-IFN alfa-2b and PEG-IFN alfa-2a, the reported mean decreases in hemoglobin (Hb) were 2.5
      g/dL and 3.7 g/dL, respectively. Furthermore, in a retrospective study, 54% of standard
      interferon/RBV-treated patients had hemoglobin (Hb) decreases of at least 3 g/dL. It is
      important to understand the causes, natural history, and risk factors associated with HCV
      therapy-induced anemia, because such decreases in Hb can result in RBV dose reduction or
      discontinuation, which may adversely affect the likelihood of a virologic response.
      Erythropoietin is an endogenous hormone that acts in the bone marrow to increase the number
      of erythroid progenitor cells. Normally, a decrease in the Hb level is accompanied by an
      increase in the serum erythropoietin (sEPO) level, which will ultimately normalize the Hb
      level. The relationship between Hb and sEPO is less apparent in patients with chronic
      diseases such as cancer and human immunodeficiency virus (HIV) infection. It is not known
      whether HCV-infected patients receiving combination PEG-IFN/RBV therapy have a similarly
      diminished erythropoietic response to anemia.

      One hundred HCV-infected patients who are receiving combination RBV/IFN or RBV/PEG-IFN
      therapy will be enrolled in this multicenter study. No study medication will be administered
      during this study. Weekly blood samples will be collected at specified times during the
      initial 8 weeks of RBV/IFN or RBV/PEG-IFN therapy. Assessment of laboratory tests, vital
      signs, incidence and severity of adverse experiences will be obtained.

      The objective of this study is to document the pattern of hemoglobin changes and
      erythropoietic response (from baseline to final assessment, up to Week 8) in HCV-infected
      patients receiving combination therapy with RBV/IFN or RBV/PEG-IFN. N/A
    </textblock>
  </detailed_description>
  <overall_status>Completed</overall_status>
  <start_date>October 2001</start_date>
  <completion_date type="Actual">December 2002</completion_date>
  <phase>Phase 2</phase>
  <study_type>Interventional</study_type>
  <study_design>Allocation: Non-Randomized, Endpoint Classification: Efficacy Study, Intervention Model: Single Group Assignment, Masking: Open Label, Primary Purpose: Treatment</study_design>
  <primary_outcome>
    <measure>Primary endpoints were change in Hb and sEPO from baseline to week 8 (or early withdrawal)</measure>
  </primary_outcome>
  <secondary_outcome>
    <measure>Other endpoints measured were changes in reticulocytes, platelets, total bilirubin, and RBV dose from baseline to week 8.</measure>
  </secondary_outcome>
  <enrollment type="Actual">105</enrollment>
  <condition>Hepatitis C</condition>
  <condition>Anemia</condition>
  <intervention>
    <intervention_type>Drug</intervention_type>
    <intervention_name>Pegylated Interferon and Ribavirin</intervention_name>
  </intervention>
  <eligibility>
    <criteria>
      <textblock>
        Inclusion Criteria:

          -  Signed Informed Consent

          -  HCV- infected patients confirmed by PCR or branched DNA (b-DNA)

          -  Scheduled to commence combination RBV/IFN or RBV/PEG-IFN therapy on Day 1

          -  Normal serum creatinine

          -  Life expectancy &gt; 6 months

        Exclusion Criteria:

          -  HIV-infected patients

          -  History of any primary hematologic disease

          -  Anemia attributable to factors such as iron or folate deficiency, pre-treatment

          -  hemolysis or gastrointestinal bleeding

          -  Has suspected or confirmed significant hepatic disease from an etiology other than

          -  HCV (e.g. alcohol, HBV, autoimmune disease etc)

          -  Current, active substance abuser

          -  Pregnant or breast feeding

          -  Women of childbearing potential not taking adequate birth control measures

          -  Exposure to Epoetin alfa within three (3) months prior to study enrollment or during
             study

          -  Transfusion within three (3) months prior to study entry
      </textblock>
    </criteria>
    <gender>Both</gender>
    <minimum_age>18 Years</minimum_age>
    <maximum_age>75 Years</maximum_age>
    <healthy_volunteers>No</healthy_volunteers>
  </eligibility>
  <overall_official>
    <last_name>Ortho Biotech Products, L.P. Clinical Trial</last_name>
    <role>Study Director</role>
    <affiliation>Ortho Biotech Products, L.P.</affiliation>
  </overall_official>
  <link>
    <url>http://filehosting.pharmacm.com/DownloadService.ashx?client=CTR_JNJ_6051&amp;studyid=929&amp;filename=CR005116_CSR.pdf</url>
    <description>A Study to Evaluate the Erythropoietic Response in HCV Patients Receiving Combination Ribavirin/Interferon Therapy or Ribavirin/PEG-Interferon</description>
  </link>
  <results_reference>
    <citation>Balan V, Schwartz D, Wu GY, Muir AJ, Ghalib R, Jackson J, Keeffe EB, Rossaro L, Burnett A, Goon BL, Bowers PJ, Leitz GJ; HCV Natural History Study Group. Erythropoietic response to anemia in chronic hepatitis C patients receiving combination pegylated interferon/ribavirin. Am J Gastroenterol. 2005 Feb;100(2):299-307.</citation>
    <PMID>15667486</PMID>
  </results_reference>
  <verification_date>April 2010</verification_date>
  <lastchanged_date>May 17, 2011</lastchanged_date>
  <firstreceived_date>May 19, 2006</firstreceived_date>
  <keyword>Natural History,</keyword>
  <keyword>Hepatitis C Infection</keyword>
  <keyword>Ribavirin</keyword>
  <keyword>Pegylated Interferon</keyword>
  <keyword>Interferon</keyword>
  <has_expanded_access>No</has_expanded_access>
  <condition_browse>
    <!-- CAUTION:  The following MeSH terms are assigned with an imperfect algorithm  -->
    <mesh_term>Hepatitis</mesh_term>
    <mesh_term>Hepatitis A</mesh_term>
    <mesh_term>Hepatitis C</mesh_term>
  </condition_browse>
  <intervention_browse>
    <!-- CAUTION:  The following MeSH terms are assigned with an imperfect algorithm  -->
    <mesh_term>Interferons</mesh_term>
    <mesh_term>Ribavirin</mesh_term>
  </intervention_browse>
  <!-- Results have not yet been posted for this study                                -->
</clinical_study>
