<?xml version="1.0" encoding="UTF-8"?>
<clinical_study rank="34">
  <!-- This xml conforms to an XML Schema at:
    https://clinicaltrials.gov/ct2/html/images/info/public.xsd
 and an XML DTD at:
    https://clinicaltrials.gov/ct2/html/images/info/public.dtd -->
  <required_header>
    <download_date>ClinicalTrials.gov processed this data on December 13, 2015</download_date>
    <link_text>Link to the current ClinicalTrials.gov record.</link_text>
    <url>https://clinicaltrials.gov/show/NCT00420784</url>
  </required_header>
  <id_info>
    <org_study_id>VX06-950-106</org_study_id>
    <nct_id>NCT00420784</nct_id>
  </id_info>
  <brief_title>A Study of Telaprevir (VX-950), Pegasys and Copegus in Hepatitis C (PROVE3)</brief_title>
  <official_title>A Phase 2 Study of Telaprevir (VX-950) in Combination With Peginterferon Alfa-2a (Pegasys®), and Ribavirin (Copegus®) in Subjects With Genotype 1 Hepatitis C Who Have Not Achieved Sustained Viral Response With a Prior Course of Interferon Based Therapy</official_title>
  <sponsors>
    <lead_sponsor>
      <agency>Vertex Pharmaceuticals Incorporated</agency>
      <agency_class>Industry</agency_class>
    </lead_sponsor>
  </sponsors>
  <source>Vertex Pharmaceuticals Incorporated</source>
  <oversight_info>
    <authority>United States: Food and Drug Administration</authority>
    <authority>Germany: Federal Institute for Drugs and Medical Devices</authority>
    <authority>Canada: Health Canada</authority>
    <authority>Netherlands: The Central Committee on Research Involving Human Subjects (CCMO)</authority>
    <has_dmc>Yes</has_dmc>
  </oversight_info>
  <brief_summary>
    <textblock>
      The PROVE3 trial is a partially double blinded, randomized, Phase 2 research study of an
      investigational drug, Telaprevir (VX-950) or Placebo, with Pegylated Interferon Alfa 2a
      (Peg-IFN-alfa-2a, Pegasys®), and Ribavirin (RBV, Copegus®) in people with genotype 1
      hepatitis C who have not achieved a Sustained Viral Response (SVR) with a previous treatment
      of interferon therapy.
    </textblock>
  </brief_summary>
  <overall_status>Completed</overall_status>
  <start_date>February 2007</start_date>
  <completion_date type="Actual">April 2009</completion_date>
  <primary_completion_date type="Actual">December 2008</primary_completion_date>
  <phase>Phase 2</phase>
  <study_type>Interventional</study_type>
  <study_design>Allocation: Randomized, Endpoint Classification: Safety/Efficacy Study, Intervention Model: Parallel Assignment, Masking: Double Blind (Subject, Caregiver, Investigator, Outcomes Assessor), Primary Purpose: Treatment</study_design>
  <primary_outcome>
    <measure>Percentage of Subjects With Undetectable Plasma Hepatitis C Virus (HCV) Ribonucleic Acid (RNA) at Week 24 After the Completion of Study Drug Dosing</measure>
    <time_frame>24 weeks after the completion of study drug dosing (up to Week 72)</time_frame>
    <safety_issue>No</safety_issue>
    <description>The plasma HCV RNA level was measured using Roche TaqMan HCV RNA assay. The lower limit of detection was 10 international units per milliliter (IU/mL).</description>
  </primary_outcome>
  <secondary_outcome>
    <measure>Percentage of Subjects With Undetectable Plasma HCV RNA at Completion of Study Drug Dosing</measure>
    <time_frame>Completion of study drug dosing (up to Week 48)</time_frame>
    <safety_issue>No</safety_issue>
    <description>The plasma HCV RNA level was measured using Roche TaqMan HCV RNA assay. The lower limit of detection was 10 international units per milliliter (IU/mL).</description>
  </secondary_outcome>
  <secondary_outcome>
    <measure>Percentage of Subjects With Undetectable Plasma HCV RNA</measure>
    <time_frame>Up to Week 96 (24 weeks after last dose of study drug for PBO group; 48 weeks after last dose of study drug for telaprevir groups)</time_frame>
    <safety_issue>No</safety_issue>
    <description>Percentage of subjects with undetectable HCV RNA at 24 weeks after last dose of study drug for treatment group &quot;PBO 24 Week+Peg-IFN-alfa-2a, RBV 48 Week&quot; and at 48 weeks after last dose of study drug for treatment groups &quot;Telaprevir 12 Week+Peg-IFN-alfa-2a,RBV 24 Week&quot;, &quot;Telaprevir 24 Week+Peg-IFN-alfa-2a,RBV 48 Week&quot; and &quot;Telaprevir 24 Week+Peg-IFN-alfa-2a 24 Week&quot; were presented. The plasma HCV RNA level was measured using Roche TaqMan HCV RNA assay. The lower limit of detection was 10 international units per milliliter (IU/mL).</description>
  </secondary_outcome>
  <secondary_outcome>
    <measure>Number of Subjects With Adverse Events (AEs) and Serious Adverse Events (SAEs)</measure>
    <time_frame>Baseline up to 2 weeks after last dose of study drug (up to Week 50)</time_frame>
    <safety_issue>Yes</safety_issue>
    <description>AE: any adverse change from the subject's baseline (pre-treatment) condition, including any adverse experience, abnormal recording or clinical laboratory assessment value which occurs during the course of the study, whether it is considered related to the study drug or not. An adverse event includes any newly occurring event or previous condition that has increased in severity or frequency since the administration of study drug. SAE: medical event or condition, which falls into any of the following categories, regardless of its relationship to the study drug: death, life threatening adverse experience, in-patient hospitalization/prolongation of hospitalization, persistent/significant disability or incapacity, congenital anomaly/birth defect, important medical event. &quot;Study drug&quot; includes all investigational agents (including placebo, if applicable) administered during the course of the study.</description>
  </secondary_outcome>
  <secondary_outcome>
    <measure>Number of Subjects With Viral Relapse</measure>
    <time_frame>After last dose of study drug up to 24 week antiviral follow-up (up to Week 72)</time_frame>
    <safety_issue>No</safety_issue>
    <description>Viral relapse was defined as having detectable HCV RNA during antiviral follow-up. The plasma HCV RNA level was measured using Roche TaqMan HCV RNA assay. The lower limit of detection was 10 international units per milliliter (IU/mL).</description>
  </secondary_outcome>
  <secondary_outcome>
    <measure>Maximum (Cmax), Minimum (Cmin) and Average (Cavg) Plasma Concentration of Telaprevir</measure>
    <time_frame>Week 2, 4, 8, 12, 16, 24</time_frame>
    <safety_issue>No</safety_issue>
    <description>Only subjects who received telaprevir were to be analyzed for this outcome. Maximum, minimum and average plasma concentrations observed during assessment period were reported.</description>
  </secondary_outcome>
  <number_of_arms>4</number_of_arms>
  <enrollment type="Actual">465</enrollment>
  <condition>Hepatitis C</condition>
  <arm_group>
    <arm_group_label>Telaprevir 12 Week+Peg-IFN-alfa-2a,RBV 24 Week</arm_group_label>
    <arm_group_type>Experimental</arm_group_type>
    <description>Single loading dose of telaprevir 1125 milligram (mg) tablet orally on Day 1 followed by 750 mg telaprevir tablet thrice daily for 12 weeks in combination with pegylated interferon alfa 2a (Peg-IFN-alfa-2a) 180 microgram per week (mcg/week) subcutaneous injection and ribavirin (RBV) tablet orally twice daily at a dose of 1000 milligram per day (mg/day) for subjects weighing less than (&lt;) 75 kilogram (kg) and 1200 mg/day for subjects weighing greater than or equal to (&gt;=) 75 kg, for 24 weeks.</description>
  </arm_group>
  <arm_group>
    <arm_group_label>Telaprevir 24 Week+Peg-IFN-alfa-2a,RBV 48 Week</arm_group_label>
    <arm_group_type>Experimental</arm_group_type>
    <description>Single loading dose of telaprevir 1125 mg tablet orally on Day 1 followed by 750 mg telaprevir tablet thrice daily for 24 weeks in combination with Peg-IFN-alfa-2a 180 mcg/week subcutaneous injection and RBV tablet orally twice daily at a dose of 1000 mg/day for subjects weighing &lt;75 kg and 1200 mg/day for subjects weighing &gt;=75 kg, for 48 weeks.</description>
  </arm_group>
  <arm_group>
    <arm_group_label>Telaprevir 24 Week+Peg-IFN-alfa-2a 24 Week</arm_group_label>
    <arm_group_type>Experimental</arm_group_type>
    <description>Single loading dose of telaprevir 1125 mg tablet orally on Day 1 followed by 750 mg telaprevir tablet thrice daily in combination with Peg-IFN-alfa-2a 180 mcg/week subcutaneous injection, for 24 weeks.</description>
  </arm_group>
  <arm_group>
    <arm_group_label>PBO 24 Week+Peg-IFN-alfa-2a, RBV 48 Week</arm_group_label>
    <arm_group_type>Placebo Comparator</arm_group_type>
    <description>Placebo (PBO) matched to telaprevir tablet orally thrice daily for 24 weeks in combination with Peg-IFN-alfa-2a 180 mcg/week subcutaneous injection and RBV tablet orally twice daily at a dose of 1000 mg/day for subjects weighing &lt;75 kg and 1200 mg/day for subjects weighing &gt;=75 kg, for 48 weeks.</description>
  </arm_group>
  <intervention>
    <intervention_type>Drug</intervention_type>
    <intervention_name>Telaprevir</intervention_name>
    <description>tablet</description>
    <arm_group_label>Telaprevir 12 Week+Peg-IFN-alfa-2a,RBV 24 Week</arm_group_label>
    <arm_group_label>Telaprevir 24 Week+Peg-IFN-alfa-2a,RBV 48 Week</arm_group_label>
    <arm_group_label>Telaprevir 24 Week+Peg-IFN-alfa-2a 24 Week</arm_group_label>
    <other_name>VX-950</other_name>
  </intervention>
  <intervention>
    <intervention_type>Drug</intervention_type>
    <intervention_name>Ribavirin</intervention_name>
    <description>tablet</description>
    <arm_group_label>Telaprevir 12 Week+Peg-IFN-alfa-2a,RBV 24 Week</arm_group_label>
    <arm_group_label>Telaprevir 24 Week+Peg-IFN-alfa-2a,RBV 48 Week</arm_group_label>
    <arm_group_label>PBO 24 Week+Peg-IFN-alfa-2a, RBV 48 Week</arm_group_label>
    <other_name>RBV</other_name>
  </intervention>
  <intervention>
    <intervention_type>Drug</intervention_type>
    <intervention_name>Pegylated Interferon Alfa 2a</intervention_name>
    <description>Solution for injection</description>
    <arm_group_label>Telaprevir 12 Week+Peg-IFN-alfa-2a,RBV 24 Week</arm_group_label>
    <arm_group_label>Telaprevir 24 Week+Peg-IFN-alfa-2a,RBV 48 Week</arm_group_label>
    <arm_group_label>Telaprevir 24 Week+Peg-IFN-alfa-2a 24 Week</arm_group_label>
    <arm_group_label>PBO 24 Week+Peg-IFN-alfa-2a, RBV 48 Week</arm_group_label>
    <other_name>Peg-IFN-alfa-2a</other_name>
  </intervention>
  <intervention>
    <intervention_type>Drug</intervention_type>
    <intervention_name>Matching Placebo</intervention_name>
    <description>Tablet</description>
    <arm_group_label>PBO 24 Week+Peg-IFN-alfa-2a, RBV 48 Week</arm_group_label>
  </intervention>
  <eligibility>
    <criteria>
      <textblock>
        Inclusion Criteria:

          -  Males and females between 18 and 70 years old

          -  Detectable plasma hepatitis C virus (HCV) ribonucleic acid (RNA) greater than or
             equal to (&gt;=) 10,000 international units per milliliter (IU/mL)

          -  Must have chronic hepatitis C (genotype 1) and have already received at least one
             prior course of pegylated interferon alfa 2a with ribavirin

          -  Cannot also be infected with Human Immunodeficiency Virus or hepatitis B

          -  Must be judged to be in general good health and able to receive Pegasys® and Copegus®

          -  No drug or alcohol abuse in the last year

          -  Must agree to use two effective methods of birth control during the study and for 6
             months after you stop taking study medication. One of the methods needs to be a
             'barrier' method (condom or diaphragm)

          -  If you are a woman, you cannot be in this study if you are pregnant or nursing

        Exclusion Criteria:

          -  Participation in any clinical trial of a HCV protease inhibitor of any duration

          -  Prior response to therapy and failure to achieve SVR which was due to treatment
             non-compliance

          -  Any other cause of significant liver disease in addition to hepatitis C; this may
             include but is not limited to, hepatitis B, drug or alcohol-related cirrhosis,
             autoimmune hepatitis, hemochromatosis, Wilson's disease, nonalcoholic
             steatohepatitis, or primary biliary cirrhosis

          -  Diagnosed or suspected hepatocellular carcinoma

          -  History of or current evidence of decompensated liver disease

          -  Participation in any clinical trial of an investigational drug within 90 days before
             drug administration or participation in more than 2 drug studies in the last 12
             months (exclusive of the current study)
      </textblock>
    </criteria>
    <gender>Both</gender>
    <minimum_age>18 Years</minimum_age>
    <maximum_age>70 Years</maximum_age>
    <healthy_volunteers>No</healthy_volunteers>
  </eligibility>
  <overall_official>
    <last_name>Medical Monitor</last_name>
    <role>Study Director</role>
    <affiliation>Vertex Pharmaceuticals Incorporated</affiliation>
  </overall_official>
  <location>
    <facility>
      <name>Birmingham Gastroenterology Associates</name>
      <address>
        <city>Birmingham</city>
        <state>Alabama</state>
        <country>United States</country>
      </address>
    </facility>
  </location>
  <location>
    <facility>
      <name>Cedars-Sinai Medical Center</name>
      <address>
        <city>Los Angeles</city>
        <state>California</state>
        <zip>90048</zip>
        <country>United States</country>
      </address>
    </facility>
  </location>
  <location>
    <facility>
      <name>USC</name>
      <address>
        <city>Los Angeles</city>
        <state>California</state>
        <country>United States</country>
      </address>
    </facility>
  </location>
  <location>
    <facility>
      <name>Kaiser Permanente Hepatology Research</name>
      <address>
        <city>San Diego</city>
        <state>California</state>
        <country>United States</country>
      </address>
    </facility>
  </location>
  <location>
    <facility>
      <name>University of California, San Diego</name>
      <address>
        <city>San Diego</city>
        <state>California</state>
        <country>United States</country>
      </address>
    </facility>
  </location>
  <location>
    <facility>
      <name>University of California San Francisco</name>
      <address>
        <city>San Francisco</city>
        <state>California</state>
        <country>United States</country>
      </address>
    </facility>
  </location>
  <location>
    <facility>
      <name>University of Colorado Health Sciences Center</name>
      <address>
        <city>Denver</city>
        <state>Colorado</state>
        <country>United States</country>
      </address>
    </facility>
  </location>
  <location>
    <facility>
      <address>
        <city>Englewood</city>
        <state>Colorado</state>
        <country>United States</country>
      </address>
    </facility>
  </location>
  <location>
    <facility>
      <address>
        <city>Bardenton</city>
        <state>Florida</state>
        <country>United States</country>
      </address>
    </facility>
  </location>
  <location>
    <facility>
      <name>University of Florida</name>
      <address>
        <city>Gainesville</city>
        <state>Florida</state>
        <country>United States</country>
      </address>
    </facility>
  </location>
  <location>
    <facility>
      <name>Borland-Groover Clinic</name>
      <address>
        <city>Jacksonville</city>
        <state>Florida</state>
        <country>United States</country>
      </address>
    </facility>
  </location>
  <location>
    <facility>
      <name>Mayo Clinic Jacksonville</name>
      <address>
        <city>Jacksonville</city>
        <state>Florida</state>
        <country>United States</country>
      </address>
    </facility>
  </location>
  <location>
    <facility>
      <address>
        <city>Miami</city>
        <state>Florida</state>
        <country>United States</country>
      </address>
    </facility>
  </location>
  <location>
    <facility>
      <name>University Hepatitis Center at Bach &amp; Godofsky</name>
      <address>
        <city>Sarasota</city>
        <state>Florida</state>
        <country>United States</country>
      </address>
    </facility>
  </location>
  <location>
    <facility>
      <address>
        <city>Atlanta</city>
        <state>Georgia</state>
        <country>United States</country>
      </address>
    </facility>
  </location>
  <location>
    <facility>
      <address>
        <city>Chicago</city>
        <state>Illinois</state>
        <country>United States</country>
      </address>
    </facility>
  </location>
  <location>
    <facility>
      <address>
        <city>Indianapolis</city>
        <state>Indiana</state>
        <country>United States</country>
      </address>
    </facility>
  </location>
  <location>
    <facility>
      <name>Gulf Coast Research, LLC</name>
      <address>
        <city>Baton Rouge</city>
        <state>Louisiana</state>
        <country>United States</country>
      </address>
    </facility>
  </location>
  <location>
    <facility>
      <name>Virology Treatment Center, Maine Medical Center</name>
      <address>
        <city>Portland</city>
        <state>Maine</state>
        <country>United States</country>
      </address>
    </facility>
  </location>
  <location>
    <facility>
      <name>Johns Hopkins University</name>
      <address>
        <city>Baltimore</city>
        <state>Maryland</state>
        <country>United States</country>
      </address>
    </facility>
  </location>
  <location>
    <facility>
      <name>Beth Isreal Deaconess Medical Center</name>
      <address>
        <city>Boston</city>
        <state>Massachusetts</state>
        <country>United States</country>
      </address>
    </facility>
  </location>
  <location>
    <facility>
      <name>Henry Ford Hospital</name>
      <address>
        <city>Detroit</city>
        <state>Michigan</state>
        <country>United States</country>
      </address>
    </facility>
  </location>
  <location>
    <facility>
      <name>Saint Louis University</name>
      <address>
        <city>St Louis</city>
        <state>Missouri</state>
        <country>United States</country>
      </address>
    </facility>
  </location>
  <location>
    <facility>
      <address>
        <city>Omaha</city>
        <state>Nebraska</state>
        <country>United States</country>
      </address>
    </facility>
  </location>
  <location>
    <facility>
      <address>
        <city>Albuquerque</city>
        <state>New Mexico</state>
        <country>United States</country>
      </address>
    </facility>
  </location>
  <location>
    <facility>
      <name>North Shore University Hospital</name>
      <address>
        <city>Manhasset</city>
        <state>New York</state>
        <country>United States</country>
      </address>
    </facility>
  </location>
  <location>
    <facility>
      <address>
        <city>New York</city>
        <state>New York</state>
        <country>United States</country>
      </address>
    </facility>
  </location>
  <location>
    <facility>
      <address>
        <city>Durham</city>
        <state>North Carolina</state>
        <country>United States</country>
      </address>
    </facility>
  </location>
  <location>
    <facility>
      <name>University Internal Medicine Associates, Inc.</name>
      <address>
        <city>Cincinnati</city>
        <state>Ohio</state>
        <country>United States</country>
      </address>
    </facility>
  </location>
  <location>
    <facility>
      <name>Cleveland Clinic</name>
      <address>
        <city>Cleveland</city>
        <state>Ohio</state>
        <country>United States</country>
      </address>
    </facility>
  </location>
  <location>
    <facility>
      <address>
        <city>Hershey</city>
        <state>Pennsylvania</state>
        <country>United States</country>
      </address>
    </facility>
  </location>
  <location>
    <facility>
      <address>
        <city>Pittsburgh</city>
        <state>Pennsylvania</state>
        <country>United States</country>
      </address>
    </facility>
  </location>
  <location>
    <facility>
      <name>Columbia Gastroenterology Associates, PA</name>
      <address>
        <city>Columbia</city>
        <state>South Carolina</state>
        <country>United States</country>
      </address>
    </facility>
  </location>
  <location>
    <facility>
      <name>Memphis Gastroenterology Group</name>
      <address>
        <city>Germantown</city>
        <state>Tennessee</state>
        <country>United States</country>
      </address>
    </facility>
  </location>
  <location>
    <facility>
      <name>Liver Institute at Methodist Dallas</name>
      <address>
        <city>Dallas</city>
        <state>Texas</state>
        <country>United States</country>
      </address>
    </facility>
  </location>
  <location>
    <facility>
      <name>Advanced Liver Therapies</name>
      <address>
        <city>Houston</city>
        <state>Texas</state>
        <country>United States</country>
      </address>
    </facility>
  </location>
  <location>
    <facility>
      <name>Alamo Medical Research</name>
      <address>
        <city>San Antonio</city>
        <state>Texas</state>
        <country>United States</country>
      </address>
    </facility>
  </location>
  <location>
    <facility>
      <address>
        <city>Annandale</city>
        <state>Virginia</state>
        <country>United States</country>
      </address>
    </facility>
  </location>
  <location>
    <facility>
      <name>Metropolitan Research</name>
      <address>
        <city>Fairfax</city>
        <state>Virginia</state>
        <country>United States</country>
      </address>
    </facility>
  </location>
  <location>
    <facility>
      <address>
        <city>Richmond</city>
        <state>Virginia</state>
        <country>United States</country>
      </address>
    </facility>
  </location>
  <location>
    <facility>
      <address>
        <city>Seattle</city>
        <state>Washington</state>
        <country>United States</country>
      </address>
    </facility>
  </location>
  <location>
    <facility>
      <name>University of Calgary Medical Clinic - Health Science Centre</name>
      <address>
        <city>Calgary</city>
        <state>Alberta</state>
        <zip>T2N 4N1</zip>
        <country>Canada</country>
      </address>
    </facility>
  </location>
  <location>
    <facility>
      <address>
        <city>Edmonton</city>
        <state>Alberta</state>
        <country>Canada</country>
      </address>
    </facility>
  </location>
  <location>
    <facility>
      <name>BC Hepatitis Program</name>
      <address>
        <city>Vancouver</city>
        <state>British Columbia</state>
        <country>Canada</country>
      </address>
    </facility>
  </location>
  <location>
    <facility>
      <address>
        <city>Winnipeg</city>
        <state>Manitoba</state>
        <country>Canada</country>
      </address>
    </facility>
  </location>
  <location>
    <facility>
      <name>Toronto Western Hospital</name>
      <address>
        <city>Toronto</city>
        <state>Ontario</state>
        <country>Canada</country>
      </address>
    </facility>
  </location>
  <location>
    <facility>
      <address>
        <city>Toronto</city>
        <state>Ontario</state>
        <country>Canada</country>
      </address>
    </facility>
  </location>
  <location>
    <facility>
      <name>Universitatsmedizin Berlin</name>
      <address>
        <city>Berlin</city>
        <country>Germany</country>
      </address>
    </facility>
  </location>
  <location>
    <facility>
      <name>University Clinic Frankfurt, Department of Internal Medicine</name>
      <address>
        <city>Frankfurt</city>
        <country>Germany</country>
      </address>
    </facility>
  </location>
  <location>
    <facility>
      <name>Academic Medical Center</name>
      <address>
        <city>Amsterdam</city>
        <country>Netherlands</country>
      </address>
    </facility>
  </location>
  <location>
    <facility>
      <name>Leiden University Medical Center</name>
      <address>
        <city>Leiden</city>
        <country>Netherlands</country>
      </address>
    </facility>
  </location>
  <location>
    <facility>
      <name>Erasmus MC University Medical Center</name>
      <address>
        <city>Rotterdam</city>
        <country>Netherlands</country>
      </address>
    </facility>
  </location>
  <location>
    <facility>
      <address>
        <city>Santurce</city>
        <country>Puerto Rico</country>
      </address>
    </facility>
  </location>
  <location_countries>
    <country>Canada</country>
    <country>Germany</country>
    <country>Netherlands</country>
    <country>Puerto Rico</country>
    <country>United States</country>
  </location_countries>
  <verification_date>July 2014</verification_date>
  <lastchanged_date>July 9, 2014</lastchanged_date>
  <firstreceived_date>January 8, 2007</firstreceived_date>
  <firstreceived_results_date>June 22, 2011</firstreceived_results_date>
  <responsible_party>
    <responsible_party_type>Sponsor</responsible_party_type>
  </responsible_party>
  <keyword>Genotype 1</keyword>
  <is_fda_regulated>Yes</is_fda_regulated>
  <is_section_801>Yes</is_section_801>
  <has_expanded_access>No</has_expanded_access>
  <condition_browse>
    <!-- CAUTION:  The following MeSH terms are assigned with an imperfect algorithm  -->
    <mesh_term>Hepatitis</mesh_term>
    <mesh_term>Hepatitis A</mesh_term>
    <mesh_term>Hepatitis C</mesh_term>
  </condition_browse>
  <intervention_browse>
    <!-- CAUTION:  The following MeSH terms are assigned with an imperfect algorithm  -->
    <mesh_term>Interferon-alpha</mesh_term>
    <mesh_term>Interferons</mesh_term>
    <mesh_term>Peginterferon alfa-2a</mesh_term>
    <mesh_term>Ribavirin</mesh_term>
  </intervention_browse>
  <!-- Results are available for this study                                           -->
</clinical_study>
