<?xml version="1.0" encoding="UTF-8"?>
<clinical_study rank="391">
  <!-- This xml conforms to an XML Schema at:
    https://clinicaltrials.gov/ct2/html/images/info/public.xsd
 and an XML DTD at:
    https://clinicaltrials.gov/ct2/html/images/info/public.dtd -->
  <required_header>
    <download_date>ClinicalTrials.gov processed this data on December 13, 2015</download_date>
    <link_text>Link to the current ClinicalTrials.gov record.</link_text>
    <url>https://clinicaltrials.gov/show/NCT00763763</url>
  </required_header>
  <id_info>
    <org_study_id>P030425</org_study_id>
    <nct_id>NCT00763763</nct_id>
  </id_info>
  <brief_title>Imatinib Mesylate With Vincristine and Dexamethasone in Acute Lymphoblastic Leukemias With BCR-ABL Positive</brief_title>
  <acronym>AFR07</acronym>
  <official_title>Study to Evaluate Efficacy and Safety of Glivec® in Combination With Vincristine and Dexamethasone in Patients With Lymphoid Blast Crisis CML or Philadelphia Chromosome Positive Acute Lymphoblastic Leukemia in Relapse or Refractory</official_title>
  <sponsors>
    <lead_sponsor>
      <agency>Assistance Publique - Hôpitaux de Paris</agency>
      <agency_class>Other</agency_class>
    </lead_sponsor>
  </sponsors>
  <source>Assistance Publique - Hôpitaux de Paris</source>
  <oversight_info>
    <authority>France: Ministry of Health</authority>
    <has_dmc>Yes</has_dmc>
  </oversight_info>
  <brief_summary>
    <textblock>
      Patients not previously exposed to imatinib and with resistant or refractory Ph+ ALL,
      lymphoid blast crisis chronic myelogenous leukaemia (LBC CML) or with de novo Ph+ ALL and
      aged over 55y were eligible in the study. The DIV regimen consisted in one IV injection of
      vincristine 2 mg combined with 2 days of dexamethasone 40 mg PO repeated weekly for 4 weeks
      as induction and then monthly for 4 months as consolidation. Imatinib was administered at
      800 mg per day during the induction period and at 600 mg/d continuously during
      consolidation. Patients in CR not eligible for HSCT were allocated to maintenance therapy
      consisting in weekly SC injection of Pegasys 45 µg and continuous administration of imatinib
      400 mg per day for 2 years.
    </textblock>
  </brief_summary>
  <detailed_description>
    <textblock>
      Gleevec™ is now considered as the gold standard treatment in chronic phase chronic myeloid
      leukemia (CML), for patients who are not candidate for an allogenic bone marrow
      transplantation. However, in advanced phase CML and Philadelphia chromosome-positive acute
      lymphoblastic leukemia (Ph+ ALL), development of resistance to imatinib has become the
      central issue concerning the use of imatinib as a monotherapeutic agent. The response rate
      (complete hematological remission) at the dose of 600 mg/d in poor prognosis lymphoid blast
      phase CML and Ph+ ALL was about 20% and median time to disease progression was only 2.2
      months. In VITRO studies have addressed the question of combined therapy with imatinib. A
      synergistic or additive activity has been demonstrated with vincristine and dexamethasone,
      two major drugs for the treatment of acute lymphoblastic leukemia (ALL). On going clinical
      studies are also testing Gleevec™ in association with daunorubicin and cytarabine (standard
      dose) in CML in myeloid blast phase (CST571AFR01) or with MITHOXANTROME and cytarabine
      (intermediate dose) as a consolidation regiment in Ph+ ALL in first CR (CSTI571AFR03). The
      safety of the combined therapy was excellent in the two studies. Therefore, we propose to
      initiate a study to assess the efficacy and the safety of Gleevec™ combined with vincristine
      and dexamethasone in patients with relapsed or refractory Philadelphia chromosome-positive
      acute lymphoblastic leukemias
    </textblock>
  </detailed_description>
  <overall_status>Completed</overall_status>
  <start_date>December 2004</start_date>
  <completion_date type="Actual">January 2010</completion_date>
  <primary_completion_date type="Actual">October 2007</primary_completion_date>
  <phase>Phase 2</phase>
  <study_type>Interventional</study_type>
  <study_design>Allocation: Non-Randomized, Endpoint Classification: Safety/Efficacy Study, Intervention Model: Single Group Assignment, Masking: Open Label, Primary Purpose: Treatment</study_design>
  <primary_outcome>
    <measure>To determine the rate of hematological response induced by Gleevec™ combined with vincristine and dexamethasone</measure>
    <time_frame>After 35 days or 56 days of induction</time_frame>
    <safety_issue>No</safety_issue>
  </primary_outcome>
  <number_of_arms>1</number_of_arms>
  <enrollment type="Actual">55</enrollment>
  <condition>Leukemia, Lymphocytic, Acute</condition>
  <condition>Philadelphia Chromosome</condition>
  <condition>Blast Crisis</condition>
  <condition>Leukemia, Myeloid, Chronic</condition>
  <arm_group>
    <arm_group_label>1</arm_group_label>
    <arm_group_type>Experimental</arm_group_type>
    <description>imatinib in combination with chemotherapy by vincristin and dexamethasone</description>
  </arm_group>
  <intervention>
    <intervention_type>Drug</intervention_type>
    <intervention_name>Imatinib mesylate</intervention_name>
    <description>imatinib 600 mg/day for 2 years</description>
    <arm_group_label>1</arm_group_label>
    <other_name>Interferon, Pegasys</other_name>
  </intervention>
  <intervention>
    <intervention_type>Drug</intervention_type>
    <intervention_name>Interferon</intervention_name>
    <description>45 micrograms per week during 2 years</description>
    <arm_group_label>1</arm_group_label>
    <other_name>Pegasys</other_name>
  </intervention>
  <intervention>
    <intervention_type>Drug</intervention_type>
    <intervention_name>Vincristine</intervention_name>
    <description>2 mg IV injection repeated weekly for 4 weeks as induction and then monthly for 4 months as consolidation</description>
    <arm_group_label>1</arm_group_label>
  </intervention>
  <intervention>
    <intervention_type>Drug</intervention_type>
    <intervention_name>Dexamethasone</intervention_name>
    <description>40 mg PO repeated weekly for 4 weeks as induction and then monthly for 4 months as consolidation</description>
    <arm_group_label>1</arm_group_label>
  </intervention>
  <eligibility>
    <criteria>
      <textblock>
        Inclusion Criteria:

          -  Male or female subjects over 18 years,

          -  Poor prognosis BCR-ABL transcript-positive acute lymphoblastic leukemia (refractory
             or relapsing Ph+ ALL, BP lymphoid CML, BP lymphoid CML in relapse)

        Exclusion Criteria:

          -  Pregnant female,

          -  Blastic involvement of the CNS,

          -  Participation in an investigational agent trial within 4 weeks,

          -  High dose therapy within 4 weeks,

          -  Gleevec administration within 3 months,

          -  Transaminases grade 3 or 4 elevation.
      </textblock>
    </criteria>
    <gender>Both</gender>
    <minimum_age>18 Years</minimum_age>
    <maximum_age>N/A</maximum_age>
    <healthy_volunteers>No</healthy_volunteers>
  </eligibility>
  <overall_official>
    <last_name>Philippe ROUSSELOT, MD</last_name>
    <role>Principal Investigator</role>
    <affiliation>Assistance Publique - Hôpitaux de Paris</affiliation>
  </overall_official>
  <location>
    <facility>
      <name>Service Clinique des Maladies du Sang</name>
      <address>
        <city>Paris</city>
        <zip>75010</zip>
        <country>France</country>
      </address>
    </facility>
  </location>
  <location_countries>
    <country>France</country>
  </location_countries>
  <verification_date>October 2011</verification_date>
  <lastchanged_date>October 4, 2011</lastchanged_date>
  <firstreceived_date>July 25, 2008</firstreceived_date>
  <responsible_party>
    <responsible_party_type>Sponsor</responsible_party_type>
  </responsible_party>
  <keyword>Imatinib mesylate</keyword>
  <keyword>Combination therapy</keyword>
  <keyword>Leukemia, Lymphocytic, Acute</keyword>
  <keyword>Philadelphia Chromosome</keyword>
  <keyword>Blast Crisis</keyword>
  <keyword>Leukemia, Myeloid, Chronic</keyword>
  <is_fda_regulated>No</is_fda_regulated>
  <has_expanded_access>No</has_expanded_access>
  <condition_browse>
    <!-- CAUTION:  The following MeSH terms are assigned with an imperfect algorithm  -->
    <mesh_term>Blast Crisis</mesh_term>
    <mesh_term>Leukemia</mesh_term>
    <mesh_term>Leukemia, Lymphoid</mesh_term>
    <mesh_term>Leukemia, Myelogenous, Chronic, BCR-ABL Positive</mesh_term>
    <mesh_term>Leukemia, Myeloid</mesh_term>
    <mesh_term>Philadelphia Chromosome</mesh_term>
    <mesh_term>Precursor Cell Lymphoblastic Leukemia-Lymphoma</mesh_term>
  </condition_browse>
  <intervention_browse>
    <!-- CAUTION:  The following MeSH terms are assigned with an imperfect algorithm  -->
    <mesh_term>BB 1101</mesh_term>
    <mesh_term>Dexamethasone</mesh_term>
    <mesh_term>Dexamethasone 21-phosphate</mesh_term>
    <mesh_term>Dexamethasone acetate</mesh_term>
    <mesh_term>Imatinib</mesh_term>
    <mesh_term>Interferons</mesh_term>
    <mesh_term>Vincristine</mesh_term>
  </intervention_browse>
  <!-- Results have not yet been posted for this study                                -->
</clinical_study>
