<?xml version="1.0" encoding="UTF-8"?>
<clinical_study rank="146">
  <!-- This xml conforms to an XML Schema at:
    https://clinicaltrials.gov/ct2/html/images/info/public.xsd
 and an XML DTD at:
    https://clinicaltrials.gov/ct2/html/images/info/public.dtd -->
  <required_header>
    <download_date>ClinicalTrials.gov processed this data on December 13, 2015</download_date>
    <link_text>Link to the current ClinicalTrials.gov record.</link_text>
    <url>https://clinicaltrials.gov/show/NCT00442572</url>
  </required_header>
  <id_info>
    <org_study_id>ML20020</org_study_id>
    <nct_id>NCT00442572</nct_id>
  </id_info>
  <brief_title>SOFIA-LTT Study: A Study of Intermittent Long Term Treatment With PEGASYS (Peginterferon Alfa-2a (40KD)) in Patients With HBeAg Negative Chronic Hepatitis B (CHB).</brief_title>
  <official_title>'A Randomized, Open-label Study to Investigate the Effect on Sustained Virologic Response, and the Safety, of Intermittent Long Term Treatment With PEGASYS in Patients With HBeAg Negative Chronic Hepatitis B Who Have Responded to Previous Treatment With Interferon Alfa.' (SOFIA-LTT Study)</official_title>
  <sponsors>
    <lead_sponsor>
      <agency>Hoffmann-La Roche</agency>
      <agency_class>Industry</agency_class>
    </lead_sponsor>
  </sponsors>
  <source>Hoffmann-La Roche</source>
  <oversight_info>
    <authority>Bulgaria: Bulgarian Drug Agency</authority>
  </oversight_info>
  <brief_summary>
    <textblock>
      This 2 arm study will evaluate the efficacy and safety of intermittent treatment with
      PEGASYS in HBeAg negative patients with chronic hepatitis B who have demonstrated
      virological and biochemical response after treatment with interferon alfa. After 48 weeks
      therapy with interferon alfa, and 24 weeks treatment-free follow-up, eligible patients will
      be randomized into the PEGASYS or the observational group. Those in the PEGASYS group will
      receive 4 therapeutic cycles of long term intermittent treatment with PEGASYS (135
      micrograms sc weekly for 12 weeks, followed by a treatment-free period of 12 weeks) and
      those in the observational arm will receive no specific antiviral treatment. The anticipated
      time on study treatment is 1-2 years, and the target sample size is 100 individuals.
    </textblock>
  </brief_summary>
  <overall_status>Completed</overall_status>
  <start_date>July 2006</start_date>
  <completion_date type="Actual">April 2012</completion_date>
  <primary_completion_date type="Actual">April 2012</primary_completion_date>
  <phase>Phase 2</phase>
  <study_type>Interventional</study_type>
  <study_design>Allocation: Randomized, Endpoint Classification: Safety/Efficacy Study, Intervention Model: Parallel Assignment, Masking: Open Label, Primary Purpose: Treatment</study_design>
  <primary_outcome>
    <measure>Duration of treatment response (Serum HBV DNA &lt;100,000 copies/mL)</measure>
    <time_frame>After each treatment, and after 24 weeks of follow up</time_frame>
    <safety_issue>No</safety_issue>
  </primary_outcome>
  <secondary_outcome>
    <measure>Duration of treatment response</measure>
    <time_frame>Every 12 weeks, and after follow-up.</time_frame>
    <safety_issue>No</safety_issue>
  </secondary_outcome>
  <secondary_outcome>
    <measure>Loss of HbsAg and seroconversion, and HBV DNA BLQ.</measure>
    <time_frame>At end of follow up</time_frame>
    <safety_issue>No</safety_issue>
  </secondary_outcome>
  <secondary_outcome>
    <measure>Changes in liver fibrosis, AEs, lab parameters.</measure>
    <time_frame>Throughout study</time_frame>
    <safety_issue>No</safety_issue>
  </secondary_outcome>
  <number_of_arms>2</number_of_arms>
  <enrollment type="Actual">1</enrollment>
  <condition>Hepatitis B, Chronic</condition>
  <arm_group>
    <arm_group_label>1</arm_group_label>
    <arm_group_type>Experimental</arm_group_type>
  </arm_group>
  <arm_group>
    <arm_group_label>2</arm_group_label>
    <arm_group_type>No Intervention</arm_group_type>
  </arm_group>
  <intervention>
    <intervention_type>Drug</intervention_type>
    <intervention_name>peginterferon alfa-2a [Pegasys]</intervention_name>
    <description>4 cycles of 135 micrograms sc weekly for 12 weeks followed by no treatment for 12 weeks.</description>
    <arm_group_label>1</arm_group_label>
  </intervention>
  <eligibility>
    <criteria>
      <textblock>
        Inclusion Criteria:

          -  adult patients, &gt;=18 years of age;

          -  liver disease consistent with CHB;

          -  evidence of chronic HBeAg-negative CHB prior to initial course of interferon alfa;

          -  patients who have responded to previous 48 weeks treatment with interferon alfa.

        Exclusion Criteria:

          -  coinfection with HCV, HDV or HIV;

          -  decompensated liver disease, hepatocellular cancer, or evidence of a medical
             condition associated with chronic liver disease other than viral hepatitis;

          -  any other systemic antiviral, antineoplastic or immunomodulatory treatment &lt;=6 months
             prior to first dose of randomized treatment.
      </textblock>
    </criteria>
    <gender>Both</gender>
    <minimum_age>18 Years</minimum_age>
    <maximum_age>N/A</maximum_age>
    <healthy_volunteers>No</healthy_volunteers>
  </eligibility>
  <overall_official>
    <last_name>Clinical Trials</last_name>
    <role>Study Director</role>
    <affiliation>Hoffmann-La Roche</affiliation>
  </overall_official>
  <location>
    <facility>
      <address>
        <city>Sofia</city>
        <zip>1612</zip>
        <country>Bulgaria</country>
      </address>
    </facility>
  </location>
  <location_countries>
    <country>Bulgaria</country>
  </location_countries>
  <verification_date>October 2015</verification_date>
  <lastchanged_date>October 1, 2015</lastchanged_date>
  <firstreceived_date>February 15, 2007</firstreceived_date>
  <responsible_party>
    <responsible_party_type>Sponsor</responsible_party_type>
  </responsible_party>
  <is_fda_regulated>No</is_fda_regulated>
  <has_expanded_access>No</has_expanded_access>
  <condition_browse>
    <!-- CAUTION:  The following MeSH terms are assigned with an imperfect algorithm  -->
    <mesh_term>Hepatitis</mesh_term>
    <mesh_term>Hepatitis A</mesh_term>
    <mesh_term>Hepatitis B</mesh_term>
    <mesh_term>Hepatitis B, Chronic</mesh_term>
    <mesh_term>Hepatitis, Chronic</mesh_term>
  </condition_browse>
  <intervention_browse>
    <!-- CAUTION:  The following MeSH terms are assigned with an imperfect algorithm  -->
    <mesh_term>Interferon-alpha</mesh_term>
    <mesh_term>Peginterferon alfa-2a</mesh_term>
  </intervention_browse>
  <!-- Results have not yet been posted for this study                                -->
</clinical_study>
