<?xml version="1.0" encoding="UTF-8"?>
<clinical_study rank="198">
  <!-- This xml conforms to an XML Schema at:
    https://clinicaltrials.gov/ct2/html/images/info/public.xsd
 and an XML DTD at:
    https://clinicaltrials.gov/ct2/html/images/info/public.dtd -->
  <required_header>
    <download_date>ClinicalTrials.gov processed this data on December 13, 2015</download_date>
    <link_text>Link to the current ClinicalTrials.gov record.</link_text>
    <url>https://clinicaltrials.gov/show/NCT00238329</url>
  </required_header>
  <id_info>
    <org_study_id>CDR0000445593</org_study_id>
    <secondary_id>P30CA022453</secondary_id>
    <secondary_id>WSU-C-2257</secondary_id>
    <secondary_id>WSU-HIC-120900M01-FB</secondary_id>
    <nct_id>NCT00238329</nct_id>
  </id_info>
  <brief_title>PEG-Interferon Alfa-2b and Thalidomide in Treating Patients With Recurrent or Metastatic Melanoma</brief_title>
  <official_title>Phase II Study of Pegylated Interferon and Thalidomide in Pretreated Metastatic Malignant Melanoma</official_title>
  <sponsors>
    <lead_sponsor>
      <agency>Barbara Ann Karmanos Cancer Institute</agency>
      <agency_class>Other</agency_class>
    </lead_sponsor>
    <collaborator>
      <agency>National Cancer Institute (NCI)</agency>
      <agency_class>NIH</agency_class>
    </collaborator>
  </sponsors>
  <source>Barbara Ann Karmanos Cancer Institute</source>
  <oversight_info>
    <authority>United States: Federal Government</authority>
    <has_dmc>Yes</has_dmc>
  </oversight_info>
  <brief_summary>
    <textblock>
      RATIONALE: PEG-interferon alfa-2b may interfere with the growth of tumor cells. Biological
      therapies, such as thalidomide, may stimulate the immune system in different ways and stop
      tumor cells from growing. PEG-interferon alfa-2b and thalidomide may also stop the growth of
      melanoma by blocking blood flow to the tumor. Giving PEG-interferon alfa-2b together with
      thalidomide may be an effective treatment for melanoma.

      PURPOSE: This phase II trial is studying how well giving PEG-interferon alfa-2b together
      with thalidomide works in treating patients with recurrent or metastatic melanoma.
    </textblock>
  </brief_summary>
  <detailed_description>
    <textblock>
      OBJECTIVES:

        -  Determine the response rate in patients with recurrent or metastatic malignant melanoma
           treated with PEG-interferon alfa-2b and thalidomide.

        -  Determine the quantitative and qualitative toxic effects of this regimen in these
           patients.

        -  Determine progression-free and overall survival of patients treated with this regimen.

      OUTLINE: Patients receive PEG-interferon alfa-2b subcutaneously once weekly and oral
      thalidomide once daily. Treatment continues for at least 2 weeks but no more than 8 months
      in the absence of disease progression or unacceptable toxicity. Patients achieving a
      complete response (CR) receive PEG-interferon alfa-2b and thalidomide for 2 months beyond
      documentation of CR.

      PROJECTED ACCRUAL: A total of 18-32 patients will be accrued for this study within 14-38
      months.
    </textblock>
  </detailed_description>
  <overall_status>Completed</overall_status>
  <start_date>January 2001</start_date>
  <completion_date>June 2007</completion_date>
  <primary_completion_date type="Actual">December 2005</primary_completion_date>
  <phase>Phase 2</phase>
  <study_type>Interventional</study_type>
  <study_design>Masking: Open Label, Primary Purpose: Treatment</study_design>
  <primary_outcome>
    <measure>Response rate as measured scans and tumor measurements every 8 weeks</measure>
    <safety_issue>No</safety_issue>
  </primary_outcome>
  <primary_outcome>
    <measure>Qualitative and quantitative toxicities at 30 days following study treatment</measure>
    <safety_issue>Yes</safety_issue>
  </primary_outcome>
  <secondary_outcome>
    <measure>Progression-free survival by standard life table and Kaplan-Meier</measure>
    <safety_issue>No</safety_issue>
  </secondary_outcome>
  <secondary_outcome>
    <measure>Overall survival by standard life table and Kaplan-Meier</measure>
    <safety_issue>No</safety_issue>
  </secondary_outcome>
  <secondary_outcome>
    <measure>Vascular flow to metastatic sites by positron-emission tomography scan every 8 weeks</measure>
    <safety_issue>No</safety_issue>
  </secondary_outcome>
  <enrollment type="Anticipated">32</enrollment>
  <condition>Intraocular Melanoma</condition>
  <condition>Melanoma (Skin)</condition>
  <intervention>
    <intervention_type>Biological</intervention_type>
    <intervention_name>PEG-interferon alfa-2b</intervention_name>
  </intervention>
  <intervention>
    <intervention_type>Drug</intervention_type>
    <intervention_name>thalidomide</intervention_name>
  </intervention>
  <eligibility>
    <criteria>
      <textblock>
        DISEASE CHARACTERISTICS:

          -  Histologically confirmed malignant melanoma, including any of the following:

               -  Cutaneous melanoma

               -  Ocular melanoma

               -  Mucosal melanoma

               -  Unidentified primary tumor

          -  Recurrent or metastatic disease

          -  Bidimensionally measurable or evaluable disease

          -  Brain metastases allowed provided disease is stable for ≥ 6 weeks after prior
             radiotherapy

        PATIENT CHARACTERISTICS:

        Age

          -  18 and over

        Performance status

          -  SWOG 0-2

        Life expectancy

          -  At least 12 weeks

        Hematopoietic

          -  Absolute granulocyte count ≥ 1,500/mm^3

          -  Platelet count ≥ 100,000/mm^3

        Hepatic

          -  Bilirubin ≤ 2 times upper limit of normal (ULN)

          -  SGOT ≤ 2 times ULN

        Renal

          -  Creatinine ≤ 2 mg/dL

        Cardiovascular

          -  None of the following conditions within the past 3 months:

               -  Congestive heart failure

               -  Second- or third-degree heart block

               -  Myocardial infarction

        Other

          -  Not pregnant or nursing

          -  Negative pregnancy test

          -  Fertile patients must use effective double-method contraception (1 highly effective
             and 1 additional method) for ≥ 4 weeks before, during, and for ≥ 4 weeks after
             completion of study treatment

          -  No other malignancy within the past 2 years except adequately treated skin cancer or
             carcinoma in situ of the cervix

          -  No concurrent blood, sperm, or ova donation

        PRIOR CONCURRENT THERAPY:

        Biologic therapy

          -  Prior biologic therapy (e.g., interferon) allowed

        Chemotherapy

          -  Not specified

        Endocrine therapy

          -  Not specified

        Radiotherapy

          -  See Disease Characteristics

          -  At least 28 days since prior radiotherapy

        Surgery

          -  At least 28 days since prior surgery

        Other

          -  No more than 2 prior systemic treatment regimens for metastatic malignant melanoma
      </textblock>
    </criteria>
    <gender>Both</gender>
    <minimum_age>18 Years</minimum_age>
    <maximum_age>N/A</maximum_age>
    <healthy_volunteers>No</healthy_volunteers>
  </eligibility>
  <overall_official>
    <last_name>Ulka N. Vaishampayan, MD</last_name>
    <role>Principal Investigator</role>
    <affiliation>Barbara Ann Karmanos Cancer Institute</affiliation>
  </overall_official>
  <location>
    <facility>
      <name>Barbara Ann Karmanos Cancer Institute</name>
      <address>
        <city>Detroit</city>
        <state>Michigan</state>
        <zip>48201-1379</zip>
        <country>United States</country>
      </address>
    </facility>
  </location>
  <location_countries>
    <country>United States</country>
  </location_countries>
  <link>
    <url>http://cancer.gov/clinicaltrials/WSU-C-2257</url>
    <description>Clinical trial summary from the National Cancer Institute's PDQ® database</description>
  </link>
  <verification_date>April 2013</verification_date>
  <lastchanged_date>April 5, 2013</lastchanged_date>
  <firstreceived_date>October 12, 2005</firstreceived_date>
  <responsible_party>
    <responsible_party_type>Sponsor</responsible_party_type>
  </responsible_party>
  <keyword>recurrent melanoma</keyword>
  <keyword>stage IV melanoma</keyword>
  <keyword>ciliary body and choroid melanoma, medium/large size</keyword>
  <keyword>extraocular extension melanoma</keyword>
  <keyword>iris melanoma</keyword>
  <keyword>recurrent intraocular melanoma</keyword>
  <has_expanded_access>No</has_expanded_access>
  <condition_browse>
    <!-- CAUTION:  The following MeSH terms are assigned with an imperfect algorithm  -->
    <mesh_term>Melanoma</mesh_term>
    <mesh_term>Uveal Neoplasms</mesh_term>
  </condition_browse>
  <intervention_browse>
    <!-- CAUTION:  The following MeSH terms are assigned with an imperfect algorithm  -->
    <mesh_term>Interferon-alpha</mesh_term>
    <mesh_term>Interferons</mesh_term>
    <mesh_term>Peginterferon alfa-2b</mesh_term>
    <mesh_term>Thalidomide</mesh_term>
  </intervention_browse>
  <!-- Results have not yet been posted for this study                                -->
</clinical_study>
