<?xml version="1.0" encoding="UTF-8"?>
<clinical_study rank="367">
  <!-- This xml conforms to an XML Schema at:
    https://clinicaltrials.gov/ct2/html/images/info/public.xsd
 and an XML DTD at:
    https://clinicaltrials.gov/ct2/html/images/info/public.dtd -->
  <required_header>
    <download_date>ClinicalTrials.gov processed this data on December 13, 2015</download_date>
    <link_text>Link to the current ClinicalTrials.gov record.</link_text>
    <url>https://clinicaltrials.gov/show/NCT00835536</url>
  </required_header>
  <id_info>
    <org_study_id>B036553</org_study_id>
    <nct_id>NCT00835536</nct_id>
  </id_info>
  <brief_title>Ribavirin 200 mg Tablets Under Non-Fasting Conditions</brief_title>
  <official_title>A Relative Bioavailability Study of Ribavirin 200 mg Tablets Under Non-Fasting Conditions</official_title>
  <sponsors>
    <lead_sponsor>
      <agency>Teva Pharmaceuticals USA</agency>
      <agency_class>Industry</agency_class>
    </lead_sponsor>
  </sponsors>
  <source>Teva Pharmaceuticals USA</source>
  <oversight_info>
    <authority>United States: Institutional Review Board</authority>
    <has_dmc>No</has_dmc>
  </oversight_info>
  <brief_summary>
    <textblock>
      The objective of this study is to compare the relative bioavailability of ribavirin 200 mg
      tablets (manufactured by TEVA Pharmaceutical Industries, Ltd. and distributed by TEVA
      Pharmaceuticals USA) with that of COPEGUS™ 200 mg tablets (Roche) in healthy, adult,
      non-smoking, females (who are unable to become pregnant) under non-fasting conditions.
    </textblock>
  </brief_summary>
  <detailed_description>
    <textblock>
      Criteria for Evaluation: FDA Bioequivalence Criteria

      Statistical Methods: FDA bioequivalence statistical methods
    </textblock>
  </detailed_description>
  <overall_status>Completed</overall_status>
  <start_date>September 2003</start_date>
  <completion_date type="Actual">October 2003</completion_date>
  <primary_completion_date type="Actual">October 2003</primary_completion_date>
  <phase>Phase 1</phase>
  <study_type>Interventional</study_type>
  <study_design>Allocation: Randomized, Endpoint Classification: Bio-equivalence Study, Intervention Model: Crossover Assignment, Masking: Open Label</study_design>
  <primary_outcome>
    <measure>Cmax (Maximum Observed Concentration of Drug Substance in Plasma)</measure>
    <time_frame>Blood samples collected over a 72 hour period.</time_frame>
    <safety_issue>No</safety_issue>
  </primary_outcome>
  <primary_outcome>
    <measure>AUC0-72 (Area Under the Concentration-time Curve From Time Zero to Time of 72 Hours)</measure>
    <time_frame>Blood samples collected over a 72 hour period.</time_frame>
    <safety_issue>No</safety_issue>
  </primary_outcome>
  <number_of_arms>2</number_of_arms>
  <enrollment type="Actual">27</enrollment>
  <condition>Healthy</condition>
  <arm_group>
    <arm_group_label>1</arm_group_label>
    <arm_group_type>Experimental</arm_group_type>
  </arm_group>
  <arm_group>
    <arm_group_label>2</arm_group_label>
    <arm_group_type>Active Comparator</arm_group_type>
  </arm_group>
  <intervention>
    <intervention_type>Drug</intervention_type>
    <intervention_name>Ribavirin 200 mg tablets</intervention_name>
    <description>1 x 200 mg, single-dose non-fasting</description>
    <arm_group_label>1</arm_group_label>
  </intervention>
  <intervention>
    <intervention_type>Drug</intervention_type>
    <intervention_name>COPEGUS™ 200 mg Tablets</intervention_name>
    <description>1 x 200 mg, single-dose non-fasting</description>
    <arm_group_label>2</arm_group_label>
  </intervention>
  <eligibility>
    <criteria>
      <textblock>
        Inclusion Criteria:

          -  All subjects selected for this study will be non-smokers, at least 18 years of age,
             and a female whi is physically unable to become pregnant (postmenopausal for at least
             6 months or surgically sterile). Subjects will have a BMI (body mass index) of 30 or
             less.

          -  Each subject shall be given a general physical examination within 28 days of
             initiation of the study. Such examination includes but is not limited to, blood
             pressure, general observations, and history.

          -  Each subject will be given a serum pregnancy test as part of the pre-study screening
             process.

          -  Adequate blood and urine samples should be obtained within 28 days before beginning
             of the first period and at the end of the trial for clinical laboratory measurements.

          -  Clinical laboratory measurements will include the following:

               -  Hematology: hemoglobin, hematocrit, red blood cell count, platelets, and white
                  blood cell count with differential.

               -  Clinical Chemistry: creatinine, BUN, glucose, SGOT/AST, SGPT/ALT, bilirubin, and
                  alkaline phosphatase.

               -  Urine Analysis: pH, specific gravity, protein, glucose, ketones, bilirubin,
                  occult blood, and cells.

               -  HIV Screen: pre-study only

               -  Hepatitis-B, C Screen: pre-study only

               -  Drugs of Abuse Screen: (pre-study and at each check-in)

          -  Subjects will be selected if all above are normal.

        Exclusion Criteria:

          -  Subjects with a significant recent history of chronic alcohol consumption (past 2
             years), drug addiction, or serious gastrointestinal, renal, hepatic or cardiovascular
             disease, tuberculosis, epilepsy, asthma (past 5 years), diabetes, psychosis or
             glaucoma will not be eligible for this study.

          -  Subjects whose clinical laboratory test values are greater than 20% outside the
             normal range may be retested. If the clinical values are outside the range on
             retesting, the subject will not be eligible to participate in the study unless the
             clinical investigator dems the result to not be significant.

          -  Subjects who have a history of allergic responses to the class of drug being tested
             will be excluded from the study.

          -  Subjects who use tobacco in any form will not be eligible to participate in the
             study. Three months abstinence is required.

          -  All subjects will have urine samples assayed for the presence of drugs of abuse as
             part of the clinical laboratory screening procedures and at each dosing period
             check-in. Subjects found to have urine concentrations of any of the tested drugs will
             not be allowed to participate.

          -  Subjects should not have donated blood and/or plasma for at least thirty (30) days
             prior to the first dosing of the study.

          -  Subjects who have taken any investigational drug within thirty (30) days prior to the
             first dosing of the study will not be allowed to participate.

          -  Female subjects who are pregnant or who are able (women with child bearing potential)
             to become pregnant during the study will not be allowed to participate.

          -  All female subjects will be screened for pregnancy at check-in each study period.
             Subjects with positive or inconclusive results will be withdrawn from the study.

          -  Subjects who do not tolerate venipuncture will not be allowed to participate.
      </textblock>
    </criteria>
    <gender>Female</gender>
    <minimum_age>18 Years</minimum_age>
    <maximum_age>N/A</maximum_age>
    <healthy_volunteers>Accepts Healthy Volunteers</healthy_volunteers>
  </eligibility>
  <overall_official>
    <last_name>So Ran Hong, M.D.</last_name>
    <role>Principal Investigator</role>
    <affiliation>Novum Pharmaceutical Research Services</affiliation>
  </overall_official>
  <location>
    <facility>
      <name>Bioassay Laboratory, Inc.</name>
      <address>
        <city>Houston</city>
        <state>Texas</state>
        <zip>77099</zip>
        <country>United States</country>
      </address>
    </facility>
  </location>
  <location>
    <facility>
      <name>Novum Pharmaceutical Research Services</name>
      <address>
        <city>Houston</city>
        <state>Texas</state>
        <zip>77042</zip>
        <country>United States</country>
      </address>
    </facility>
  </location>
  <location_countries>
    <country>United States</country>
  </location_countries>
  <verification_date>September 2009</verification_date>
  <lastchanged_date>September 1, 2009</lastchanged_date>
  <firstreceived_date>January 30, 2009</firstreceived_date>
  <firstreceived_results_date>July 2, 2009</firstreceived_results_date>
  <keyword>Bioequivalence</keyword>
  <keyword>Healthy Subjects</keyword>
  <is_fda_regulated>Yes</is_fda_regulated>
  <is_section_801>No</is_section_801>
  <has_expanded_access>No</has_expanded_access>
  <intervention_browse>
    <!-- CAUTION:  The following MeSH terms are assigned with an imperfect algorithm  -->
    <mesh_term>Ribavirin</mesh_term>
  </intervention_browse>
  <!-- Results are available for this study                                           -->
</clinical_study>
