<?xml version="1.0" encoding="UTF-8"?>
<clinical_study rank="447">
  <!-- This xml conforms to an XML Schema at:
    https://clinicaltrials.gov/ct2/html/images/info/public.xsd
 and an XML DTD at:
    https://clinicaltrials.gov/ct2/html/images/info/public.dtd -->
  <required_header>
    <download_date>ClinicalTrials.gov processed this data on December 13, 2015</download_date>
    <link_text>Link to the current ClinicalTrials.gov record.</link_text>
    <url>https://clinicaltrials.gov/show/NCT00016081</url>
  </required_header>
  <id_info>
    <org_study_id>1290.00</org_study_id>
    <secondary_id>FHCRC-1290.00</secondary_id>
    <secondary_id>NCI-G01-1939</secondary_id>
    <secondary_id>CDR0000068593</secondary_id>
    <nct_id>NCT00016081</nct_id>
  </id_info>
  <brief_title>Ribavirin Compared With Standard Care in Treating Patients With Respiratory Syncytial Virus Following Stem Cell Transplantation</brief_title>
  <official_title>A Randomized Phase III Study To Evaluate The Safety And Efficacy Or Ribavirin Inhaled Solution In Preventing Progression Of Upper Respiratory Tract Respiratory Syncytial Virus (RSV) Infection To RSV Pneumonia In Blood And Bone Marrow Transplant (BMT) Recipients</official_title>
  <sponsors>
    <lead_sponsor>
      <agency>Fred Hutchinson Cancer Research Center</agency>
      <agency_class>Other</agency_class>
    </lead_sponsor>
    <collaborator>
      <agency>National Cancer Institute (NCI)</agency>
      <agency_class>NIH</agency_class>
    </collaborator>
  </sponsors>
  <source>Fred Hutchinson Cancer Research Center</source>
  <oversight_info>
    <authority>United States: Federal Government</authority>
    <authority>United States: Institutional Review Board</authority>
  </oversight_info>
  <brief_summary>
    <textblock>
      RATIONALE: Antivirals such as ribavirin are used to treat infections caused by viruses. It
      is not yet known if ribavirin is more effective than standard therapy in preventing
      pneumonia in patients who have respiratory syncytial virus (RSV) infection following stem
      cell transplantation.

      PURPOSE: Randomized phase III trial to compare the effectiveness of ribavirin with that of
      standard therapy in preventing pneumonia in patients who have RSV infection following stem
      cell transplantation.
    </textblock>
  </brief_summary>
  <detailed_description>
    <textblock>
      OBJECTIVES:

        -  Compare the efficacy of aerosolized ribavirin vs standard supportive therapy, in terms
           of preventing progression of upper respiratory tract respiratory syncytial virus (RSV)
           infection to pneumonia, in patients with RSV following stem cell transplantation.

        -  Determine the safety of aerosolized ribavirin in this patient population.

      OUTLINE: This is a randomized, investigator-blind, controlled, multicenter study. Patients
      are stratified according to engraftment status (pre vs post) and transplant type (HLA
      matched-related allogeneic, syngeneic, or autologous vs HLA mismatched-related or unrelated
      allogeneic). Patients are randomized to one of two treatment arms.

        -  Arm I: Patients receive standard supportive care for immunocompromised patients with
           upper respiratory tract infections. Patient also receive aerosolized ribavirin by face
           mask, mist, or oxygen tent over 2 hours 3 times daily on days 1-10.

        -  Arm II: Patients receive standard supportive care as in arm I. Treatment continues in
           the absence of progression to pneumonia or unacceptable toxicity.

      Patients are followed at days 14 and 28.

      PROJECTED ACCRUAL: A total of 90 patients (45 per arm) will be accrued for this study.
    </textblock>
  </detailed_description>
  <overall_status>Completed</overall_status>
  <start_date>March 1998</start_date>
  <completion_date type="Actual">March 2003</completion_date>
  <primary_completion_date type="Actual">March 2003</primary_completion_date>
  <phase>Phase 3</phase>
  <study_type>Interventional</study_type>
  <study_design>Allocation: Randomized, Primary Purpose: Supportive Care</study_design>
  <condition>Infection</condition>
  <intervention>
    <intervention_type>Drug</intervention_type>
    <intervention_name>ribavirin</intervention_name>
  </intervention>
  <eligibility>
    <criteria>
      <textblock>
        DISEASE CHARACTERISTICS:

          -  Confirmed upper respiratory tract respiratory syncytial virus (RSV) infection
             documented in nasopharyngeal-throat specimen by rapid antigen test (ELISA), IFA, or
             shell vial)

               -  Signs or symptoms of upper respiratory tract infection (e.g., rhinorrhea and/or
                  low-grade fever (under 101 degrees F with or without evidence of a sore throat)

          -  Received prior stem cell transplantation (SCT) and meet one of the following
             criteria:

               -  Between start of conditioning (preparative) regimen and day 90 after allogeneic,
                  autologous, or syngeneic SCT

               -  Between days 91 and 180 after unrelated or HLA mismatch-related allogeneic SCT

               -  Between days 91 and 180 after SCT with graft-versus-host disease requiring
                  systemic steroids expected to continue throughout study

          -  No radiographic evidence of pneumonia

        PATIENT CHARACTERISTICS:

        Age:

          -  2 and over

        Performance status:

          -  Not specified

        Life expectancy:

          -  Not specified

        Hematopoietic:

          -  Not specified

        Hepatic:

          -  Not specified

        Renal:

          -  Not specified

        Pulmonary:

          -  Oxygen saturation 92-100% by pulse oximeter

          -  Normal respiratory rate for age

        Other:

          -  No prior adverse reactions to ribavirin

          -  No clinical status that would preclude study

          -  HIV negative

          -  Not pregnant or nursing

          -  Negative pregnancy test

          -  Fertile patients must use effective contraception during and for 3 months after study

        PRIOR CONCURRENT THERAPY:

        Biologic therapy:

          -  See Disease Characteristics

          -  No prior immunotherapy for RSV

          -  No prior or concurrent RSV hyperimmune globulin or monoclonal antibodies

        Chemotherapy:

          -  Not specified

        Endocrine therapy:

          -  See Disease Characteristics

        Radiotherapy:

          -  Not specified

        Surgery:

          -  Not specified

        Other:

          -  No prior antiviral drugs with anti-RSV activity

          -  Bronchodilator treatment allowed for patients with asthma or a history of reactive
             airway disease and/or who develop bronchospasm

          -  Concurrent ganciclovir, foscarnet, or IV immunoglobulin allowed

          -  No mechanical ventilation

          -  No other concurrent anti-viral drugs with anti-RSV activity
      </textblock>
    </criteria>
    <gender>Both</gender>
    <minimum_age>2 Years</minimum_age>
    <maximum_age>N/A</maximum_age>
    <healthy_volunteers>No</healthy_volunteers>
  </eligibility>
  <overall_official>
    <last_name>Michael Boeckh, MD</last_name>
    <role>Study Chair</role>
    <affiliation>Fred Hutchinson Cancer Research Center</affiliation>
  </overall_official>
  <location>
    <facility>
      <name>University of Alabama at Birmingham Comprehensive Cancer Center</name>
      <address>
        <city>Birmingham</city>
        <state>Alabama</state>
        <zip>35233</zip>
        <country>United States</country>
      </address>
    </facility>
  </location>
  <location>
    <facility>
      <name>University of Chicago Cancer Research Center</name>
      <address>
        <city>Chicago</city>
        <state>Illinois</state>
        <zip>60637-1470</zip>
        <country>United States</country>
      </address>
    </facility>
  </location>
  <location>
    <facility>
      <name>Siteman Cancer Center</name>
      <address>
        <city>Saint Louis</city>
        <state>Missouri</state>
        <zip>63110</zip>
        <country>United States</country>
      </address>
    </facility>
  </location>
  <location>
    <facility>
      <name>Fred Hutchinson Cancer Research Center</name>
      <address>
        <city>Seattle</city>
        <state>Washington</state>
        <zip>98109-1024</zip>
        <country>United States</country>
      </address>
    </facility>
  </location>
  <location_countries>
    <country>United States</country>
  </location_countries>
  <link>
    <url>http://cancer.gov/clinicaltrials/FHCRC-1290.00</url>
    <description>Clinical trial summary from the National Cancer Institute's PDQ® database</description>
  </link>
  <verification_date>March 2010</verification_date>
  <lastchanged_date>March 26, 2010</lastchanged_date>
  <firstreceived_date>May 6, 2001</firstreceived_date>
  <keyword>infection</keyword>
  <has_expanded_access>No</has_expanded_access>
  <condition_browse>
    <!-- CAUTION:  The following MeSH terms are assigned with an imperfect algorithm  -->
    <mesh_term>Infection</mesh_term>
  </condition_browse>
  <intervention_browse>
    <!-- CAUTION:  The following MeSH terms are assigned with an imperfect algorithm  -->
    <mesh_term>Ribavirin</mesh_term>
  </intervention_browse>
  <!-- Results have not yet been posted for this study                                -->
</clinical_study>
