<?xml version="1.0" encoding="UTF-8"?>
<clinical_study rank="39">
  <!-- This xml conforms to an XML Schema at:
    https://clinicaltrials.gov/ct2/html/images/info/public.xsd
 and an XML DTD at:
    https://clinicaltrials.gov/ct2/html/images/info/public.dtd -->
  <required_header>
    <download_date>ClinicalTrials.gov processed this data on December 13, 2015</download_date>
    <link_text>Link to the current ClinicalTrials.gov record.</link_text>
    <url>https://clinicaltrials.gov/show/NCT00221702</url>
  </required_header>
  <id_info>
    <org_study_id>9267-01</org_study_id>
    <secondary_id>2001-034</secondary_id>
    <nct_id>NCT00221702</nct_id>
  </id_info>
  <brief_title>PegIntron Versus IntronA in CMAJCC Stage II (EADO 2001/CMII Trial)</brief_title>
  <acronym>EADO</acronym>
  <official_title>Randomized, Multicenter Phase III Trial Comparing Adjuvant Treatment With PegIntron Over 36 Months Versus Reference Treatment With IntronA Over 18 Months in Cutaneous Melanoma Patients AJCC Stage II (&gt;=1.5 mm Clinically Node Negative)</official_title>
  <sponsors>
    <lead_sponsor>
      <agency>University Hospital, Bordeaux</agency>
      <agency_class>Other</agency_class>
    </lead_sponsor>
    <collaborator>
      <agency>Schering-Plough</agency>
      <agency_class>Industry</agency_class>
    </collaborator>
  </sponsors>
  <source>University Hospital, Bordeaux</source>
  <oversight_info>
    <authority>France: Afssaps - Agence française de sécurité sanitaire des produits de santé (Saint-Denis)</authority>
    <authority>Germany: Federal Institute for Drugs and Medical Devices</authority>
    <authority>Austria: Federal Ministry for Health and Women</authority>
    <has_dmc>Yes</has_dmc>
  </oversight_info>
  <brief_summary>
    <textblock>
      Melanoma with a tumor thickness &gt;= 1.5mm without clinically detectable nodes represents an
      increasing population with relapse rate of more than 50%. Adjuvant therapy with low doses of
      IFN alpha can provide a benefit in this group. However, the impact of low dose IFN alpha is
      not sustained after the treatment period. A longer treatment may prolong the benefit and
      thus have a more clear-cut impact on disease-free and overall survival. The tolerance and
      the impact on quality of life are limiting factors in a group of patients whose individual
      course is not necessarily poor. PegIntron may be better tolerated than instant release
      interferon, and thus make this treatment more acceptable in terms of toxicity and quality of
      life. Thus treatment schedule with PegIntron is not expected to increase the cost of
      standard care significantly.
    </textblock>
  </brief_summary>
  <detailed_description>
    <textblock>
      Study design and primary objective

      This is an European multicenter, open label, prospective randomized phase III trial
      evaluating the efficacy of long-term maintenance therapy of two therapy options, IntronA for
      18 months versus PegIntron for 36 months, administered in an adjuvant setting after the
      local excision of an intermediate risk cutaneous melanoma.

      Eligibility criteria

      Intermediate risk melanoma is defined by the following criteria: (1) a tumor thickness &gt;=
      1,5mm and (2) the absence of regional nodal macrometastases, as assessed either by clinical
      examination or, if sentinel lymph node biopsy (SLNB) or elective node dissection (ELND) are
      performed, by the absence of macroscopic evidence of disease. Patients with evidence of
      nodal micrometastasis by SLNB or ELND are eligible. The choice of performing sentinel node
      dissection will be left to the decision of each center, on condition to concern all
      consecutive patients and that all surgical procedures are completed before randomization of
      the patients . The centers have to inform their respective national study center if they
      perform SLNB or ELND and also if they change their surgical procedure.

      Study treatments

        -  Arm A : PegIntron 100 mcg SC/week for 36 months

        -  Arm B : IntronA 3miu TIWW SC for 18 months

      Endpoints

      The primary endpoint of the study will be the time to any recurrence (local recurrence,
      satellite or in transit metastasis, regional node metastasis or distant metastasis) or
      death, whatever the cause. The primary comparison between the two arms will use the 5-year
      disease-free survival time. Secondary endpoints are time to distant metastasis , overall
      survival, toxicity and quality of life.

      Therapy with either PegIntron or IntronA will continue as scheduled unless there is evidence
      of disease progression (whether local or distant recurrence), severe toxicity, or the
      subject requests that therapy be discontinued. All patients will be followed for
      disease-free-survival and overall survival until the end of the trial.

      Sample size and analysis

      The calculated sample size is 1190 patients to be enrolled over a 5 years period; this
      sample size is inclusive of an expected lost to follow up not more than 10% during the
      course of the trial. The randomization procedure will be stratified according to centers and
      to sentinel node biopsy. The primary analysis will be performed under the intent to treat
      principle.
    </textblock>
  </detailed_description>
  <overall_status>Completed</overall_status>
  <start_date>June 2003</start_date>
  <completion_date type="Actual">October 2010</completion_date>
  <primary_completion_date type="Actual">October 2010</primary_completion_date>
  <phase>Phase 3</phase>
  <study_type>Interventional</study_type>
  <study_design>Allocation: Randomized, Endpoint Classification: Safety/Efficacy Study, Intervention Model: Parallel Assignment, Masking: Open Label, Primary Purpose: Treatment</study_design>
  <primary_outcome>
    <measure>disease-free survival time</measure>
    <time_frame>5-year</time_frame>
    <safety_issue>No</safety_issue>
  </primary_outcome>
  <secondary_outcome>
    <measure>time to distant metastasis</measure>
    <time_frame>the time from the inclusion to the first documentation of any distant metastasis</time_frame>
    <safety_issue>No</safety_issue>
  </secondary_outcome>
  <secondary_outcome>
    <measure>overall survival</measure>
    <time_frame>the time from the inclusion to the date of death regardless of the specific cause</time_frame>
    <safety_issue>No</safety_issue>
  </secondary_outcome>
  <secondary_outcome>
    <measure>toxicity</measure>
    <time_frame>for 36 months</time_frame>
    <safety_issue>Yes</safety_issue>
  </secondary_outcome>
  <secondary_outcome>
    <measure>quality of life</measure>
    <time_frame>36 months</time_frame>
    <safety_issue>No</safety_issue>
  </secondary_outcome>
  <number_of_arms>2</number_of_arms>
  <enrollment type="Actual">898</enrollment>
  <condition>Melanoma</condition>
  <condition>Neoplasm Metastasis</condition>
  <arm_group>
    <arm_group_label>A</arm_group_label>
    <arm_group_type>Experimental</arm_group_type>
    <description>Peg Intron 100 mcg SC/week for 36 months</description>
  </arm_group>
  <arm_group>
    <arm_group_label>B</arm_group_label>
    <arm_group_type>Active Comparator</arm_group_type>
    <description>Intron A 3 X 3 MIU, weekly, sc, for 18 months</description>
  </arm_group>
  <intervention>
    <intervention_type>Drug</intervention_type>
    <intervention_name>PegIntron</intervention_name>
    <description>100 mcg SC/week for 36 months</description>
    <arm_group_label>A</arm_group_label>
  </intervention>
  <intervention>
    <intervention_type>Drug</intervention_type>
    <intervention_name>intron A</intervention_name>
    <description>3mui TIWW SC for 18 months</description>
    <arm_group_label>B</arm_group_label>
  </intervention>
  <eligibility>
    <criteria>
      <textblock>
        Inclusion Criteria:

          -  Histologically proven cutaneous melanoma

          -  Tumour thickness &gt;= 1.5 mm (Breslow staging)

          -  Absence of clinically detectable regional node metastasis, no evidence of distant
             metastasis

          -  Informed consent form signed

        Exclusion Criteria:

          -  Any prior chemo-, immuno-, hormonal or radiation therapy

          -  Macroscopic disease
      </textblock>
    </criteria>
    <gender>Both</gender>
    <minimum_age>18 Years</minimum_age>
    <maximum_age>75 Years</maximum_age>
    <healthy_volunteers>No</healthy_volunteers>
  </eligibility>
  <overall_official>
    <last_name>Jean - Jacques GROB, Professor</last_name>
    <role>Principal Investigator</role>
    <affiliation>University Hospital, Marseille</affiliation>
  </overall_official>
  <overall_official>
    <last_name>Geneviève Chêne, Professor</last_name>
    <role>Study Chair</role>
    <affiliation>University Hospital, Bordeaux</affiliation>
  </overall_official>
  <location>
    <facility>
      <name>APHM, dermatology</name>
      <address>
        <city>Marseille</city>
        <zip>13274</zip>
        <country>France</country>
      </address>
    </facility>
  </location>
  <location_countries>
    <country>France</country>
  </location_countries>
  <verification_date>October 2010</verification_date>
  <lastchanged_date>October 12, 2010</lastchanged_date>
  <firstreceived_date>September 13, 2005</firstreceived_date>
  <responsible_party>
    <name_title>Jean Pierre LEROY/ Clinical Research and innovation Director</name_title>
    <organization>University Hospital Bordeaux</organization>
  </responsible_party>
  <keyword>Melanoma</keyword>
  <keyword>Neoplasm metastasis</keyword>
  <keyword>Interferon alfa-2b</keyword>
  <keyword>Adjuvants</keyword>
  <keyword>Randomized clinical trial</keyword>
  <keyword>Disease-free survival time</keyword>
  <keyword>Safety</keyword>
  <keyword>Drug toxicity</keyword>
  <keyword>Quality of life</keyword>
  <is_fda_regulated>No</is_fda_regulated>
  <has_expanded_access>No</has_expanded_access>
  <condition_browse>
    <!-- CAUTION:  The following MeSH terms are assigned with an imperfect algorithm  -->
    <mesh_term>Melanoma</mesh_term>
    <mesh_term>Neoplasm Metastasis</mesh_term>
  </condition_browse>
  <intervention_browse>
    <!-- CAUTION:  The following MeSH terms are assigned with an imperfect algorithm  -->
    <mesh_term>Peginterferon alfa-2b</mesh_term>
  </intervention_browse>
  <!-- Results have not yet been posted for this study                                -->
</clinical_study>
