<?xml version="1.0" encoding="UTF-8"?>
<clinical_study rank="271">
  <!-- This xml conforms to an XML Schema at:
    https://clinicaltrials.gov/ct2/html/images/info/public.xsd
 and an XML DTD at:
    https://clinicaltrials.gov/ct2/html/images/info/public.dtd -->
  <required_header>
    <download_date>ClinicalTrials.gov processed this data on December 13, 2015</download_date>
    <link_text>Link to the current ClinicalTrials.gov record.</link_text>
    <url>https://clinicaltrials.gov/show/NCT00000833</url>
  </required_header>
  <id_info>
    <org_study_id>ACTG 274</org_study_id>
    <secondary_id>11250</secondary_id>
    <nct_id>NCT00000833</nct_id>
  </id_info>
  <brief_title>A Phase I Study of Combination Therapy With Didanosine (ddI) and Ribavirin in HIV-Infected Children.</brief_title>
  <official_title>A Phase I Study of Combination Therapy With Didanosine (ddI) and Ribavirin in HIV-Infected Children.</official_title>
  <sponsors>
    <lead_sponsor>
      <agency>National Institute of Allergy and Infectious Diseases (NIAID)</agency>
      <agency_class>NIH</agency_class>
    </lead_sponsor>
  </sponsors>
  <source>National Institute of Allergy and Infectious Diseases (NIAID)</source>
  <oversight_info>
    <authority>United States: Federal Government</authority>
  </oversight_info>
  <brief_summary>
    <textblock>
      To compare the safety, toxicity, and tolerance of two doses of ribavirin in combination with
      didanosine (ddI) to HIV-infected children. To determine the toxicity of ddI/ribavirin and
      compare it to the expected toxicity of ddI monotherapy. To determine the effect of
      concurrent ribavirin on the pharmacokinetics of ddI. To determine a dosage of ribavirin that
      would be suitable for a Phase II/III evaluation of ddI/ribavirin.

      Ribavirin, a broad spectrum antiviral agent, may enhance the antiretroviral activity of
      didanosine ( ddI ) without a concomitant increase in toxicity. Ribavirin alters the
      intracellular metabolism of ddI, enhancing the antiretroviral activity of the active form of
      ddI.
    </textblock>
  </brief_summary>
  <detailed_description>
    <textblock>
      Ribavirin, a broad spectrum antiviral agent, may enhance the antiretroviral activity of
      didanosine ( ddI ) without a concomitant increase in toxicity. Ribavirin alters the
      intracellular metabolism of ddI, enhancing the antiretroviral activity of the active form of
      ddI.

      Patients are divided into two cohorts. Subjects will be stratified by age 3 months to &lt; 24
      months and &gt;= 24 months to 12 years. Fifty % of patients from each age group will be
      assigned to each cohort. Cohort 1 receives ddI monotherapy for 4 weeks, followed by
      combination ddl/ribavirin therapy for an additional 20 weeks. Cohort 2 receives combination
      ddI/ribavirin for 24 weeks. In both cohorts, after study medications are stopped, patients
      are treated with prescription antiretrovirals for 4 more weeks. [AS PER AMENDMENT 7/2/96:
      Note: In each cohort of 10 subjects at least 2 of 5 children from the older half of the
      cohort will have an ICD p24 antigen at entry.]
    </textblock>
  </detailed_description>
  <overall_status>Completed</overall_status>
  <completion_date type="Actual">July 1998</completion_date>
  <phase>Phase 1</phase>
  <study_type>Interventional</study_type>
  <study_design>Endpoint Classification: Safety Study, Primary Purpose: Treatment</study_design>
  <enrollment>20</enrollment>
  <condition>HIV Infections</condition>
  <intervention>
    <intervention_type>Drug</intervention_type>
    <intervention_name>Ribavirin</intervention_name>
  </intervention>
  <intervention>
    <intervention_type>Drug</intervention_type>
    <intervention_name>Didanosine</intervention_name>
  </intervention>
  <eligibility>
    <criteria>
      <textblock>
        Inclusion Criteria

        Concurrent Medication:

        Recommended:

          -  PCP prophylaxis.

        Allowed:

          -  Acetaminophen for no more than 72 hours.

          -  Immunoglobulin.

          -  Corticosteroids.

          -  Erythropoietin.

          -  G-CSF and GM-CSF.

          -  Ethionamide or isoniazid for TB if no alternative available.

          -  Immunizations according to current recommendations.

        Patients must have:

          -  HIV infection.

          -  Immunologic abnormality or clinical symptoms as detailed in the Disease Status field.

          -  No active AIDS-defining opportunistic infection or malignancy, no progressive
             encephalopathy attributable to HIV and no chronic persistent diarrhea.

          -  Consent of parent or guardian.

        PER AMENDMENT 7/2/96:

          -  At least 2 of the 5 children in the older half of each cohort must have an ICD p24
             antigen concentration &gt;= 70 pg/ml at screening.

        Prior Medication:

        Allowed:

          -  Up to 6 weeks of prior immunomodulator therapy.

          -  Maternal immunomodulator or antiretroviral therapy, including during pregnancy.

          -  Prior corticosteroids or intravenous immunoglobulin.

        Exclusion Criteria

        Co-existing Condition:

        Patients with the following symptoms or conditions are excluded:

          -  Current grade 3 or worse neuropathy/lower motor neuropathy.

          -  Clinical or laboratory grade 3 or worse toxicities.

          -  Active serious bacterial infection.

        Concurrent Medication:

        Excluded:

          -  Chemotherapy for active malignancy.

          -  Antiretrovirals other than study drugs.

          -  Immunomodulators unless specifically allowed.

        Patients with the following prior condition are excluded:

          -  History of grade 3 or worse neuropathy/lower motor neuropathy.

        Prior Medication:

        Excluded:

          -  Prior ddI or oral ribavirin.

          -  Aerosolized ribavirin within 6 weeks prior to study entry.

          -  Antiretroviral or immunomodulator therapy (other than corticosteroids or IVIG) within
             1 week prior to blood draws for study entry.

        Ongoing drug or alcohol abuse.
      </textblock>
    </criteria>
    <gender>Both</gender>
    <minimum_age>3 Months</minimum_age>
    <maximum_age>12 Years</maximum_age>
    <healthy_volunteers>No</healthy_volunteers>
  </eligibility>
  <overall_official>
    <last_name>Van Dyke R</last_name>
    <role>Study Chair</role>
  </overall_official>
  <overall_official>
    <last_name>McSherry G</last_name>
    <role>Study Chair</role>
  </overall_official>
  <location>
    <facility>
      <name>Children's Hosp of Washington DC</name>
      <address>
        <city>Washington</city>
        <state>District of Columbia</state>
        <zip>200102916</zip>
        <country>United States</country>
      </address>
    </facility>
  </location>
  <location>
    <facility>
      <name>Howard Univ Hosp</name>
      <address>
        <city>Washington</city>
        <state>District of Columbia</state>
        <zip>20060</zip>
        <country>United States</country>
      </address>
    </facility>
  </location>
  <location>
    <facility>
      <name>Univ of Florida Health Science Ctr / Pediatrics</name>
      <address>
        <city>Jacksonville</city>
        <state>Florida</state>
        <zip>32209</zip>
        <country>United States</country>
      </address>
    </facility>
  </location>
  <location>
    <facility>
      <name>Tulane Univ / Charity Hosp of New Orleans</name>
      <address>
        <city>New Orleans</city>
        <state>Louisiana</state>
        <zip>701122699</zip>
        <country>United States</country>
      </address>
    </facility>
  </location>
  <location>
    <facility>
      <name>Children's Hosp of Boston</name>
      <address>
        <city>Boston</city>
        <state>Massachusetts</state>
        <zip>021155724</zip>
        <country>United States</country>
      </address>
    </facility>
  </location>
  <location>
    <facility>
      <name>Children's Hosp of New Jersey / UMDNJ - New Jersey Med Schl</name>
      <address>
        <city>Newark</city>
        <state>New Jersey</state>
        <zip>071072198</zip>
        <country>United States</country>
      </address>
    </facility>
  </location>
  <location>
    <facility>
      <name>Univ of Medicine &amp; Dentistry of New Jersey / Univ Hosp</name>
      <address>
        <city>Newark</city>
        <state>New Jersey</state>
        <zip>071032714</zip>
        <country>United States</country>
      </address>
    </facility>
  </location>
  <location>
    <facility>
      <name>Bronx Lebanon Hosp Ctr</name>
      <address>
        <city>Bronx</city>
        <state>New York</state>
        <zip>10457</zip>
        <country>United States</country>
      </address>
    </facility>
  </location>
  <location>
    <facility>
      <name>Schneider Children's Hosp</name>
      <address>
        <city>New Hyde Park</city>
        <state>New York</state>
        <zip>11040</zip>
        <country>United States</country>
      </address>
    </facility>
  </location>
  <location>
    <facility>
      <name>Columbia Presbyterian Med Ctr</name>
      <address>
        <city>New York</city>
        <state>New York</state>
        <zip>10032</zip>
        <country>United States</country>
      </address>
    </facility>
  </location>
  <location>
    <facility>
      <name>Harlem Hosp Ctr</name>
      <address>
        <city>New York</city>
        <state>New York</state>
        <zip>10037</zip>
        <country>United States</country>
      </address>
    </facility>
  </location>
  <location>
    <facility>
      <name>Incarnation Children's Ctr / Columbia Presbyterian Med Ctr</name>
      <address>
        <city>New York</city>
        <state>New York</state>
        <zip>10032</zip>
        <country>United States</country>
      </address>
    </facility>
  </location>
  <location>
    <facility>
      <name>Glaxo Wellcome Inc</name>
      <address>
        <city>Research Triangle Park</city>
        <state>North Carolina</state>
        <zip>27709</zip>
        <country>United States</country>
      </address>
    </facility>
  </location>
  <location>
    <facility>
      <name>Texas Children's Hosp / Baylor Univ</name>
      <address>
        <city>Houston</city>
        <state>Texas</state>
        <zip>77030</zip>
        <country>United States</country>
      </address>
    </facility>
  </location>
  <location>
    <facility>
      <name>Univ of Puerto Rico / Univ Children's Hosp AIDS</name>
      <address>
        <city>San Juan</city>
        <zip>009365067</zip>
        <country>Puerto Rico</country>
      </address>
    </facility>
  </location>
  <location_countries>
    <country>Puerto Rico</country>
    <country>United States</country>
  </location_countries>
  <link>
    <url>http://www.aidsinfo.nih.gov/DrugsNew/DrugDetailNT.aspx?MenuItem=Drugs&amp;Search=On&amp;int_id=16</url>
    <description>Click here for more information about Didanosine</description>
  </link>
  <link>
    <url>http://www.aidsinfo.nih.gov/DrugsNew/DrugDetailNT.aspx?MenuItem=Drugs&amp;Search=On&amp;int_id=28</url>
    <description>Click here for more information about Ribavirin</description>
  </link>
  <reference>
    <citation>McKinney RE Jr. Ongoing and future trials of antiretroviral therapy in the pediatric AIDS clinical trials group (PACTG). Conf Retroviruses Opportunistic Infect. 1996 Jan 28-Feb 1;3rd:173</citation>
  </reference>
  <verification_date>May 2012</verification_date>
  <lastchanged_date>May 1, 2012</lastchanged_date>
  <firstreceived_date>November 2, 1999</firstreceived_date>
  <responsible_party>
    <responsible_party_type>Sponsor</responsible_party_type>
  </responsible_party>
  <keyword>Ribavirin</keyword>
  <keyword>Didanosine</keyword>
  <keyword>Drug Therapy, Combination</keyword>
  <keyword>Acquired Immunodeficiency Syndrome</keyword>
  <keyword>AIDS-Related Complex</keyword>
  <keyword>Antiviral Agents</keyword>
  <has_expanded_access>No</has_expanded_access>
  <intervention_browse>
    <!-- CAUTION:  The following MeSH terms are assigned with an imperfect algorithm  -->
    <mesh_term>Didanosine</mesh_term>
    <mesh_term>Ribavirin</mesh_term>
  </intervention_browse>
  <!-- Results have not yet been posted for this study                                -->
</clinical_study>
