<?xml version="1.0" encoding="UTF-8"?>
<clinical_study rank="126">
  <!-- This xml conforms to an XML Schema at:
    https://clinicaltrials.gov/ct2/html/images/info/public.xsd
 and an XML DTD at:
    https://clinicaltrials.gov/ct2/html/images/info/public.dtd -->
  <required_header>
    <download_date>ClinicalTrials.gov processed this data on December 13, 2015</download_date>
    <link_text>Link to the current ClinicalTrials.gov record.</link_text>
    <url>https://clinicaltrials.gov/show/NCT00493805</url>
  </required_header>
  <id_info>
    <org_study_id>P04823</org_study_id>
    <secondary_id>EudraCT number:2006-000757-21</secondary_id>
    <nct_id>NCT00493805</nct_id>
  </id_info>
  <brief_title>Study of Response in Chronic Hepatitis C (CHC) Participants Genotype 1 With Insulin Resistance and Prolonged Treatment Duration in Late Responders (P04823/MK-4031-303)</brief_title>
  <official_title>Study to Evaluate Response Rates in Chronic Hepatitis C (CHC) Patients Genotype 1 With Insulin Resistance and to Assess Prolonged Treatment Duration in Late Virological Responders</official_title>
  <sponsors>
    <lead_sponsor>
      <agency>Merck Sharp &amp; Dohme Corp.</agency>
      <agency_class>Industry</agency_class>
    </lead_sponsor>
  </sponsors>
  <source>Merck Sharp &amp; Dohme Corp.</source>
  <oversight_info>
    <authority>Austria: Agency for Health and Food Safety</authority>
    <has_dmc>No</has_dmc>
  </oversight_info>
  <brief_summary>
    <textblock>
      This is a Phase 3b/4, prospective, open-label, randomized, multicenter study of
      peginterferon alfa-2b plus ribavirin in participants with chronic hepatitis C, genotype 1.
      The study consists of two parts: (1) a noninterventional arm (HOMA IR &lt;= 2) and (2) an
      interventional arm (HOMA IR &gt; 2), where HOMA IR is the insulin resistance index for the
      participants calculated by fasting insulin (uU/mL) x [fasting glucose (mmol/L)/22.5].
      Participants in the noninterventional arm are treated according to the European labeling and
      response rates are evaluated at Month 1 (optional), 3, 6, 12, and follow up. Participants in
      the interventional arm are treated with PEG-Intron 1.5 ug/kg (subcutaneous) once weekly plus
      weight-based REBETOL 800-1400 mg (oral capsules) daily for a variable period depending on
      their response at Week 12: (1) HCV-RNA positive with &lt; 2-log drop in viral load, treatment
      will be discontinued; (2) HCV-RNA positive with &gt;= 2-log drop in viral load; participants
      will be randomized (1:1) to Group A (stop treatment at Week 48) or Group B (stop treatment
      at Week 72); and (3) HCV-RNA negative, treatment will be changed to be according to the
      European labeling and response rates will be evaluated at Month 6, 12, and follow up. All
      participants will go on with their treatment after Week 12 until the results of the HCV
      polymerase chain reaction (PCR) are available (maximum of 4 weeks).
    </textblock>
  </brief_summary>
  <overall_status>Terminated</overall_status>
  <why_stopped>
    Slow Enrollment
  </why_stopped>
  <start_date>April 2007</start_date>
  <completion_date type="Actual">October 2009</completion_date>
  <primary_completion_date type="Actual">October 2009</primary_completion_date>
  <phase>Phase 4</phase>
  <study_type>Interventional</study_type>
  <study_design>Allocation: Randomized, Endpoint Classification: Safety/Efficacy Study, Intervention Model: Parallel Assignment, Masking: Open Label, Primary Purpose: Treatment</study_design>
  <primary_outcome>
    <measure>Early Virological Response in Participants With and Without Insulin Resistance</measure>
    <time_frame>At Week 12 (after start of therapy)</time_frame>
    <safety_issue>No</safety_issue>
    <description>Early Virological Response (EVR) defined as HCV PCR at Week 12 either negative or at least 2 log units less than baseline in participants with and without insulin resistance.</description>
  </primary_outcome>
  <secondary_outcome>
    <measure>Sustained Virological Response (PCR 24 Weeks After End of Treatment)</measure>
    <time_frame>Up to 24 weeks following 48 or 72 weeks of therapy</time_frame>
    <safety_issue>No</safety_issue>
    <description>Sustained virological response (SVR) was defined as undetectable HCV RNA in serum at the end of follow-up (24 weeks after end of therapy) according to a polymerase chain reaction (PCR) assay.</description>
  </secondary_outcome>
  <number_of_arms>2</number_of_arms>
  <enrollment type="Actual">59</enrollment>
  <condition>Hepatitis C, Chronic</condition>
  <condition>Insulin Resistance</condition>
  <arm_group>
    <arm_group_label>Interventional Study arm (with insulin resistance)</arm_group_label>
    <arm_group_type>Experimental</arm_group_type>
    <description>HOMA IR (homeostasis model assessment-estimated insulin resistance) of &gt; 2
These participants received PEG-Intron 1.5 μg /kg subcutaneously (SC) once weekly plus weight based Rebetol 800-1400 mg by mouth (PO) administered twice daily (BID) for a variable period depending on their response to treatment.</description>
  </arm_group>
  <arm_group>
    <arm_group_label>Non interventional study arm (without insulin resistance)</arm_group_label>
    <arm_group_type>Experimental</arm_group_type>
    <description>HOMA IR &lt;= 2
These participants received PEG-Intron 1.5 μg /kg subcutaneously (SC) once weekly plus weight based Rebetol 800-1400 mg PO administered twice daily (BID) for 48 weeks. (Participants are treated according to
European labeling).</description>
  </arm_group>
  <intervention>
    <intervention_type>Drug</intervention_type>
    <intervention_name>Combination of pegylated interferon alfa-2b and ribavirin</intervention_name>
    <description>Powder for injection in Redipen (50, 80, 100, 120, and 150 microgram strengths), subcutaneous, dose of 1.5 micrograms/kg, weekly for 12 weeks, then up to 4 weeks until HCV PCR results are available, and then for another 36 weeks(Group A) or 60 weeks (Group B) postrandomization.
200 mg capsules, oral, weight based dose of 800-1400 mg, daily for up to 12 weeks, then up to 4 weeks until HCV PCR results are available, and then for another 36 weeks (Group A) or 60 weeks (Group B) postrandomization</description>
    <arm_group_label>Interventional Study arm (with insulin resistance)</arm_group_label>
    <other_name>(a) SCH 54031, PEG-Intron</other_name>
    <other_name>(b) SCH 18908, Rebetol</other_name>
  </intervention>
  <intervention>
    <intervention_type>Drug</intervention_type>
    <intervention_name>Combination of pegylated interferon alfa-2b and ribavirin</intervention_name>
    <description>Powder for injection in Redipen (50, 80, 100, 120, and 150 microgram strengths), subcutaneous, dose of 1.5 micrograms/kg, weekly for 48 weeks
200 mg capsules, oral, weight based dose of 800-1400 mg, daily for 48 weeks</description>
    <arm_group_label>Non interventional study arm (without insulin resistance)</arm_group_label>
    <other_name>(a) SCH 54031, PEG-Intron</other_name>
    <other_name>(b) SCH 18908, Rebetol</other_name>
  </intervention>
  <eligibility>
    <criteria>
      <textblock>
        Inclusion Criteria:

          -  male and female participants with newly diagnosed chronic hepatitis C

          -  age 18-65

          -  HCV-RNA positive in serum as measured by PCR

          -  Genotype 1

          -  ALT levels according to European labeling

          -  in women of child-bearing age, pregnancy must be excluded prior to entry into the
             study, and the use of a safe contraceptive device must be documented; sexually active
             male participants must practice a method of contraception considered acceptable
             (vasectomy, condom plus spermicide, plus relationship with a female partner who
             practices an acceptable method of contraception)

          -  Lab parameters:

               -  Hb: &gt;=12 g/dL (women) or &gt;= 13 g/dL (men)

               -  leukocytes &gt;= 3,000/µL

               -  thrombocytes &gt;= 100,000/µL

               -  PT/PTT/coagulation must be within normal limits or clinically acceptable to the
                  investigator/sponsor

               -  Albumin must be within normal limits or clinically acceptable to the
                  investigator/sponsor

               -  creatinine must be within normal limits or clinically acceptable to the
                  investigator/sponsor

               -  uric acid must be within normal limits or clinically acceptable to the
                  investigator/sponsor

          -  antinuclear antibodies &lt;= 1:160

          -  signed informed consent

        Exclusion Criteria:

          -  refusal by women of child-bearing age or by sexually active participants to use a
             safe contraceptive

          -  breast-feeding women

          -  cirrhosis stage B and C according to Child-Pugh

          -  signs of decompensated liver disease

          -  confirmed co-infection with HIV or HBV

          -  existing psychiatric comorbidity

          -  alcohol abuse

          -  active malignant disease or suspicion or history of malignant disease within 5
             previous years (except for adequately treated basal cell carcinoma)

          -  existing psoriasis or other dermatological disorder

          -  treatment with a study drug within the last 30 days

          -  any uncontrolled underlying medical conditions

          -  clinically significant ECG abnormalities and/or significant cardiovascular
             dysfunction within the last 6 months. In case of other suspected heart disease, a
             cardiological examination is required.

          -  any liver disorder of other genesis than the study indication (with regard to
             elevated iron levels, only participants with manifest hemochromatosis are excluded)

          -  autoimmune disorder (except LKM-positive participants).
      </textblock>
    </criteria>
    <gender>Both</gender>
    <minimum_age>18 Years</minimum_age>
    <maximum_age>65 Years</maximum_age>
    <healthy_volunteers>No</healthy_volunteers>
  </eligibility>
  <removed_countries>
    <country>Austria</country>
  </removed_countries>
  <verification_date>November 2015</verification_date>
  <lastchanged_date>November 2, 2015</lastchanged_date>
  <firstreceived_date>June 25, 2007</firstreceived_date>
  <firstreceived_results_date>October 27, 2010</firstreceived_results_date>
  <responsible_party>
    <responsible_party_type>Sponsor</responsible_party_type>
  </responsible_party>
  <keyword>homeostasis model assessment of insulin resistance</keyword>
  <is_fda_regulated>Yes</is_fda_regulated>
  <is_section_801>No</is_section_801>
  <has_expanded_access>No</has_expanded_access>
  <condition_browse>
    <!-- CAUTION:  The following MeSH terms are assigned with an imperfect algorithm  -->
    <mesh_term>Hepatitis</mesh_term>
    <mesh_term>Hepatitis A</mesh_term>
    <mesh_term>Hepatitis C</mesh_term>
    <mesh_term>Hepatitis C, Chronic</mesh_term>
    <mesh_term>Hepatitis, Chronic</mesh_term>
    <mesh_term>Insulin Resistance</mesh_term>
  </condition_browse>
  <intervention_browse>
    <!-- CAUTION:  The following MeSH terms are assigned with an imperfect algorithm  -->
    <mesh_term>Insulin</mesh_term>
    <mesh_term>Insulin, Globin Zinc</mesh_term>
    <mesh_term>Interferon-alpha</mesh_term>
    <mesh_term>Interferons</mesh_term>
    <mesh_term>Peginterferon alfa-2b</mesh_term>
    <mesh_term>Ribavirin</mesh_term>
  </intervention_browse>
  <!-- Results are available for this study                                           -->
</clinical_study>
