<?xml version="1.0" encoding="UTF-8"?>
<clinical_study rank="296">
  <!-- This xml conforms to an XML Schema at:
    https://clinicaltrials.gov/ct2/html/images/info/public.xsd
 and an XML DTD at:
    https://clinicaltrials.gov/ct2/html/images/info/public.dtd -->
  <required_header>
    <download_date>ClinicalTrials.gov processed this data on December 13, 2015</download_date>
    <link_text>Link to the current ClinicalTrials.gov record.</link_text>
    <url>https://clinicaltrials.gov/show/NCT00743795</url>
  </required_header>
  <id_info>
    <org_study_id>GS-US-196-0103</org_study_id>
    <nct_id>NCT00743795</nct_id>
  </id_info>
  <brief_title>Safety, Tolerability, and Antiviral Activity of 24 or 48 Weeks of GS-9190 in Combination With Peginterferon Alfa 2a and Ribavirin for the Treatment of Genotype-1 Chronic HCV Infection</brief_title>
  <official_title>A Phase 2b, Randomized, Double-Blind, Placebo-Controlled Trial Comparing 24 or 48 Weeks of GS 9190, in Combination With Peginterferon Alfa 2a and Ribavirin, to 48 Weeks of Peginterferon Alfa 2a and Ribavirin for the Treatment of Genotype-1 Chronic Hepatitis C Virus (HCV) Infection (GS-US-196-0103)</official_title>
  <sponsors>
    <lead_sponsor>
      <agency>Gilead Sciences</agency>
      <agency_class>Industry</agency_class>
    </lead_sponsor>
  </sponsors>
  <source>Gilead Sciences</source>
  <oversight_info>
    <authority>United States: Food and Drug Administration</authority>
    <has_dmc>Yes</has_dmc>
  </oversight_info>
  <brief_summary>
    <textblock>
      The purpose of this study is to compare the safety, tolerability and effectiveness of the
      experimental drug GS-9190 when administered for 24 or 48 weeks with peginterferon alfa 2a
      and ribavirin for the treatment of genotype-1 chronic hepatitis C infection.
    </textblock>
  </brief_summary>
  <detailed_description>
    <textblock>
      The safety, tolerability and antiviral efficacy GS-9190, administered orally twice daily at
      40 mg, will be compared to placebo when used in combination with peginterferon alfa 2a (PEG)
      and ribavirin (RIBA) in treatment-naïve subjects chronically infected with HCV genotype 1
      infection. Two-hundred forty-eight (248) subjects will be randomized (ratio: 1:2:1) to one
      of three treatment arms:

      Arm 1: PEG/RIBA + placebo BID for 48 weeks + 24 weeks treatment-free follow-up (n = 62)

      Arm 2: PEG/RIBA + GS 9190 40 mg BID for 48 weeks + 24 weeks treatment-free follow-up (n =
      124)

      Arm 3: PEG/RIBA + GS 9190 40 mg BID for 48 weeks + 24 weeks treatment-free follow-up.
      However, subjects who achieve RVR (HCV RNA undetectable at Week 4) and maintain that
      response through Week 24 will stop all study drugs at Week 24 and be followed for an
      additional 48 weeks (n = 62).

      Randomization will be stratified by plasma HCV RNA level (&lt; or ≥ 400,000 IU/mL) at screening
      and race (of African descent or other).

      In order to ensure adequate representation of subjects with genotypes 1a and 1b in this
      trial, enrollment for either genotype will be capped at 120 subjects. Once 120 subjects of
      either genotype (e.g., genotype 1a) have been randomized, subsequent enrollment will only be
      allowed for subjects with the other genotype (e.g., genotype 1b).

      The duration of double-blind treatment is 48 weeks plus 24 weeks of treatment-free
      follow-up; however subjects in Arm 3 will stop all medication at Week 24 if they have
      achieved an RVR (defined by undetectable HCV RNA following 4 weeks on therapy) and have
      maintained that response thereafter. Subjects will only learn that they have been randomized
      to Arm 3 if, at Week 24, having achieved criteria for stopping therapy, they are instructed
      to stop. All other subjects will remain blinded to their treatment status throughout the
      course of the study.

      The standard of care treatment stopping criterion used in clinical practice when treating
      HCV with PEG/RIBA, failure to achieve EVR, will be utilized in this trial. Additionally,
      subjects with detectable plasma HCV RNA at Week 24 will discontinue all study medications no
      later than the Week 28 visit and will be followed off-treatment for 24 weeks.
    </textblock>
  </detailed_description>
  <overall_status>Completed</overall_status>
  <start_date>October 2008</start_date>
  <completion_date type="Actual">September 2013</completion_date>
  <primary_completion_date type="Actual">July 2009</primary_completion_date>
  <phase>Phase 2</phase>
  <study_type>Interventional</study_type>
  <study_design>Allocation: Randomized, Endpoint Classification: Safety/Efficacy Study, Intervention Model: Parallel Assignment, Masking: Double Blind (Subject, Caregiver, Investigator, Outcomes Assessor), Primary Purpose: Treatment</study_design>
  <primary_outcome>
    <measure>Undetectable HCV RNA level</measure>
    <time_frame>At Week 12 for Early Virologic Response (EVR)</time_frame>
    <safety_issue>No</safety_issue>
  </primary_outcome>
  <secondary_outcome>
    <measure>Safety and tolerability</measure>
    <time_frame>Throughout 72 week study period</time_frame>
    <safety_issue>Yes</safety_issue>
  </secondary_outcome>
  <secondary_outcome>
    <measure>Undetectable HCV RNA level</measure>
    <time_frame>Week 4, Week 24 and Week 48</time_frame>
    <safety_issue>No</safety_issue>
  </secondary_outcome>
  <secondary_outcome>
    <measure>GS-9190 plasma concentrations</measure>
    <time_frame>Through Week 48</time_frame>
    <safety_issue>No</safety_issue>
  </secondary_outcome>
  <secondary_outcome>
    <measure>Undetectable HCV RNA</measure>
    <time_frame>At Week 72 for sustained virologic response (SVR)</time_frame>
    <safety_issue>No</safety_issue>
  </secondary_outcome>
  <number_of_arms>3</number_of_arms>
  <enrollment type="Actual">252</enrollment>
  <condition>HCV Infection</condition>
  <arm_group>
    <arm_group_label>1</arm_group_label>
    <arm_group_type>Placebo Comparator</arm_group_type>
    <description>Peginterferon and ribavirin + placebo BID for 48 weeks + 24 weeks treatment-free follow-up (n = 50)</description>
  </arm_group>
  <arm_group>
    <arm_group_label>2</arm_group_label>
    <arm_group_type>Experimental</arm_group_type>
    <description>Peginterferon and ribavirin + GS 9190 40 mg BID for 48 weeks + 24 weeks treatment-free follow-up (n = 100)</description>
  </arm_group>
  <arm_group>
    <arm_group_label>3</arm_group_label>
    <arm_group_type>Experimental</arm_group_type>
    <description>Peginterferon and ribavirin + GS 9190 40 mg BID for 48 weeks + 24 weeks treatment-free follow-up. However, subjects who achieve RVR (HCV RNA undetectable at Week 4) and maintain that response through Week 24 will stop all study drugs at Week 24 and be followed for an additional 48 weeks (n = 50).</description>
  </arm_group>
  <intervention>
    <intervention_type>Drug</intervention_type>
    <intervention_name>placebo</intervention_name>
    <description>oral BID</description>
    <arm_group_label>1</arm_group_label>
  </intervention>
  <intervention>
    <intervention_type>Drug</intervention_type>
    <intervention_name>GS-9190</intervention_name>
    <description>40 mg oral BID</description>
    <arm_group_label>2</arm_group_label>
    <arm_group_label>3</arm_group_label>
  </intervention>
  <intervention>
    <intervention_type>Drug</intervention_type>
    <intervention_name>Peginterferon Alfa 2a</intervention_name>
    <description>All subjects received a fixed dose of 180 μg PEG via subcutaneous injection on a weekly basis.</description>
    <arm_group_label>1</arm_group_label>
    <arm_group_label>2</arm_group_label>
    <arm_group_label>3</arm_group_label>
    <other_name>PEG</other_name>
  </intervention>
  <intervention>
    <intervention_type>Drug</intervention_type>
    <intervention_name>Ribavirin</intervention_name>
    <description>Ribavirin supplied as 200 mg Copegus® tablets (1000 mg for subjects weighing &lt; 75 kg and 1200 mg for subjects weighing ≥ 75 kg) were given in a divided daily dose.</description>
    <arm_group_label>1</arm_group_label>
    <arm_group_label>2</arm_group_label>
    <arm_group_label>3</arm_group_label>
    <other_name>RBV</other_name>
  </intervention>
  <eligibility>
    <criteria>
      <textblock>
        Inclusion Criteria:

          -  Adult subjects (18 - 70 years of age)

          -  Chronic HCV infection for at least 6 months prior to Baseline (Day 1) (anti-HCV
             antibody positive; positive for plasma HCV RNA; medical history consistent with
             chronicity accepted by the investigator)

          -  Liver biopsy results within the past 2 years prior to Baseline (Day 1) indicating the
             absence of cirrhosis

          -  HCV treatment-naive, defined as no prior exposure to PEG, RIBA, or experimental HCV
             therapy

          -  Mono-infection with HCV genotype 1a or 1b

          -  Detectable plasma HCV RNA at Screening

          -  BMI between 19 and 36 kg/m2

          -  Willing and able to provide written informed consent and to comply with all study
             requirements

          -  Of generally good health as determined by the Investigator

          -  Subject agrees to use adequate skin protection (e.g., sunblocking agent) when exposed
             to the sun.

          -  Women of childbearing potential (i.e., a non-menopausal female or a female with
             menopausal &lt; 2 years, who has not had a hysterectomy, bilateral oophorectomy or
             medically documented ovarian failure) must have negative serum β-human chorionic
             gonadotropin (hCG) at screening and negative urine pregnancy test prior to the first
             study drug administration.

          -  All subjects (male and female) must agree to utilize highly effective contraception
             methods (two separate forms of contraception, one of which must be an effective
             barrier method, or be non-heterosexually active, practice sexual abstinence or have a
             vasectomized partner) from screening throughout the duration of study treatment and
             for 24 weeks after the last dose of RIBA.

          -  Female subjects who utilize hormonal contraceptive as one of their birth control
             methods must have used the same method for at least three months prior to study
             dosing.

          -  Female subjects who are postmenopausal for less than two years are required to have
             FSH &gt; 40 mIU/mL. If the FSH is ≤ 40 mIU/mL, the subject must agree to use highly
             effective method of birth control (as described above) to participate in the study.

          -  Male subjects who are sexually active must be willing to use effective barrier
             contraception (e.g., condom with spermicide) during heterosexual intercourse from
             screening through completion of the study and continue for 24 weeks after the last
             dose of RIBA

        Exclusion Criteria:

          -  Pregnant or breast feeding women or women who may wish to become pregnant during the
             course of the study

          -  Males who have partners planning to become pregnant

          -  Males and females of reproductive potential who are unwilling to use two forms of
             effective birth control through Study Week 72. One method should include a condom
             with spermicide for males

          -  Infection with non-genotype 1 HCV

          -  Poorly controlled diabetes mellitus (hemoglobin A1c &gt; 7) unless treatment
             intervention has been reviewed with the Medical Monitor and improved glucose control
             is anticipated

          -  History of sarcoidosis

          -  History of hemoglobinopathy (e.g., thalassemia)

          -  History of known retinal disease

          -  History of invasive malignancy diagnosed or treated within 5 years (recent localized
             treatment of squamous or non-invasive basal cell skin cancers is permitted; cervical
             carcinoma in situ is allowed if appropriately treated prior to screen)

          -  Evidence of hepatocellular carcinoma

          -  Chronic liver disease of a non-HCV etiology

          -  Untreated or significant psychiatric illnesses including severe depression,
             schizophrenia, psychosis, or a history of a suicide attempt

          -  Co-infection with HIV, HBV, or multiple HCV genotypes

          -  Chronic use of systemic immunosuppressive agents

          -  Presence of autoimmune disorders. Subjects with treated hypothyroidism with normal
             TSH may be enrolled.

          -  Severe chronic obstructive pulmonary disease

          -  History of clinically significant cardiac disease, including a family history of Long
             QT Syndrome, and/or evidence of the following ECG abnormalities at screening: QTcF
             (QT corrected using Fridericia's formula) of &gt; 450 msec; complete or incomplete left
             or right bundle branch block; intraventricular conduction delay with QRS duration of
             &gt; 120 msec; bradycardia (&lt; 45 beats per minute); pathologic Q-waves (Q wave of &gt; 40
             msec or depth of &gt; 0.4 to 0.5 V); arrhythmia (an isolated premature ventricular
             contraction on screening/Day 1 is not exclusionary) ; ventricular pre excitation;
             second or third degree heart block

          -  Positive urine screen for amphetamines or cocaine

          -  Known, current heroin, morphine, or methadone use

          -  Ongoing alcohol abuse in the judgment of the investigator (in no case intake of more
             than 28 units of alcohol per week [1 unit = ½ pint of beer, 1 glass of wine, 1 shot
             of spirits])

          -  Receiving a known potent CYP 3A4 inhibitor within 2 weeks of study drug dosing or are
             expected to receive such therapy during the course of study drug dosing

          -  Known hypersensitivity to the study drugs, their metabolites or formulation
             excipients

          -  In the judgment of the Investigator, should not participate in the study due to
             potential clinical or compliance issues
      </textblock>
    </criteria>
    <gender>Both</gender>
    <minimum_age>18 Years</minimum_age>
    <maximum_age>70 Years</maximum_age>
    <healthy_volunteers>No</healthy_volunteers>
  </eligibility>
  <overall_official>
    <last_name>Steven Knox</last_name>
    <role>Study Chair</role>
    <affiliation>Gilead Sciences</affiliation>
  </overall_official>
  <location>
    <facility>
      <address>
        <city>Anaheim</city>
        <state>California</state>
        <zip>92801</zip>
        <country>United States</country>
      </address>
    </facility>
  </location>
  <location>
    <facility>
      <address>
        <city>Los Angeles</city>
        <state>California</state>
        <zip>90048</zip>
        <country>United States</country>
      </address>
    </facility>
  </location>
  <location>
    <facility>
      <address>
        <city>Newport Beach</city>
        <state>California</state>
        <zip>92663</zip>
        <country>United States</country>
      </address>
    </facility>
  </location>
  <location>
    <facility>
      <address>
        <city>San Clemente</city>
        <state>California</state>
        <zip>92673</zip>
        <country>United States</country>
      </address>
    </facility>
  </location>
  <location>
    <facility>
      <address>
        <city>San Diego</city>
        <state>California</state>
        <zip>92115</zip>
        <country>United States</country>
      </address>
    </facility>
  </location>
  <location>
    <facility>
      <address>
        <city>San Diego</city>
        <state>California</state>
        <zip>92123</zip>
        <country>United States</country>
      </address>
    </facility>
  </location>
  <location>
    <facility>
      <address>
        <city>San Francisco</city>
        <state>California</state>
        <zip>94115</zip>
        <country>United States</country>
      </address>
    </facility>
  </location>
  <location>
    <facility>
      <address>
        <city>Englewood</city>
        <state>Colorado</state>
        <zip>80110</zip>
        <country>United States</country>
      </address>
    </facility>
  </location>
  <location>
    <facility>
      <address>
        <city>Miami</city>
        <state>Florida</state>
        <zip>33136</zip>
        <country>United States</country>
      </address>
    </facility>
  </location>
  <location>
    <facility>
      <address>
        <city>North Miami Beach</city>
        <state>Florida</state>
        <zip>33162</zip>
        <country>United States</country>
      </address>
    </facility>
  </location>
  <location>
    <facility>
      <address>
        <city>Orlando</city>
        <state>Florida</state>
        <zip>32803</zip>
        <country>United States</country>
      </address>
    </facility>
  </location>
  <location>
    <facility>
      <address>
        <city>Sarasota</city>
        <state>Florida</state>
        <zip>34243</zip>
        <country>United States</country>
      </address>
    </facility>
  </location>
  <location>
    <facility>
      <address>
        <city>Tampa</city>
        <state>Florida</state>
        <zip>33613</zip>
        <country>United States</country>
      </address>
    </facility>
  </location>
  <location>
    <facility>
      <address>
        <city>Atlanta</city>
        <state>Georgia</state>
        <zip>30308</zip>
        <country>United States</country>
      </address>
    </facility>
  </location>
  <location>
    <facility>
      <address>
        <city>Decatur</city>
        <state>Georgia</state>
        <zip>30033</zip>
        <country>United States</country>
      </address>
    </facility>
  </location>
  <location>
    <facility>
      <address>
        <city>Chicago</city>
        <state>Illinois</state>
        <zip>60611</zip>
        <country>United States</country>
      </address>
    </facility>
  </location>
  <location>
    <facility>
      <address>
        <city>Bowling Green</city>
        <state>Kentucky</state>
        <zip>42101</zip>
        <country>United States</country>
      </address>
    </facility>
  </location>
  <location>
    <facility>
      <address>
        <city>Baton Rouge</city>
        <state>Louisiana</state>
        <zip>70809</zip>
        <country>United States</country>
      </address>
    </facility>
  </location>
  <location>
    <facility>
      <address>
        <city>Baltimore</city>
        <state>Maryland</state>
        <zip>21201</zip>
        <country>United States</country>
      </address>
    </facility>
  </location>
  <location>
    <facility>
      <address>
        <city>Baltimore</city>
        <state>Maryland</state>
        <zip>21229</zip>
        <country>United States</country>
      </address>
    </facility>
  </location>
  <location>
    <facility>
      <address>
        <city>Baltimore</city>
        <state>Maryland</state>
        <zip>21287</zip>
        <country>United States</country>
      </address>
    </facility>
  </location>
  <location>
    <facility>
      <address>
        <city>Boston</city>
        <state>Massachusetts</state>
        <zip>02114</zip>
        <country>United States</country>
      </address>
    </facility>
  </location>
  <location>
    <facility>
      <address>
        <city>Detroit</city>
        <state>Michigan</state>
        <zip>48202</zip>
        <country>United States</country>
      </address>
    </facility>
  </location>
  <location>
    <facility>
      <address>
        <city>St. Louis</city>
        <state>Missouri</state>
        <zip>63104</zip>
        <country>United States</country>
      </address>
    </facility>
  </location>
  <location>
    <facility>
      <address>
        <city>Cedar Knolls</city>
        <state>New Jersey</state>
        <zip>07927</zip>
        <country>United States</country>
      </address>
    </facility>
  </location>
  <location>
    <facility>
      <address>
        <city>Johnson City</city>
        <state>New York</state>
        <zip>13790</zip>
        <country>United States</country>
      </address>
    </facility>
  </location>
  <location>
    <facility>
      <address>
        <city>New York</city>
        <state>New York</state>
        <zip>10016</zip>
        <country>United States</country>
      </address>
    </facility>
  </location>
  <location>
    <facility>
      <address>
        <city>New York</city>
        <state>New York</state>
        <zip>10021</zip>
        <country>United States</country>
      </address>
    </facility>
  </location>
  <location>
    <facility>
      <address>
        <city>New York</city>
        <state>New York</state>
        <zip>10029-6574</zip>
        <country>United States</country>
      </address>
    </facility>
  </location>
  <location>
    <facility>
      <address>
        <city>New York</city>
        <state>New York</state>
        <zip>10032</zip>
        <country>United States</country>
      </address>
    </facility>
  </location>
  <location>
    <facility>
      <address>
        <city>Plainview</city>
        <state>New York</state>
        <zip>11803</zip>
        <country>United States</country>
      </address>
    </facility>
  </location>
  <location>
    <facility>
      <address>
        <city>Syracuse</city>
        <state>New York</state>
        <zip>13210</zip>
        <country>United States</country>
      </address>
    </facility>
  </location>
  <location>
    <facility>
      <address>
        <city>Asheville</city>
        <state>North Carolina</state>
        <zip>28801</zip>
        <country>United States</country>
      </address>
    </facility>
  </location>
  <location>
    <facility>
      <address>
        <city>Durham</city>
        <state>North Carolina</state>
        <zip>27710</zip>
        <country>United States</country>
      </address>
    </facility>
  </location>
  <location>
    <facility>
      <address>
        <city>High Point</city>
        <state>North Carolina</state>
        <zip>27262</zip>
        <country>United States</country>
      </address>
    </facility>
  </location>
  <location>
    <facility>
      <address>
        <city>Cincinatti</city>
        <state>Ohio</state>
        <zip>45267</zip>
        <country>United States</country>
      </address>
    </facility>
  </location>
  <location>
    <facility>
      <address>
        <city>Cincinnati</city>
        <state>Ohio</state>
        <zip>45219</zip>
        <country>United States</country>
      </address>
    </facility>
  </location>
  <location>
    <facility>
      <address>
        <city>Tulsa</city>
        <state>Oklahoma</state>
        <zip>74104</zip>
        <country>United States</country>
      </address>
    </facility>
  </location>
  <location>
    <facility>
      <address>
        <city>Philadelphia</city>
        <state>Pennsylvania</state>
        <zip>19104</zip>
        <country>United States</country>
      </address>
    </facility>
  </location>
  <location>
    <facility>
      <address>
        <city>Philadelphia</city>
        <state>Pennsylvania</state>
        <zip>19140</zip>
        <country>United States</country>
      </address>
    </facility>
  </location>
  <location>
    <facility>
      <address>
        <city>Germantown</city>
        <state>Tennessee</state>
        <zip>38138</zip>
        <country>United States</country>
      </address>
    </facility>
  </location>
  <location>
    <facility>
      <address>
        <city>Dallas</city>
        <state>Texas</state>
        <zip>75208</zip>
        <country>United States</country>
      </address>
    </facility>
  </location>
  <location>
    <facility>
      <address>
        <city>Houston</city>
        <state>Texas</state>
        <zip>77090</zip>
        <country>United States</country>
      </address>
    </facility>
  </location>
  <location>
    <facility>
      <address>
        <city>San Antonio</city>
        <state>Texas</state>
        <zip>78215</zip>
        <country>United States</country>
      </address>
    </facility>
  </location>
  <location>
    <facility>
      <address>
        <city>Annandale</city>
        <state>Virginia</state>
        <zip>22003-6800</zip>
        <country>United States</country>
      </address>
    </facility>
  </location>
  <location>
    <facility>
      <address>
        <city>Fairfax</city>
        <state>Virginia</state>
        <zip>22031</zip>
        <country>United States</country>
      </address>
    </facility>
  </location>
  <location>
    <facility>
      <address>
        <city>Norfolk</city>
        <state>Virginia</state>
        <zip>23502-3927</zip>
        <country>United States</country>
      </address>
    </facility>
  </location>
  <location>
    <facility>
      <address>
        <city>Richmond</city>
        <state>Virginia</state>
        <zip>23298</zip>
        <country>United States</country>
      </address>
    </facility>
  </location>
  <location>
    <facility>
      <address>
        <city>Bruxelles</city>
        <zip>B-1070</zip>
        <country>Belgium</country>
      </address>
    </facility>
  </location>
  <location>
    <facility>
      <address>
        <city>Bruxelles</city>
        <zip>B-1200</zip>
        <country>Belgium</country>
      </address>
    </facility>
  </location>
  <location>
    <facility>
      <address>
        <city>Ghent</city>
        <zip>B-9000</zip>
        <country>Belgium</country>
      </address>
    </facility>
  </location>
  <location>
    <facility>
      <address>
        <city>Leuven</city>
        <country>Belgium</country>
      </address>
    </facility>
  </location>
  <location>
    <facility>
      <address>
        <city>Liege</city>
        <country>Belgium</country>
      </address>
    </facility>
  </location>
  <location>
    <facility>
      <address>
        <city>Berlin</city>
        <zip>10969</zip>
        <country>Germany</country>
      </address>
    </facility>
  </location>
  <location>
    <facility>
      <address>
        <city>Frankfurt</city>
        <zip>60590</zip>
        <country>Germany</country>
      </address>
    </facility>
  </location>
  <location>
    <facility>
      <address>
        <city>Hamburg</city>
        <zip>20099</zip>
        <country>Germany</country>
      </address>
    </facility>
  </location>
  <location>
    <facility>
      <address>
        <city>Hannover</city>
        <zip>30625</zip>
        <country>Germany</country>
      </address>
    </facility>
  </location>
  <location>
    <facility>
      <address>
        <city>Koln</city>
        <zip>50921</zip>
        <country>Germany</country>
      </address>
    </facility>
  </location>
  <location>
    <facility>
      <address>
        <city>Munchen</city>
        <zip>80336</zip>
        <country>Germany</country>
      </address>
    </facility>
  </location>
  <location>
    <facility>
      <address>
        <city>Dublin</city>
        <country>Ireland</country>
      </address>
    </facility>
  </location>
  <location>
    <facility>
      <address>
        <city>Dublin</city>
        <zip>8</zip>
        <country>Ireland</country>
      </address>
    </facility>
  </location>
  <location>
    <facility>
      <address>
        <city>Dublin</city>
        <zip>9</zip>
        <country>Ireland</country>
      </address>
    </facility>
  </location>
  <location>
    <facility>
      <address>
        <city>Bialystok</city>
        <zip>15-540</zip>
        <country>Poland</country>
      </address>
    </facility>
  </location>
  <location>
    <facility>
      <address>
        <city>Bydgoszcz</city>
        <zip>85-030</zip>
        <country>Poland</country>
      </address>
    </facility>
  </location>
  <location>
    <facility>
      <address>
        <city>Chorzow</city>
        <country>Poland</country>
      </address>
    </facility>
  </location>
  <location>
    <facility>
      <address>
        <city>Czeladz</city>
        <zip>41-250</zip>
        <country>Poland</country>
      </address>
    </facility>
  </location>
  <location>
    <facility>
      <address>
        <city>Krakow</city>
        <zip>31-501</zip>
        <country>Poland</country>
      </address>
    </facility>
  </location>
  <location>
    <facility>
      <address>
        <city>Warszawa</city>
        <zip>01-201</zip>
        <country>Poland</country>
      </address>
    </facility>
  </location>
  <location>
    <facility>
      <address>
        <city>Santurce</city>
        <zip>00909</zip>
        <country>Puerto Rico</country>
      </address>
    </facility>
  </location>
  <location>
    <facility>
      <address>
        <city>Birmingham</city>
        <zip>B15 2TH</zip>
        <country>United Kingdom</country>
      </address>
    </facility>
  </location>
  <location>
    <facility>
      <address>
        <city>London</city>
        <country>United Kingdom</country>
      </address>
    </facility>
  </location>
  <location>
    <facility>
      <address>
        <city>London</city>
        <zip>E1 1BB</zip>
        <country>United Kingdom</country>
      </address>
    </facility>
  </location>
  <location_countries>
    <country>Belgium</country>
    <country>Germany</country>
    <country>Ireland</country>
    <country>Poland</country>
    <country>Puerto Rico</country>
    <country>United Kingdom</country>
    <country>United States</country>
  </location_countries>
  <verification_date>October 2013</verification_date>
  <lastchanged_date>October 11, 2013</lastchanged_date>
  <firstreceived_date>August 27, 2008</firstreceived_date>
  <responsible_party>
    <responsible_party_type>Sponsor</responsible_party_type>
  </responsible_party>
  <keyword>Hepatitis C</keyword>
  <keyword>HCV</keyword>
  <keyword>Rapid Virologic Response</keyword>
  <keyword>Sustained Virologic Response</keyword>
  <keyword>HCV RNA</keyword>
  <keyword>Polymerase inhibitor</keyword>
  <keyword>GS-9190</keyword>
  <is_fda_regulated>Yes</is_fda_regulated>
  <is_section_801>Yes</is_section_801>
  <has_expanded_access>No</has_expanded_access>
  <condition_browse>
    <!-- CAUTION:  The following MeSH terms are assigned with an imperfect algorithm  -->
    <mesh_term>Infection</mesh_term>
  </condition_browse>
  <intervention_browse>
    <!-- CAUTION:  The following MeSH terms are assigned with an imperfect algorithm  -->
    <mesh_term>Interferon-alpha</mesh_term>
    <mesh_term>Peginterferon alfa-2a</mesh_term>
    <mesh_term>Ribavirin</mesh_term>
  </intervention_browse>
  <!-- Results have not yet been posted for this study                                -->
</clinical_study>
