<?xml version="1.0" encoding="UTF-8"?>
<clinical_study rank="154">
  <!-- This xml conforms to an XML Schema at:
    https://clinicaltrials.gov/ct2/html/images/info/public.xsd
 and an XML DTD at:
    https://clinicaltrials.gov/ct2/html/images/info/public.dtd -->
  <required_header>
    <download_date>ClinicalTrials.gov processed this data on December 13, 2015</download_date>
    <link_text>Link to the current ClinicalTrials.gov record.</link_text>
    <url>https://clinicaltrials.gov/show/NCT00460850</url>
  </required_header>
  <id_info>
    <org_study_id>ML20135</org_study_id>
    <nct_id>NCT00460850</nct_id>
  </id_info>
  <brief_title>A Study of PEGASYS (Peginterferon Alfa-2a (40KD)) in Patients With Lamivudine Resistant HBeAg-Negative Chronic Hepatitis B.</brief_title>
  <official_title>An Open Label Study to Evaluate the Effect of PEGASYS on ALT and HBV DNA Levels in Patients With Lamivudine-Resistant HbeAg-Negative Chronic Hepatitis B</official_title>
  <sponsors>
    <lead_sponsor>
      <agency>Hoffmann-La Roche</agency>
      <agency_class>Industry</agency_class>
    </lead_sponsor>
  </sponsors>
  <source>Hoffmann-La Roche</source>
  <oversight_info>
    <authority>Turkey: Ministry of Health General Management of Drugs and Pharmaceutics Ethics Committee.</authority>
  </oversight_info>
  <brief_summary>
    <textblock>
      This single arm study will evaluate the efficacy and safety of PEGASYS in patients with
      lamivudine resistant HBeAg negative chronic hepatitis B. Patients will receive PEGASYS 180
      micrograms s.c. weekly for 48 weeks; following this, there will be a 48 week period of
      treatment-free follow-up. The anticipated time on study treatment is 3-12 months, and the
      target sample size is &lt;100 individuals.
    </textblock>
  </brief_summary>
  <overall_status>Terminated</overall_status>
  <why_stopped>
    Low recruitment rate due to treatment regimen change
  </why_stopped>
  <start_date>September 2007</start_date>
  <completion_date type="Actual">June 2008</completion_date>
  <phase>Phase 4</phase>
  <study_type>Interventional</study_type>
  <study_design>Allocation: Non-Randomized, Endpoint Classification: Safety/Efficacy Study, Intervention Model: Single Group Assignment, Masking: Open Label, Primary Purpose: Treatment</study_design>
  <primary_outcome>
    <measure>Normalization of ALT, and HBV-DNA &lt;10,000 copies/mL</measure>
    <time_frame>Week 96</time_frame>
    <safety_issue>No</safety_issue>
  </primary_outcome>
  <secondary_outcome>
    <measure>Normalization of ALT, and HBV-DNA &lt;10,000 copies/mL</measure>
    <time_frame>Weeks 48 and 72</time_frame>
    <safety_issue>No</safety_issue>
  </secondary_outcome>
  <secondary_outcome>
    <measure>HBsAg loss and anti-HBs seroconversion</measure>
    <time_frame>Weeks 48, 72 and 96</time_frame>
    <safety_issue>No</safety_issue>
  </secondary_outcome>
  <secondary_outcome>
    <measure>AEs and lab parameters</measure>
    <time_frame>Throughout study</time_frame>
    <safety_issue>No</safety_issue>
  </secondary_outcome>
  <number_of_arms>1</number_of_arms>
  <enrollment type="Anticipated">60</enrollment>
  <condition>Hepatitis B, Chronic</condition>
  <arm_group>
    <arm_group_label>1</arm_group_label>
    <arm_group_type>Experimental</arm_group_type>
  </arm_group>
  <intervention>
    <intervention_type>Drug</intervention_type>
    <intervention_name>peginterferon alfa-2a (40KD) [PEGASYS]</intervention_name>
    <description>180 micrograms sc weekly for 48 weeks</description>
    <arm_group_label>1</arm_group_label>
  </intervention>
  <eligibility>
    <criteria>
      <textblock>
        Inclusion Criteria:

          -  adult patients, 18-65 years of age;

          -  HBeAg negative chronic hepatitis B;

          -  treated with lamivudine for &gt;=6 months;

          -  demonstrated lamivudine resistance;

          -  compensated liver disease.

        Exclusion Criteria:

          -  severe hepatic dysfunction;

          -  previous treatment with antivirals other than lamivudine;

          -  immunosuppressant treatment in past 6 months;

          -  co-infection with hepatitis A, C, or D virus or human immunodeficiency virus;

          -  medical condition associated with chronic liver disease.
      </textblock>
    </criteria>
    <gender>Both</gender>
    <minimum_age>18 Years</minimum_age>
    <maximum_age>65 Years</maximum_age>
    <healthy_volunteers>No</healthy_volunteers>
  </eligibility>
  <overall_official>
    <last_name>Clinical Trials</last_name>
    <role>Study Director</role>
    <affiliation>Hoffmann-La Roche</affiliation>
  </overall_official>
  <location>
    <facility>
      <address>
        <city>Ankara</city>
        <zip>06620</zip>
        <country>Turkey</country>
      </address>
    </facility>
  </location>
  <location>
    <facility>
      <address>
        <city>Antalya</city>
        <zip>07058</zip>
        <country>Turkey</country>
      </address>
    </facility>
  </location>
  <location>
    <facility>
      <address>
        <city>Istanbul</city>
        <zip>34390</zip>
        <country>Turkey</country>
      </address>
    </facility>
  </location>
  <location>
    <facility>
      <address>
        <city>Izmir</city>
        <zip>35360</zip>
        <country>Turkey</country>
      </address>
    </facility>
  </location>
  <location_countries>
    <country>Turkey</country>
  </location_countries>
  <verification_date>June 2008</verification_date>
  <lastchanged_date>June 27, 2008</lastchanged_date>
  <firstreceived_date>April 16, 2007</firstreceived_date>
  <responsible_party>
    <name_title>Clinical Trials, Study Director</name_title>
    <organization>Hoffmann-La Roche</organization>
  </responsible_party>
  <is_fda_regulated>No</is_fda_regulated>
  <has_expanded_access>No</has_expanded_access>
  <condition_browse>
    <!-- CAUTION:  The following MeSH terms are assigned with an imperfect algorithm  -->
    <mesh_term>Hepatitis</mesh_term>
    <mesh_term>Hepatitis A</mesh_term>
    <mesh_term>Hepatitis B</mesh_term>
    <mesh_term>Hepatitis B, Chronic</mesh_term>
    <mesh_term>Hepatitis, Chronic</mesh_term>
  </condition_browse>
  <intervention_browse>
    <!-- CAUTION:  The following MeSH terms are assigned with an imperfect algorithm  -->
    <mesh_term>Interferon-alpha</mesh_term>
    <mesh_term>Peginterferon alfa-2a</mesh_term>
  </intervention_browse>
  <!-- Results have not yet been posted for this study                                -->
</clinical_study>
