<?xml version="1.0" encoding="UTF-8"?>
<clinical_study rank="61">
  <!-- This xml conforms to an XML Schema at:
    https://clinicaltrials.gov/ct2/html/images/info/public.xsd
 and an XML DTD at:
    https://clinicaltrials.gov/ct2/html/images/info/public.dtd -->
  <required_header>
    <download_date>ClinicalTrials.gov processed this data on December 13, 2015</download_date>
    <link_text>Link to the current ClinicalTrials.gov record.</link_text>
    <url>https://clinicaltrials.gov/show/NCT00917358</url>
  </required_header>
  <id_info>
    <org_study_id>940215</org_study_id>
    <nct_id>NCT00917358</nct_id>
  </id_info>
  <brief_title>Pegylated Interferon Alfa-2a for Dialysis Patients With Acute Hepatitis C</brief_title>
  <official_title>Pegylated Interferon Alfa-2a for Dialysis Patients With Acute Hepatitis C</official_title>
  <sponsors>
    <lead_sponsor>
      <agency>National Taiwan University Hospital</agency>
      <agency_class>Other</agency_class>
    </lead_sponsor>
    <collaborator>
      <agency>National Science Council, Taiwan</agency>
      <agency_class>Other</agency_class>
    </collaborator>
  </sponsors>
  <source>National Taiwan University Hospital</source>
  <oversight_info>
    <authority>Taiwan: Department of Health</authority>
    <has_dmc>Yes</has_dmc>
  </oversight_info>
  <brief_summary>
    <textblock>
      Interferon-based monotherapy has been considered effective to treat acute hepatitis C in
      ordinary patients. However, the efficacy of this treatment has not been evaluated in
      prospective interventional studies for dialysis patients. The aim of the study is the
      evaluate the efficacy of peginterferon alfa-2a monotherapy for 24 weeks in this special
      clinical setting, and concomitantly evaluate retrospectively the dialysis patients with
      acute hepatitis C who did not receive intervention as the reference.
    </textblock>
  </brief_summary>
  <detailed_description>
    <textblock>
      Chronic viral hepatitis is common in dialysis patients, with the reported prevalence and
      annual incidence of 3-80% and 2.9%, respectively. The high incidence and prevalence in thse
      patients are attributed to potential nosocomial exposure to hepatitis C virus during
      dialysis, resulting in high rates of acute hepatitis C virus infection. It is estimated that
      about 65-80% of the patients who have acute hepatitis C will evolve to chronic infection,
      leading to chronic hepatitis, cirrhosis, hepatic decompensation, and hepatocellular
      carcinoma (HCC). Currently, interferon and pegylated interferon monotherapy remains
      effective to treat acute hepatitis C in ordinary patients, with the sustained virologic
      response (SVR) rates ranging from 65-90% after 12-24 weeks of therapy. However, few data
      regarding the efficacy and safety of interferon-based monotherapy is known till now.
      Treatment of weekly 135 pegylated interferon alfa-2a has shown superior safety to thrice
      weekly 3 million unit (MU) standard interferon alfa-2a for dialysis patients with chronic
      hepatitis C. Under the excellent safety profiles of treating dialysis patients with low dose
      pegylated interferon alfa-2a, we aimed to evaluate the efficacy of weekly 135 ug pegylated
      interferon alfa-2a for a total of 24 weeks for dialysis patients with acute hepatitis C, and
      also evaluate the SVR rate by retrospective chart review for dialysis patients with acute
      hepatitis C who did not receive interferon-based therapy to evaluate if early intervention
      for these patients will improve overall disease outcome.
    </textblock>
  </detailed_description>
  <overall_status>Completed</overall_status>
  <start_date>July 2005</start_date>
  <completion_date type="Actual">June 2008</completion_date>
  <primary_completion_date type="Actual">June 2008</primary_completion_date>
  <phase>Phase 4</phase>
  <study_type>Interventional</study_type>
  <study_design>Allocation: Non-Randomized, Endpoint Classification: Efficacy Study, Intervention Model: Single Group Assignment, Masking: Open Label, Primary Purpose: Treatment</study_design>
  <primary_outcome>
    <measure>Sustained virologic response (SVR)</measure>
    <time_frame>1.0 year</time_frame>
    <safety_issue>No</safety_issue>
  </primary_outcome>
  <number_of_arms>2</number_of_arms>
  <enrollment type="Actual">42</enrollment>
  <condition>Hepatitis C</condition>
  <arm_group>
    <arm_group_label>Pegylated interferon alfa-2a</arm_group_label>
    <arm_group_type>Experimental</arm_group_type>
    <description>Pegylated interferon alfa-2a 135 ug/week for 24 weeks</description>
  </arm_group>
  <arm_group>
    <arm_group_label>Observation</arm_group_label>
    <arm_group_type>No Intervention</arm_group_type>
    <description>Retrospectively chart review of dialysis patients with acute hepatitis C who did not receive any intervention</description>
  </arm_group>
  <intervention>
    <intervention_type>Drug</intervention_type>
    <intervention_name>Pegylated interferon alfa-2a</intervention_name>
    <description>Pegylated interferon alfa-2a 135 ug/week for 24 weeks</description>
    <arm_group_label>Pegylated interferon alfa-2a</arm_group_label>
    <other_name>Pegylated interferon alfa-2a (Pegasys, Hoffman-La Roche)</other_name>
  </intervention>
  <eligibility>
    <criteria>
      <textblock>
        Inclusion Criteria:

          -  Age 18-65 years old

          -  Creatinine clearance (Ccr) &lt; 10 ml/min/1.73 m2

          -  Anti-HCV (Abbott HCV EIA 2.0, Abbott Diagnostic, Chicago, IL) positive &lt; 6 months
             with defined seroconversion

          -  Detectable serum quantitative HCV-RNA (Cobas Taqman HCV test, version 2, Roche
             Diagnostics) with a dynamic range of 25-391000000 IU/ml

        Exclusion Criteria:

          -  Severe anemia (hemoglobin &lt; 10 g/dL) or hemoglobinopathy

          -  Neutropenia (neutrophil count, &lt;1,500/mm3)

          -  Thrombocytopenia (platelet &lt;90,000/ mm3)

          -  Co-infection with HBV or HIV

          -  Chronic alcohol abuse (daily consumption &gt; 20 g/day)

          -  Autoimmune liver disease

          -  Decompensated liver disease (Child classification B or C)

          -  Neoplastic disease

          -  An organ transplant

          -  Immunosuppressive therapy

          -  Poorly controlled autoimmune diseases, pulmonary diseases, cardiac diseases,
             psychiatric diseases, neurological diseases, diabetes mellitus

          -  Evidence of drug abuse

          -  Unwilling to have contraception

          -  Unwilling to sign inform consent
      </textblock>
    </criteria>
    <gender>Both</gender>
    <minimum_age>18 Years</minimum_age>
    <maximum_age>65 Years</maximum_age>
    <healthy_volunteers>No</healthy_volunteers>
  </eligibility>
  <overall_official>
    <last_name>Chen-Hua Liu, MD</last_name>
    <role>Study Chair</role>
    <affiliation>National Taiwan University Hospital</affiliation>
  </overall_official>
  <overall_official>
    <last_name>Jia-Horng Kao, MD, PhD</last_name>
    <role>Principal Investigator</role>
    <affiliation>National Taiwan University Hospital</affiliation>
  </overall_official>
  <overall_official>
    <last_name>Cheng-Chao Liang, MD</last_name>
    <role>Principal Investigator</role>
    <affiliation>Far Eastern Memorial Hospital</affiliation>
  </overall_official>
  <overall_official>
    <last_name>Shih-Jer Hsu, MD</last_name>
    <role>Principal Investigator</role>
    <affiliation>National Taiwan University Hospital, Yun-Lin Branch</affiliation>
  </overall_official>
  <overall_official>
    <last_name>Hung-Bin Tsai, MD</last_name>
    <role>Principal Investigator</role>
    <affiliation>Buddhist Tzu Chi General Hospital</affiliation>
  </overall_official>
  <overall_official>
    <last_name>Peir-Haur Hung, MD</last_name>
    <role>Principal Investigator</role>
    <affiliation>Chia-Yi Christian Hospital</affiliation>
  </overall_official>
  <location>
    <facility>
      <name>Buddhist Tzu Chi General Hospital</name>
      <address>
        <city>Chiayi</city>
        <country>Taiwan</country>
      </address>
    </facility>
  </location>
  <location>
    <facility>
      <name>Chiayi Christian Hospital</name>
      <address>
        <city>Chiayi</city>
        <country>Taiwan</country>
      </address>
    </facility>
  </location>
  <location>
    <facility>
      <name>National Taiwan University Hospital, Yun-Lin Branch</name>
      <address>
        <city>Douliou</city>
        <country>Taiwan</country>
      </address>
    </facility>
  </location>
  <location>
    <facility>
      <name>Far Eastern Memorial Hospital</name>
      <address>
        <city>Taipei</city>
        <country>Taiwan</country>
      </address>
    </facility>
  </location>
  <location>
    <facility>
      <name>National Taiwan University Hospital</name>
      <address>
        <city>Taipei</city>
        <zip>10002</zip>
        <country>Taiwan</country>
      </address>
    </facility>
  </location>
  <location_countries>
    <country>Taiwan</country>
  </location_countries>
  <verification_date>December 2012</verification_date>
  <lastchanged_date>December 19, 2012</lastchanged_date>
  <firstreceived_date>June 8, 2009</firstreceived_date>
  <responsible_party>
    <responsible_party_type>Sponsor</responsible_party_type>
  </responsible_party>
  <keyword>Hepatitis C</keyword>
  <keyword>Dialysis</keyword>
  <keyword>Interferon</keyword>
  <is_fda_regulated>No</is_fda_regulated>
  <has_expanded_access>No</has_expanded_access>
  <condition_browse>
    <!-- CAUTION:  The following MeSH terms are assigned with an imperfect algorithm  -->
    <mesh_term>Hepatitis</mesh_term>
    <mesh_term>Hepatitis A</mesh_term>
    <mesh_term>Hepatitis C</mesh_term>
  </condition_browse>
  <intervention_browse>
    <!-- CAUTION:  The following MeSH terms are assigned with an imperfect algorithm  -->
    <mesh_term>Interferon-alpha</mesh_term>
    <mesh_term>Interferons</mesh_term>
    <mesh_term>Peginterferon alfa-2a</mesh_term>
  </intervention_browse>
  <!-- Results have not yet been posted for this study                                -->
</clinical_study>
