<?xml version="1.0" encoding="UTF-8"?>
<clinical_study rank="356">
  <!-- This xml conforms to an XML Schema at:
    https://clinicaltrials.gov/ct2/html/images/info/public.xsd
 and an XML DTD at:
    https://clinicaltrials.gov/ct2/html/images/info/public.dtd -->
  <required_header>
    <download_date>ClinicalTrials.gov processed this data on December 13, 2015</download_date>
    <link_text>Link to the current ClinicalTrials.gov record.</link_text>
    <url>https://clinicaltrials.gov/show/NCT00078403</url>
  </required_header>
  <id_info>
    <org_study_id>A5178</org_study_id>
    <secondary_id>10008</secondary_id>
    <nct_id>NCT00078403</nct_id>
  </id_info>
  <brief_title>Pegylated Interferon Alfa-2a Maintenance Therapy and Liver Disease Progression in People Infected With Both HIV and Hepatitis C Virus (HCV)</brief_title>
  <official_title>Suppressive Long-Term Antiviral Management of Hepatitis C Virus (HCV) and HIV-1 Coinfected Subjects (SLAM-C)</official_title>
  <sponsors>
    <lead_sponsor>
      <agency>National Institute of Allergy and Infectious Diseases (NIAID)</agency>
      <agency_class>NIH</agency_class>
    </lead_sponsor>
  </sponsors>
  <source>National Institute of Allergy and Infectious Diseases (NIAID)</source>
  <oversight_info>
    <authority>United States: Food and Drug Administration</authority>
  </oversight_info>
  <brief_summary>
    <textblock>
      Infection with both HIV and hepatitis C virus (HCV) may result in serious and sometimes
      fatal liver disease. The purpose of this study is to test the effectiveness of long-term
      pegylated interferon alfa-2a (PEG-IFN) and ribavirin treatment in slowing liver disease
      progression in people infected with both HIV and HCV.
    </textblock>
  </brief_summary>
  <detailed_description>
    <textblock>
      Rapid progression of liver disease to liver failure has been observed in people coinfected
      with HIV and HCV. This observation appears to be directly related to an increase in the rate
      of fibrotic progression in the liver compared to people infected with HCV alone. PEG-IFN and
      ribavirin are used in standard treatment of HCV. This study will test the effectiveness of
      using PEG-IFN and ribavirin in reducing the rate of liver fibrosis progression in patients
      coinfected with HIV and HCV who cannot lower their HCV viral load to undetectable or who
      cannot maintain their HCV viral load at undetectable.

      Patients will enter Step 1 (also known as Arm A) and will receive 180 mcg PEG-IFN
      subcutaneously once weekly for at least 12 weeks and up to 18 weeks. They will also receive
      1 to 1.2 g/day ribavirin based on weight. Participants may continue to receive Step 1
      treatment to determine if they meet the early viral response criteria based on an evaluation
      at the Week 12 visit. If a participant has less than a 2-log drop in HCV viral load and
      detectable HCV viral load in their blood, participants must discontinue study treatment.
      Those who tolerated Step 1 therapy and have a 2-log or more drop in HCV viral load or have
      undetectable HCV viral load will enter Step 3. Step 2 is closed as of 05/10/07. If a
      participant does not meet the criteria for entry into Step 3, the participant must
      discontinue study treatment and follow procedures for the Step 1 discontinuation. Step 3
      patients will continue their Step 1 treatment for an additional 60 weeks and will be
      followed for 24 weeks after stopping treatment. Due to the closure of Step 2, Step 3
      patients who have a detectable HCV viral load at Week 36 will now stay on Step 3 until the
      end of the study.

      Liver biopsies will be conducted at study entry and at the end of Step 3. Medical history
      assessment, physical exams, and blood collection will be conducted every 4 weeks for
      patients in Steps 1, 2, and 3. Patients will be followed for 72 to 102 weeks, depending on
      their treatment arm assignment.
    </textblock>
  </detailed_description>
  <overall_status>Completed</overall_status>
  <start_date>July 2004</start_date>
  <completion_date type="Actual">February 2009</completion_date>
  <primary_completion_date type="Actual">May 2007</primary_completion_date>
  <phase>Phase 2</phase>
  <study_type>Interventional</study_type>
  <study_design>Allocation: Randomized, Endpoint Classification: Efficacy Study, Intervention Model: Parallel Assignment, Masking: Open Label, Primary Purpose: Treatment</study_design>
  <primary_outcome>
    <measure>Time-scaled Change in Metavir Liver Fibrosis Score (SCMFS)</measure>
    <time_frame>Baseline and at week 72 or premature discontinuation</time_frame>
    <safety_issue>No</safety_issue>
    <description>SCMFS is the difference between the Metavir fibrosis scores of the study exit and study entry liver biopsies where the difference is scaled to one year. The SCMFS assesses the annualized change in the severity of liver fibrosis on a continuous scale from -4.0 Metavir units per year (reduced fibrosis over time, a positive study outcome) to +4.0 Metavir units per year (increased fibrosis over time).</description>
  </primary_outcome>
  <secondary_outcome>
    <measure>Number of Participants With Detectable HCV RNA Viral Load (&gt;= 60 IU/mL)</measure>
    <time_frame>Arms A and B: Weeks 0, 12, 24, 48 and 72; Arm C: Weeks 0, 12, 24, 36, 60, 72, 84</time_frame>
    <safety_issue>No</safety_issue>
    <description>Qualitative plasma HCV viral load was categorized as less than 60 IU/mL vs greater than 60 IU/mL whereas 60 IU/mL is the lower limit of qualitative assay</description>
  </secondary_outcome>
  <secondary_outcome>
    <measure>Time-scaled Change in Ishak Liver Inflammation Score (SCIIS)</measure>
    <time_frame>Baseline and at week 72 or premature discontinuation</time_frame>
    <safety_issue>No</safety_issue>
    <description>Liver biopsies were performed within 42 days prior to randomization between Arms A and B while the participant remained on PEG-IFN plus RBV (=entry biopsy) and again at week 72 or premature study discontinuation (=exit biopsy). SCIIS was defined as the difference between the Ishak inflammation score of the exit biopsy and the Ishak inflammation score of the entry biopsy, where the difference is scaled to one year.</description>
  </secondary_outcome>
  <secondary_outcome>
    <measure>Number of Participants With Anemia</measure>
    <time_frame>Up to 96 weeks</time_frame>
    <safety_issue>Yes</safety_issue>
    <description>Number of participants with anemia by grade (defined by hemoglobin level in grams per deciliter; g/dL). DAIDS Toxicity Grading Table (1992) was used for grading where Grade 1 = hemoglobin of 8 to 9.4 g/dl; Grade 2 = 7 to 7.9 g/dl; Grade 3 = 6.5 to 6.9 g/dl; Grade 4 = below 6.5 g/dl.</description>
  </secondary_outcome>
  <secondary_outcome>
    <measure>Number of Participants With Neutropenia</measure>
    <time_frame>Up to 96 weeks</time_frame>
    <safety_issue>Yes</safety_issue>
    <description>Number of participants with neutropenia by grade (defined by absolute neutrophil count [ANC] per cubic millimeter; mm3). DAIDS Toxicity Grading Table (1992) was used for grading where Grade 1 = ANC of 1000 to 1500 /mm3; Grade 2 = 750 to 999 /mm3; Grade 3 = 500 to 749 /mm3; Grade 4 = below 500 /mm3.</description>
  </secondary_outcome>
  <secondary_outcome>
    <measure>Number of Participants With Thrombocytopenia</measure>
    <time_frame>Up to 96 weeks</time_frame>
    <safety_issue>Yes</safety_issue>
    <description>Number of participants with thrombocytopenia by grade (defined by platelet count per cubic millimeter; mm3). DAIDS Toxicity Grading Table (1992) was used for grading where Grade 1 = platelets of 75,000 to 99,000 /mm3; Grade 2 = 50,000 to 74,999 /mm3; Grade 3 = 20,000 to 49,999 /mm3; Grade 4 = below 20,000 /mm3.</description>
  </secondary_outcome>
  <secondary_outcome>
    <measure>Number of Participants With Depression and/or Other Psychological Events</measure>
    <time_frame>Up to 96 weeks</time_frame>
    <safety_issue>Yes</safety_issue>
    <description>Depression and other psychological events. DAIDS Toxicity Grading Table (1992) was used for grading. The protocol required reporting of depression and other psychological events of Grade 3 or higher or if led to a change in treatment, regardless of grade.</description>
  </secondary_outcome>
  <secondary_outcome>
    <measure>Other High-grade Signs and Symptoms and Laboratory Values</measure>
    <time_frame>Up to 96 Weeks</time_frame>
    <safety_issue>Yes</safety_issue>
    <description>Number of participants with &quot;Other high-grade signs and symptoms and laboratory values. DAIDS Toxicity Grading Table (1992) was used for grading where Grade 1 = transient/mild discomfort, no limitation in activity, no medical intervention; Grade 2 = mild/moderate limitation in activity, some assistance, no/minimal medical intervention; Grade 3 = marked limitation in activity, some assistance, medical intervention required); Grade 4 = extreme limitation in activity, significant medical intervention, assistance, hospitalization.</description>
  </secondary_outcome>
  <secondary_outcome>
    <measure>Number of Participants With Dose Modifications, Temporary Stops, and Premature Treatment Discontinuations</measure>
    <time_frame>Up to 96 Weeks</time_frame>
    <safety_issue>No</safety_issue>
    <description>3-level categorical of the worst of 1) premature treatment discontinuation, 2) temporary stop or 3) dose reduction. For Arm C, the worst for either PEG-IFN or RBV is summarized.</description>
  </secondary_outcome>
  <secondary_outcome>
    <measure>Symptom Distress</measure>
    <time_frame>Arms A and B: at entry and weeks 12, 24, 48 and 72. Arm C: at entry and weeks 12, 24, 48, 60, 84.</time_frame>
    <safety_issue>No</safety_issue>
    <description>Will never be posted. Additional endpoint for supportive/exploratory analyses that may be defined in more detail in separate analysis plans.</description>
  </secondary_outcome>
  <secondary_outcome>
    <measure>Quality of Life</measure>
    <time_frame>Arms A and B: at entry and weeks 12, 24, 48 and 72. Arm C: at entry and weeks 12, 24, 48, 60, 84.</time_frame>
    <safety_issue>No</safety_issue>
    <description>Will never be posted. Additional endpoint for supportive/exploratory analyses that may be defined in more detail in separate analysis plans.</description>
  </secondary_outcome>
  <secondary_outcome>
    <measure>Number of Participants Adherent to Study Medications</measure>
    <time_frame>Arm A: at weeks 12, 24, 48 and 72. Arm C: at entry and weeks 12, 24, 48, 60.</time_frame>
    <safety_issue>No</safety_issue>
    <description>A categorical variable with levels adherent and non-adherent based on participants' self report. For Arm A, adherence was defined as not missing PEG within 2 weeks of visit. For Arm C, adherence was defined as not missing any PEG within 2 weeks of visit and not missing RBV within 4 days of visit.</description>
  </secondary_outcome>
  <secondary_outcome>
    <measure>HCV Polymorphisms</measure>
    <time_frame>Entry and week 72</time_frame>
    <safety_issue>No</safety_issue>
    <description>Will never be posted due to premature closure of Arms A and B with insufficient subjects for analysis.</description>
  </secondary_outcome>
  <secondary_outcome>
    <measure>HCV-specific Immune Response in Intrahepatic Lymphocytes</measure>
    <time_frame>Entry and week 72</time_frame>
    <safety_issue>No</safety_issue>
    <description>Will never be posted due to premature closure of Arms A and B with insufficient subjects for analysis.</description>
  </secondary_outcome>
  <secondary_outcome>
    <measure>Noninvasive Measures of Liver Fibrosis, Including Alanine Aminotransferase (ALT), Aspartate Aminotransferase (AST), Bilirubin, Albumin, and Protein Measurements</measure>
    <time_frame>Entry and week 72</time_frame>
    <safety_issue>No</safety_issue>
    <description>Will never be posted due to premature closure of Arms A and B with insufficient subjects for analysis.</description>
  </secondary_outcome>
  <secondary_outcome>
    <measure>Number of Participants With Undetectable HIV Viral Load (&lt;50 Copies/mL)</measure>
    <time_frame>Arms A and B: Weeks 0, 24, 48 and 72; Arm C: Weeks 0, 12, 24, 36, 48, 60, 72, 84</time_frame>
    <safety_issue>No</safety_issue>
    <description>A blood sample was drawn to determine the HIV-1 viral load. HIV-1 viral load was categorized as &lt;50 copies/mL (undetectable) or &gt;=50 copies/mL (detectable). 50 is the lower limit of detection of the assay.</description>
  </secondary_outcome>
  <secondary_outcome>
    <measure>Metabolic Parameters Including Insulin Resistance, Defined as Fasting Glucose, and Weight.</measure>
    <time_frame>Weight: throughout study. Metabolic parameters: Arms A and B: entry and weeks 24, 48 and 72; Arm C: at entry and at weeks 12, 24, 36, 48, 60, 72 and 84.</time_frame>
    <safety_issue>No</safety_issue>
    <description>Will never be posted. Additional endpoint for supportive/exploratory analyses that may be defined in more detail in separate analysis plans.</description>
  </secondary_outcome>
  <secondary_outcome>
    <measure>Sustained Virologic Response</measure>
    <time_frame>24 weeks after end of treatment</time_frame>
    <safety_issue>No</safety_issue>
    <description>Sustained Virologic Response (SVR) was defined as undetectable HCV viral load (&lt;60 IU/ml) 24 weeks after treatment discontinuation.</description>
  </secondary_outcome>
  <secondary_outcome>
    <measure>Use of Antianorexia Agents, Such as Megestrol and Dronabinol</measure>
    <time_frame>Up to 96 weeks</time_frame>
    <safety_issue>No</safety_issue>
    <description>Use of antianorexia agents, such as megestrol and dronabinol at any time after pre-assignment.</description>
  </secondary_outcome>
  <secondary_outcome>
    <measure>Prescription as Needed of Erythropoietin (EPO), Granulocyte Colony-stimulating Factor (GCSF), and Granulocyte-monocyte Colony-stimulating Factor (GM-CSF)</measure>
    <time_frame>At any time after pre-assignment</time_frame>
    <safety_issue>No</safety_issue>
    <description>Prescription as needed of hematologic adjuvant therapies: erythropoietin (EPO), granulocyte colony-stimulating factor (GCSF), and granulocyte-monocyte colony-stimulating factor (GM-CSF) any time after pre-assignment</description>
  </secondary_outcome>
  <number_of_arms>3</number_of_arms>
  <enrollment type="Actual">338</enrollment>
  <condition>HIV Infections</condition>
  <condition>Hepatitis C</condition>
  <condition>Liver Disease</condition>
  <arm_group>
    <arm_group_label>A: Open Label (OL) (PEG-IFN, RBV); OL Randomized (PEG-IFN)</arm_group_label>
    <arm_group_type>Experimental</arm_group_type>
    <description>At week 12 (end of the initial run-in period - Step 1) participants were found to be HCV RNA positive (HCV RNA &gt; 60 IU/mL) and had less than a 2 log decrease in HCV RNA from Baseline. For Step 2, participants were assigned to the Randomized Open Label (OL) part of the study to receive the pegylated interferon (PEG-IFN) 180 mcg weekly Arm.</description>
  </arm_group>
  <arm_group>
    <arm_group_label>B: OL (PEG-IFN, RBV) then OL Randomized (Observation)</arm_group_label>
    <arm_group_type>Experimental</arm_group_type>
    <description>At week 12 (end of the initial run-in period - Step 1) participants were found to be HCV RNA positive (HCV RNA &gt; 60 IU/mL) and had less than a 2 log decrease in HCV RNA from Baseline. For Step 2, participants were assigned to the Randomized Open Label (OL) part of the study to be followed on the Observation (no treatment) Arm.</description>
  </arm_group>
  <arm_group>
    <arm_group_label>C: OL (PEG-IFN, RBV) then OL (PEG-IFN, RBV)</arm_group_label>
    <arm_group_type>Experimental</arm_group_type>
    <description>At week 12 (end of initial run-in period, Step 1) participants were found to be HCV RNA negative (HCV RNA &lt; 60 IU/mL) or had more than a 2 log decrease in HCV RNA from Baseline. Participants were assigned to remain in the Open Label (OL) part of the study continuing the run-in treatment (PEG-IFN 180 mcg weekly &amp; RBV1-1.2 g/day based on weight). At the beginning of week 36, participants were retested and, if found to be HCV RNA positive (HCV RNA &gt; 60 IU/mL), participants could be randomized to OL PEG-IFN or Observation.</description>
  </arm_group>
  <intervention>
    <intervention_type>Drug</intervention_type>
    <intervention_name>Peginterferon alfa-2a</intervention_name>
    <description>180 mcg PEG-IFN subcutaneously</description>
    <arm_group_label>A: Open Label (OL) (PEG-IFN, RBV); OL Randomized (PEG-IFN)</arm_group_label>
    <arm_group_label>B: OL (PEG-IFN, RBV) then OL Randomized (Observation)</arm_group_label>
    <arm_group_label>C: OL (PEG-IFN, RBV) then OL (PEG-IFN, RBV)</arm_group_label>
  </intervention>
  <intervention>
    <intervention_type>Drug</intervention_type>
    <intervention_name>Ribavirin</intervention_name>
    <description>One tablet or capsule containing ribavirin 200 mg</description>
    <arm_group_label>A: Open Label (OL) (PEG-IFN, RBV); OL Randomized (PEG-IFN)</arm_group_label>
    <arm_group_label>B: OL (PEG-IFN, RBV) then OL Randomized (Observation)</arm_group_label>
    <arm_group_label>C: OL (PEG-IFN, RBV) then OL (PEG-IFN, RBV)</arm_group_label>
  </intervention>
  <eligibility>
    <criteria>
      <textblock>
        Note: Step 2 of this study is now closed. Liver biopsies in preparation for Step 2 will no
        longer be performed.

        Inclusion Criteria for Step 1:

          -  HIV infected

          -  Stable antiretroviral therapy for at least 8 weeks prior to study entry OR have not
             received any antiretroviral therapy for at least 4 weeks prior to entry

          -  HIV viral load less than 50,000 copies/ml within 6 weeks prior to study entry

          -  CD4 count greater than 200 cells/mm3 within 6 weeks prior to study entry

          -  Hepatitis C virus (HCV) infected

          -  Either HCV treatment naive OR previously treated with interferon (IFN), PEG-IFN, IFN
             and ribavirin, or PEG-IFN and ribavirin for at least 12 weeks and are HCV RNA
             positive following their last course of HCV treatment

          -  Chronic liver disease consistent with chronic viral hepatitis

          -  At least stage I fibrosis on a liver biopsy obtained within 104 weeks of study entry

          -  If at stage VI fibrosis, Child-Pugh-Turcotte (CPT) score of 5 or less and no more
             than Child-Pugh Class A

          -  Liver enzyme (alanine aminotransferase [ALT], aspartate aminotransferase [AST], and
             alkaline phosphatase) levels 10 times or less than upper limit of normal

          -  Agree to use acceptable methods of contraception

        Inclusion Criteria for Step 3:

          -  Currently enrolled in Step 1

          -  Undetectable HCV RNA or a 2-log or greater decrease in plasma/serum HCV viral load.

          -  On Step 1 study treatment for longer than 18 weeks

        Exclusion Criteria for Steps 1 and 3:

          -  Have received HCV treatment within 4 weeks of study entry. Participants currently
             receiving treatment for HCV may be considered for Step 3 entry.

          -  Discontinuous treatment with PEG-IFN, defined as missing 3 or more consecutive
             PEG-IFN doses during the first 12 weeks or a total of 5 doses prior to Step 3 entry.
             Participants who have missed doses of ribavirin will not be excluded from Step 3
             entry.

          -  Use of granulocyte colony-stimulating factor (G-CSF) or granulocyte-macrophage
             colony-stimulating factor (GM-CSF) within 14 days prior to study entry

          -  Alpha feto protein level 400 ng/ml or greater within 24 weeks prior to study entry,
             or alpha feto protein level greater than 50 ng/ml and less than 400 ng/ml (unless
             computed tomography [CT] scan or magnetic resonance imaging [MRI] shows no evidence
             of hepatic tumor) within 24 weeks prior to study entry

          -  Decompensated liver disease, including presence or history of ascites, variceal
             bleeding, and brain or nervous system damage as a result of liver damage

          -  Other causes of significant liver disease, including hepatitis A or B, excess iron
             deposits in the liver (hemochromatosis), or homozygote alpha-1 antitrypsin deficiency

          -  Use of systemic corticosteroids, interferon gamma, TNF-alpha inhibitors, rifampin,
             rifabutin, pyrazinamide, isoniazid, ganciclovir, or hydroxyurea within 2 weeks prior
             to study entry

          -  Known allergy/sensitivity to PEG-IFN alfa-2a or ribavirin or their formulations

          -  History of uncontrolled seizure disorders

          -  Clinically active thyroid disease. Thyroid hormone replacement therapy is permitted,
             but thyroid-stimulating hormone (TSH) and free thyroxine index (FTI) must be in
             normal range.

          -  History of autoimmune processes, including Crohn's disease, ulcerative colitis,
             severe psoriasis, and rheumatoid arthritis, that may be made worse by interferon use

          -  Any systemic antineoplastic or immunomodulatory treatment or radiation within 24
             weeks prior to study entry

          -  Malignancy

          -  Active coronary artery disease within 24 weeks prior to study entry

          -  Acute or active AIDS-defining opportunistic infections within 12 weeks of study entry

          -  Hemoglobin abnormalities (e.g., thalassemia) or any other cause of or tendency to
             break down red blood cells (hemolysis)

          -  History of major organ transplantation with an existing functional graft

          -  Active drug or alcohol use or dependence that, in the opinion of the investigator,
             would interfere with study adherence

          -  Uncontrolled or active depression or other psychiatric disorder, such as untreated
             Grade 3 psychiatric disorder, medically untreatable Grade 3 disorder, or any
             hospitalization within 52 weeks of study entry that, in the opinion of the
             investigator, may interfere with study requirements

          -  Other serious illness or chronic medical condition that, in the opinion of the
             investigator, may prevent patient's completion of the study

          -  Pregnant or breastfeeding
      </textblock>
    </criteria>
    <gender>Both</gender>
    <minimum_age>18 Years</minimum_age>
    <maximum_age>N/A</maximum_age>
    <healthy_volunteers>No</healthy_volunteers>
  </eligibility>
  <overall_official>
    <last_name>Kenneth E. Sherman, MD, PhD</last_name>
    <role>Study Chair</role>
    <affiliation>University of Cincinnati</affiliation>
  </overall_official>
  <overall_official>
    <last_name>Raymond Chung, MD</last_name>
    <role>Study Chair</role>
    <affiliation>Harvard/Massachusetts General Hospital</affiliation>
  </overall_official>
  <location>
    <facility>
      <name>Alabama Therapeutics CRS</name>
      <address>
        <city>Birmingham</city>
        <state>Alabama</state>
        <zip>35924-2050</zip>
        <country>United States</country>
      </address>
    </facility>
  </location>
  <location>
    <facility>
      <name>UCLA CARE Center CRS</name>
      <address>
        <city>Los Angeles</city>
        <state>California</state>
        <zip>90035</zip>
        <country>United States</country>
      </address>
    </facility>
  </location>
  <location>
    <facility>
      <name>University of Southern California CRS</name>
      <address>
        <city>Los Angeles</city>
        <state>California</state>
        <zip>90033-1079</zip>
        <country>United States</country>
      </address>
    </facility>
  </location>
  <location>
    <facility>
      <name>Stanford AIDS Clinical Trials Unit CRS</name>
      <address>
        <city>Palo Alto</city>
        <state>California</state>
        <zip>94304-5350</zip>
        <country>United States</country>
      </address>
    </facility>
  </location>
  <location>
    <facility>
      <name>UCSD Antiviral Research Center CRS</name>
      <address>
        <city>San Diego</city>
        <state>California</state>
        <zip>92103</zip>
        <country>United States</country>
      </address>
    </facility>
  </location>
  <location>
    <facility>
      <name>Ucsf Hiv/Aids Crs</name>
      <address>
        <city>San Francisco</city>
        <state>California</state>
        <zip>94110</zip>
        <country>United States</country>
      </address>
    </facility>
  </location>
  <location>
    <facility>
      <name>Santa Clara Valley Med. Ctr.</name>
      <address>
        <city>San Jose</city>
        <state>California</state>
        <zip>95128</zip>
        <country>United States</country>
      </address>
    </facility>
  </location>
  <location>
    <facility>
      <name>University of Colorado Hospital CRS</name>
      <address>
        <city>Aurora</city>
        <state>Colorado</state>
        <zip>80045</zip>
        <country>United States</country>
      </address>
    </facility>
  </location>
  <location>
    <facility>
      <name>Georgetown University CRS (GU CRS)</name>
      <address>
        <city>Washington</city>
        <state>District of Columbia</state>
        <zip>20007</zip>
        <country>United States</country>
      </address>
    </facility>
  </location>
  <location>
    <facility>
      <name>Univ. of Hawaii at Manoa, Leahi Hosp.</name>
      <address>
        <city>Honolulu</city>
        <state>Hawaii</state>
        <zip>96816</zip>
        <country>United States</country>
      </address>
    </facility>
  </location>
  <location>
    <facility>
      <name>Northwestern University CRS</name>
      <address>
        <city>Chicago</city>
        <state>Illinois</state>
        <zip>60611</zip>
        <country>United States</country>
      </address>
    </facility>
  </location>
  <location>
    <facility>
      <name>Indiana Univ. School of Medicine, Infectious Disease Research Clinic</name>
      <address>
        <city>Indianapolis</city>
        <state>Indiana</state>
        <zip>46202-5250</zip>
        <country>United States</country>
      </address>
    </facility>
  </location>
  <location>
    <facility>
      <name>Indiana Univ. School of Medicine, Wishard Memorial</name>
      <address>
        <city>Indianapolis</city>
        <state>Indiana</state>
        <zip>46202-5250</zip>
        <country>United States</country>
      </address>
    </facility>
  </location>
  <location>
    <facility>
      <name>Johns Hopkins University CRS</name>
      <address>
        <city>Baltimore</city>
        <state>Maryland</state>
        <zip>21205</zip>
        <country>United States</country>
      </address>
    </facility>
  </location>
  <location>
    <facility>
      <name>Beth Israel Deaconess Med. Ctr., ACTG CRS</name>
      <address>
        <city>Boston</city>
        <state>Massachusetts</state>
        <zip>02215</zip>
        <country>United States</country>
      </address>
    </facility>
  </location>
  <location>
    <facility>
      <name>Brigham and Women's Hosp. ACTG CRS</name>
      <address>
        <city>Boston</city>
        <state>Massachusetts</state>
        <zip>02115</zip>
        <country>United States</country>
      </address>
    </facility>
  </location>
  <location>
    <facility>
      <name>Massachusetts General Hospital CRS (MGH CRS)</name>
      <address>
        <city>Boston</city>
        <state>Massachusetts</state>
        <zip>02114</zip>
        <country>United States</country>
      </address>
    </facility>
  </location>
  <location>
    <facility>
      <name>Washington University Therapeutics (WT) CRS</name>
      <address>
        <city>St. Louis</city>
        <state>Missouri</state>
        <zip>63110-1010</zip>
        <country>United States</country>
      </address>
    </facility>
  </location>
  <location>
    <facility>
      <name>Univ. of Nebraska Med. Ctr., Durham Outpatient Ctr.</name>
      <address>
        <city>Omaha</city>
        <state>Nebraska</state>
        <zip>68198-9500</zip>
        <country>United States</country>
      </address>
    </facility>
  </location>
  <location>
    <facility>
      <name>Beth Israel Med. Ctr., ACTU</name>
      <address>
        <city>New York</city>
        <state>New York</state>
        <zip>10003</zip>
        <country>United States</country>
      </address>
    </facility>
  </location>
  <location>
    <facility>
      <name>Columbia P&amp;S CRS</name>
      <address>
        <city>New York</city>
        <state>New York</state>
        <zip>10032-3732</zip>
        <country>United States</country>
      </address>
    </facility>
  </location>
  <location>
    <facility>
      <name>NY Univ. HIV/AIDS CRS</name>
      <address>
        <city>New York</city>
        <state>New York</state>
        <zip>10016</zip>
        <country>United States</country>
      </address>
    </facility>
  </location>
  <location>
    <facility>
      <name>Weill Cornell Chelsea CRS</name>
      <address>
        <city>New York</city>
        <state>New York</state>
        <zip>10011</zip>
        <country>United States</country>
      </address>
    </facility>
  </location>
  <location>
    <facility>
      <name>Weill Cornell Uptown CRS</name>
      <address>
        <city>New York</city>
        <state>New York</state>
        <zip>10021</zip>
        <country>United States</country>
      </address>
    </facility>
  </location>
  <location>
    <facility>
      <name>McCree McCuller Wellness Ctr. at the Connection, Infectious Disease Unit</name>
      <address>
        <city>Rochester</city>
        <state>New York</state>
        <zip>14642</zip>
        <country>United States</country>
      </address>
    </facility>
  </location>
  <location>
    <facility>
      <name>Trillium Health ACTG CRS</name>
      <address>
        <city>Rochester</city>
        <state>New York</state>
        <zip>14607</zip>
        <country>United States</country>
      </address>
    </facility>
  </location>
  <location>
    <facility>
      <name>Univ. of Rochester ACTG CRS</name>
      <address>
        <city>Rochester</city>
        <state>New York</state>
        <zip>14642</zip>
        <country>United States</country>
      </address>
    </facility>
  </location>
  <location>
    <facility>
      <name>Chapel Hill CRS</name>
      <address>
        <city>Chapel Hill</city>
        <state>North Carolina</state>
        <zip>27599</zip>
        <country>United States</country>
      </address>
    </facility>
  </location>
  <location>
    <facility>
      <name>Cincinnati CRS</name>
      <address>
        <city>Cincinnati</city>
        <state>Ohio</state>
        <zip>45267-0405</zip>
        <country>United States</country>
      </address>
    </facility>
  </location>
  <location>
    <facility>
      <name>MetroHealth CRS</name>
      <address>
        <city>Cleveland</city>
        <state>Ohio</state>
        <zip>44109</zip>
        <country>United States</country>
      </address>
    </facility>
  </location>
  <location>
    <facility>
      <name>Univ. of Pennsylvania Health System, Presbyterian Med. Ctr.</name>
      <address>
        <city>Philadelphia</city>
        <state>Pennsylvania</state>
        <zip>19104</zip>
        <country>United States</country>
      </address>
    </facility>
  </location>
  <location>
    <facility>
      <name>University of Pittsburgh CRS</name>
      <address>
        <city>Pittsburgh</city>
        <state>Pennsylvania</state>
        <zip>15213</zip>
        <country>United States</country>
      </address>
    </facility>
  </location>
  <location>
    <facility>
      <name>The Miriam Hospital Clinical Research Site (TMH CRS) CRS</name>
      <address>
        <city>Providence</city>
        <state>Rhode Island</state>
        <zip>02906</zip>
        <country>United States</country>
      </address>
    </facility>
  </location>
  <location>
    <facility>
      <name>Vanderbilt Therapeutics (VT) CRS</name>
      <address>
        <city>Nashville</city>
        <state>Tennessee</state>
        <zip>37204</zip>
        <country>United States</country>
      </address>
    </facility>
  </location>
  <location>
    <facility>
      <name>Univ. of Texas Southwestern Med. Ctr., Amelia Court Continuity Clinic</name>
      <address>
        <city>Dallas</city>
        <state>Texas</state>
        <zip>75235-9173</zip>
        <country>United States</country>
      </address>
    </facility>
  </location>
  <location>
    <facility>
      <name>Univ. of Texas Medical Branch, ACTU</name>
      <address>
        <city>Galveston</city>
        <state>Texas</state>
        <zip>77555-0435</zip>
        <country>United States</country>
      </address>
    </facility>
  </location>
  <location>
    <facility>
      <name>Puerto Rico AIDS Clinical Trials Unit CRS</name>
      <address>
        <city>San Juan</city>
        <zip>00935</zip>
        <country>Puerto Rico</country>
      </address>
    </facility>
  </location>
  <location_countries>
    <country>Puerto Rico</country>
    <country>United States</country>
  </location_countries>
  <link>
    <url>http://aidsinfo.nih.gov/DrugsNew/DrugDetailNT.aspx?MenuItem=Drugs&amp;Search=On&amp;int_id=336</url>
    <description>Click here for more information about peginterferon alfa-2</description>
  </link>
  <link>
    <url>http://aidsinfo.nih.gov/DrugsNew/DrugDetailNT.aspx?MenuItem=Drugs&amp;Search=On&amp;int_id=28</url>
    <description>Click here for more information about ribavirin</description>
  </link>
  <link>
    <url>http://aidsinfo.nih.gov/clinicaltrials/htmltrials_sp.asp?an=1501</url>
    <description>Haga clic aquí para ver información sobre este ensayo clínico en español.</description>
  </link>
  <reference>
    <citation>Bräu N. Treatment of chronic hepatitis C in human immunodeficiency virus/hepatitis C virus-coinfected patients in the era of pegylated interferon and ribavirin. Semin Liver Dis. 2005 Feb;25(1):33-51. Review.</citation>
    <PMID>15731996</PMID>
  </reference>
  <reference>
    <citation>Borgia G, Reynaud L, Gentile I, Piazza M. HIV and hepatitis C virus: facts and controversies. Infection. 2003 Aug;31(4):232-40. Review.</citation>
    <PMID>14562947</PMID>
  </reference>
  <reference>
    <citation>Khalili M, Bernstein D, Lentz E, Barylski C, Hoffman-Terry M. Pegylated interferon alpha-2a with or without ribavirin in HCV/HIV coinfection: partially blinded, randomized multicenter trial. Dig Dis Sci. 2005 Jun;50(6):1148-55.</citation>
    <PMID>15986873</PMID>
  </reference>
  <reference>
    <citation>Neau D, Trimoulet P, Winnock M, Rullier A, Le Bail B, Lacoste D, Ragnaud JM, Bioulac-Sage P, Lafon ME, Chêne G, Dupon M; ROCO Study Group. Comparison of 2 regimens that include interferon-alpha-2a plus ribavirin for treatment of chronic hepatitis C in human immunodeficiency virus-coinfected patients. Clin Infect Dis. 2003 Jun 15;36(12):1564-71. Epub 2003 Jun 3.</citation>
    <PMID>12802757</PMID>
  </reference>
  <reference>
    <citation>Torriani FJ, Ribeiro RM, Gilbert TL, Schrenk UM, Clauson M, Pacheco DM, Perelson AS. Hepatitis C virus (HCV) and human immunodeficiency virus (HIV) dynamics during HCV treatment in HCV/HIV coinfection. J Infect Dis. 2003 Nov 15;188(10):1498-507. Epub 2003 Nov 13.</citation>
    <PMID>14624375</PMID>
  </reference>
  <reference>
    <citation>Torriani FJ, Rodriguez-Torres M, Rockstroh JK, Lissen E, Gonzalez-García J, Lazzarin A, Carosi G, Sasadeusz J, Katlama C, Montaner J, Sette H Jr, Passe S, De Pamphilis J, Duff F, Schrenk UM, Dieterich DT; APRICOT Study Group. Peginterferon Alfa-2a plus ribavirin for chronic hepatitis C virus infection in HIV-infected patients. N Engl J Med. 2004 Jul 29;351(5):438-50.</citation>
    <PMID>15282351</PMID>
  </reference>
  <results_reference>
    <citation>Butt AA, Umbleja T, Andersen JW, Chung RT, Sherman KE; ACTG A5178 Study Team. The incidence, predictors and management of anaemia and its association with virological response in HCV / HIV coinfected persons treated with long-term pegylated interferon alfa 2a and ribavirin. Aliment Pharmacol Ther. 2011 Jun;33(11):1234-44. doi: 10.1111/j.1365-2036.2011.04648.x. Epub 2011 Mar 29.</citation>
    <PMID>21535051</PMID>
  </results_reference>
  <verification_date>August 2014</verification_date>
  <lastchanged_date>August 13, 2014</lastchanged_date>
  <firstreceived_date>February 24, 2004</firstreceived_date>
  <firstreceived_results_date>November 5, 2010</firstreceived_results_date>
  <responsible_party>
    <responsible_party_type>Sponsor</responsible_party_type>
  </responsible_party>
  <keyword>Treatment Experienced</keyword>
  <is_fda_regulated>Yes</is_fda_regulated>
  <is_section_801>Yes</is_section_801>
  <has_expanded_access>No</has_expanded_access>
  <condition_browse>
    <!-- CAUTION:  The following MeSH terms are assigned with an imperfect algorithm  -->
    <mesh_term>Hepatitis</mesh_term>
    <mesh_term>Hepatitis A</mesh_term>
    <mesh_term>Hepatitis C</mesh_term>
    <mesh_term>Liver Diseases</mesh_term>
  </condition_browse>
  <intervention_browse>
    <!-- CAUTION:  The following MeSH terms are assigned with an imperfect algorithm  -->
    <mesh_term>Peginterferon alfa-2a</mesh_term>
  </intervention_browse>
  <!-- Results are available for this study                                           -->
</clinical_study>
