<?xml version="1.0" encoding="UTF-8"?>
<clinical_study rank="65">
  <!-- This xml conforms to an XML Schema at:
    https://clinicaltrials.gov/ct2/html/images/info/public.xsd
 and an XML DTD at:
    https://clinicaltrials.gov/ct2/html/images/info/public.dtd -->
  <required_header>
    <download_date>ClinicalTrials.gov processed this data on December 13, 2015</download_date>
    <link_text>Link to the current ClinicalTrials.gov record.</link_text>
    <url>https://clinicaltrials.gov/show/NCT00104052</url>
  </required_header>
  <id_info>
    <org_study_id>P02538: Part 1</org_study_id>
    <nct_id>NCT00104052</nct_id>
  </id_info>
  <brief_title>Study of PEG-Intron Plus REBETOL in Pediatric Subjects With Chronic Hepatitis C (Study P02538 Part 1)</brief_title>
  <official_title>Assessment of the Safety, Efficacy, Tolerability and Pharmacokinetics of PEG-Intron® Plus REBETOL® in Pediatric Patients With Chronic Hepatitis C</official_title>
  <sponsors>
    <lead_sponsor>
      <agency>Merck Sharp &amp; Dohme Corp.</agency>
      <agency_class>Industry</agency_class>
    </lead_sponsor>
  </sponsors>
  <source>Merck Sharp &amp; Dohme Corp.</source>
  <oversight_info>
    <authority>United States: Food and Drug Administration</authority>
    <has_dmc>Yes</has_dmc>
  </oversight_info>
  <brief_summary>
    <textblock>
      The primary objective is to assess the safety, efficacy and tolerability of the combination
      of PEG-Intron plus REBETOL in pediatric subjects with chronic hepatitis C. The secondary
      objective is to measure the multiple-dose pharmacokinetics of PEG-Intron and REBETOL in
      pediatric subjects with chronic hepatitis C.
    </textblock>
  </brief_summary>
  <detailed_description>
    <textblock>
      This global, multicenter, open-label Phase 3 study will evaluate the safety, efficacy and
      tolerability of PEG-Intron plus REBETOL in previously untreated pediatric subjects, ages 3
      through 17 years, with chronic hepatitis C.
    </textblock>
  </detailed_description>
  <overall_status>Completed</overall_status>
  <start_date>February 2005</start_date>
  <completion_date type="Actual">November 2007</completion_date>
  <primary_completion_date type="Actual">November 2007</primary_completion_date>
  <phase>Phase 3</phase>
  <study_type>Interventional</study_type>
  <study_design>Allocation: Non-Randomized, Endpoint Classification: Efficacy Study, Intervention Model: Single Group Assignment, Masking: Open Label, Primary Purpose: Treatment</study_design>
  <primary_outcome>
    <measure>Number of Participants With a Sustained Virologic Response (SVR) at 24 Weeks Post-treatment</measure>
    <time_frame>Up to 48-week treatment duration. Follow-up of 24 weeks.</time_frame>
    <safety_issue>No</safety_issue>
    <description>SVR is defined as undetectable hepatitis C virus ribonucleic acid (HCV-RNA) at 24 weeks post-treatment</description>
  </primary_outcome>
  <number_of_arms>1</number_of_arms>
  <enrollment type="Actual">107</enrollment>
  <condition>Hepatitis C, Chronic</condition>
  <arm_group>
    <arm_group_label>PEG-Intron alfa 2b (PEG2b) plus REBETOL (RBV)</arm_group_label>
    <arm_group_type>Experimental</arm_group_type>
    <description>PEG2b 1.5 μg/kg/wk given subcutaneously (once weekly) and RBV 400-1200 mg/day by mouth divided in 2 daily doses (administered twice daily with food, dosed 12 hours apart) for 48 weeks. Subjects treated up to 48 weeks and followed for additional 24 weeks after the end of treatment (total of 72 weeks study participation).</description>
  </arm_group>
  <intervention>
    <intervention_type>Biological</intervention_type>
    <intervention_name>peginterferon alfa-2b (PEG2b) (SCH 54031)</intervention_name>
    <description>PEG2b 1.5 μg/kg/wk given subcutaneously (once weekly) for 48 weeks.</description>
    <arm_group_label>PEG-Intron alfa 2b (PEG2b) plus REBETOL (RBV)</arm_group_label>
    <other_name>PEG-Intron (SCH 54031)</other_name>
  </intervention>
  <intervention>
    <intervention_type>Drug</intervention_type>
    <intervention_name>ribavirin (SCH 18908)</intervention_name>
    <description>15 mg/kg/day for up to 48 weeks</description>
    <arm_group_label>PEG-Intron alfa 2b (PEG2b) plus REBETOL (RBV)</arm_group_label>
    <other_name>REBETOL (SCH 18908)</other_name>
  </intervention>
  <eligibility>
    <criteria>
      <textblock>
        Inclusion Criteria:

          -  Children age 3-17 years old

          -  Individuals weighing ≤ 90 kg

          -  Previously untreated children with chronic hepatitis C (HCV RNA qPCR plasma positive)

          -  Individuals with any HCV (hepatitis C virus) genotype

          -  Hematology laboratory results of:

               -  Hemoglobin (HGB) ≥ 11 g/dL for females or ≥ 12g/dL for males,

               -  White Blood Cell Count (WBC) ≥ 3,000/mm^3,

               -  Neutrophils ≥ 1,500/mm^3,

               -  Platelets ≥ 100,000/mm^3

          -  Chemistry laboratory results of:

               -  Normal Thyroid Stimulating Hormone (TSH), albumin, creatinine, and Bilirubin,

               -  Antinuclear antibody (ANA) ≤ 1:160,

               -  Fasting Glucose 70-140 mg/dL. Note: If glucose levels are between 116-140 mg/dL
                  or an individual has diabetes, HbA1C must be ≤ 8.5%

          -  Compensated liver disease

          -  Historic or pre-treatment liver biopsy slides available

          -  No significant co-existing psychiatric disease

          -  Those with diabetes, hypertension, or birth prior to 32 weeks gestational age must
             have normal eye exams and retinal photographs (these will be done as part of the
             study before hepatitis C treatment is given)

          -  Patients and partners of patients willing to use adequate contraception during the
             course of the study

          -  Abstain from alcohol and any other illicit drugs

        Exclusion Criteria:

          -  Serum ALT &gt;10 times the upper limit of normal within the 6 months prior to study

          -  Previous hepatitis C treatment

          -  Children with liver disease not caused by hepatitis C

          -  Most recent liver biopsy is normal

          -  Individuals infected with the hepatitis B virus and/or human immunodeficiency virus
             (HIV)

          -  Known blood disorders such as hemoglobinopathy, coagulopathy, or G6PD deficiency

          -  Known immunodeficiency disorders requiring immunoglobulin therapy

          -  Body organ transplant

          -  Any known or suspected cancer within the past 5 years

          -  Children with chronic pulmonary disease

          -  Individuals who have a medical condition that would likely require systemic steroids

          -  Those with a history of central nervous system (CNS) trauma or seizure disorders

          -  Individuals with pre-existing psychiatric disorders including but not limited to
             moderate to severe depression

          -  Current or previous use of lithium or antipsychotic drugs

          -  Patients with clinically significant electrocardiogram (ECG) abnormalities and/or
             significant cardiovascular dysfunction (e.g., angina, congestive heart failure,
             recent myocardial infarction, uncontrolled hypertension, significant arrhythmia,
             cardiac sequelae from Kawasaki disease, cardiomyopathy, and/or history of congenital
             heart disease)

          -  Insulin-dependent diabetes mellitus or poorly controlled non-insulin dependent
             diabetes mellitus

          -  Immunologically mediated disease (e.g., inflammatory bowel disease [Crohn's disease,
             ulcerative colitis], rheumatoid arthritis, idiopathic thrombocytopenic purpura,
             systemic lupus erythematosus, autoimmune hemolytic anemia, scleroderma, severe
             psoriasis, or symptomatic thyroid disorder)

          -  History of substance abuse, including alcohol (e.g., binge drinking, blackouts),
             intravenous drugs and inhaled drugs

          -  Subjects who have a history of pregnancy or who are pregnant and/or breast feeding.
             Subjects who intend to become pregnant during the study period. Subjects with
             partners who intend to become pregnant during the study period

          -  Subjects with clinically significant retinal abnormalities such as known retinopathy
             of prematurity or other retinopathies
      </textblock>
    </criteria>
    <gender>Both</gender>
    <minimum_age>3 Years</minimum_age>
    <maximum_age>17 Years</maximum_age>
    <healthy_volunteers>No</healthy_volunteers>
  </eligibility>
  <removed_countries>
    <country>Argentina</country>
    <country>Austria</country>
    <country>Chile</country>
    <country>France</country>
    <country>Germany</country>
    <country>Italy</country>
    <country>Puerto Rico</country>
    <country>Spain</country>
    <country>United States</country>
  </removed_countries>
  <verification_date>March 2015</verification_date>
  <lastchanged_date>March 26, 2015</lastchanged_date>
  <firstreceived_date>February 22, 2005</firstreceived_date>
  <firstreceived_results_date>November 14, 2008</firstreceived_results_date>
  <responsible_party>
    <responsible_party_type>Sponsor</responsible_party_type>
  </responsible_party>
  <is_fda_regulated>Yes</is_fda_regulated>
  <is_section_801>No</is_section_801>
  <has_expanded_access>No</has_expanded_access>
  <condition_browse>
    <!-- CAUTION:  The following MeSH terms are assigned with an imperfect algorithm  -->
    <mesh_term>Hepatitis</mesh_term>
    <mesh_term>Hepatitis A</mesh_term>
    <mesh_term>Hepatitis C</mesh_term>
    <mesh_term>Hepatitis C, Chronic</mesh_term>
    <mesh_term>Hepatitis, Chronic</mesh_term>
  </condition_browse>
  <intervention_browse>
    <!-- CAUTION:  The following MeSH terms are assigned with an imperfect algorithm  -->
    <mesh_term>Peginterferon alfa-2b</mesh_term>
    <mesh_term>Ribavirin</mesh_term>
  </intervention_browse>
  <!-- Results are available for this study                                           -->
</clinical_study>
