<?xml version="1.0" encoding="UTF-8"?>
<clinical_study rank="125">
  <!-- This xml conforms to an XML Schema at:
    https://clinicaltrials.gov/ct2/html/images/info/public.xsd
 and an XML DTD at:
    https://clinicaltrials.gov/ct2/html/images/info/public.dtd -->
  <required_header>
    <download_date>ClinicalTrials.gov processed this data on December 13, 2015</download_date>
    <link_text>Link to the current ClinicalTrials.gov record.</link_text>
    <url>https://clinicaltrials.gov/show/NCT00528528</url>
  </required_header>
  <id_info>
    <org_study_id>CR013516</org_study_id>
    <secondary_id>VX-950-TIDP24-C208</secondary_id>
    <secondary_id>2007-001044-44</secondary_id>
    <nct_id>NCT00528528</nct_id>
    <nct_alias>NCT00614497</nct_alias>
  </id_info>
  <brief_title>An Open-Label Study of Telaprevir Administered Every 12 or 8 Hours in Combination With One of Two Pegylated Interferons and Ribavirin in Treatment-Naive Genotype 1 Chronic Hepatitis C Participants</brief_title>
  <official_title>A Phase IIa Randomized, Open-Label Study of Telaprevir (VX-950) Administered Every 12 or Every 8 Hours in Combination With Either Peg-IFN alfa2a (Pegasys) and Ribavirin (Copegus) or Peg-IFN alfa2b (PegIntron) and Ribavirin (Rebetol) in Treatment-Naive Subjects With Chronic Genotype 1 Hepatitis C Infection</official_title>
  <sponsors>
    <lead_sponsor>
      <agency>Tibotec BVBA</agency>
      <agency_class>Industry</agency_class>
    </lead_sponsor>
  </sponsors>
  <source>Tibotec BVBA</source>
  <oversight_info>
    <authority>Austria: Bundesministerium für Gesundheit</authority>
    <authority>Belgium: Ministerie van Volksgezondheid - Directoraat Generaal Bescherming Volksgezondheid: geneesmiddelen</authority>
    <authority>France: Agence Française de Sécurité Sanitaire des Produits de Santé</authority>
    <authority>Germany: Bundesinstitut für Arzneimittel und Medizinprodukte (BfArM) / Federal Institute for Drugs and Medical Devices</authority>
    <authority>Italy: Agenzia Italiana del Farmaco</authority>
    <authority>Netherlands: Centrale Commissie Mensgebonden Onderzoek (CCMO)</authority>
    <authority>Spain: Ministerio de Sanidad y Consumo - Agencia Espanola de Medicamentos y Productos Sanitarios</authority>
    <has_dmc>No</has_dmc>
  </oversight_info>
  <brief_summary>
    <textblock>
      The purpose of this study is to explore the efficacy, safety, tolerability, pharmacokinetics
      (the study of the way a drug enters and leaves the blood and tissues over time), and
      pharmacokinetic-pharmacodynamic relationships of telaprevir administered in two different
      doses in combination with two standard therapies commercially available for chronic (lasting
      a long time) genotype 1 Hepatitis (inflammation of the liver) C virus (HCV) infection.
    </textblock>
  </brief_summary>
  <detailed_description>
    <textblock>
      This is a Phase 2a, open-label (all people know the identity of the intervention),
      multicenter trial (conducted in more than one center) in participants with chronic genotype
      1 HCV infection. The trial consists of a Screening phase of approximately 4 weeks, a
      treatment phase up to 48 weeks depending on participants' individual virologic response, and
      a follow-up phase of at least 24 weeks. All participants will receive 12 weeks of telaprevir
      treatment in combination with standard therapy. At Week 12, telaprevir dosing will end and
      participants will continue on standard therapy only. Participants will be randomly assigned
      to receive one of the two different dosage regimens of telaprevir (750 milligram [mg] every
      8 hours (hr), or 1125 mg every 12 hr) in combination with standard therapy (pegylated
      interferon [Peg-IFN]-alfa-2a and ribavirin [RBV] or Peg-IFN-alfa-2b and RBV at the standard
      doses). Efficacy will be evaluated by HCV Ribonucleic Acid (RNA) values, viral response,
      viral breakthrough, partial response, early viral kinetics and sustained viral response.
      Pharmacokinetics, Pharmacokinetic-pharmacodynamic relationship will also be evaluated.
      Safety will be monitored throughout the study duration.
    </textblock>
  </detailed_description>
  <overall_status>Completed</overall_status>
  <start_date>October 2007</start_date>
  <completion_date type="Actual">August 2009</completion_date>
  <primary_completion_date type="Actual">July 2009</primary_completion_date>
  <phase>Phase 2</phase>
  <study_type>Interventional</study_type>
  <study_design>Allocation: Randomized, Endpoint Classification: Safety/Efficacy Study, Intervention Model: Parallel Assignment, Masking: Open Label, Primary Purpose: Treatment</study_design>
  <primary_outcome>
    <measure>Percentage of Participants With Virologic Response at Week 12</measure>
    <time_frame>End of treatment (EOT) (up to Week 48)</time_frame>
    <safety_issue>No</safety_issue>
    <description>Virologic response was either defined as having undetectable Hepatitis C Virus (HCV) ribonucleic acid (RNA) (i.e., no HCV RNA was detected in the participants' plasma samples) or less than 25 international units/milliliter (IU/mL) HCV RNA (i.e., the participants' plasma samples contained traces of HCV RNA at a concentration below the limit of quantification of the viral load assay or no HCV RNA was detected in the samples).</description>
  </primary_outcome>
  <secondary_outcome>
    <measure>Time to First Undetectable Hepatitis C Virus (HCV) Ribonucleic Acid (RNA) Level</measure>
    <time_frame>Baseline (Day 1) up to EOT (up to Week 48)</time_frame>
    <safety_issue>No</safety_issue>
    <description>Virologic response was either defined as having undetectable HCV RNA (i.e., no HCV RNA was detected in the participants' plasma samples) or less than 25 IU/mL HCV RNA (i.e., the participants' plasma samples contained traces of HCV RNA at a concentration below the limit of quantification of the viral load assay or no HCV RNA was detected in the samples).</description>
  </secondary_outcome>
  <secondary_outcome>
    <measure>Number of Participants With Viral Breakthrough at End of Treatment (EOT)</measure>
    <time_frame>EOT (up to Week 48)</time_frame>
    <safety_issue>No</safety_issue>
    <description>Viral breakthrough was defined as a confirmed increase of more than 1 log 10 in HCV RNA level from the lowest level reached or a confirmed value of HCV RNA more than 100 IU/mL in participants whose HCV RNA was previously less than 25 IU/mL.</description>
  </secondary_outcome>
  <secondary_outcome>
    <measure>Percentage of Participants With Partial Response</measure>
    <time_frame>Baseline (Day 1) up to EOT (up to Week 48)</time_frame>
    <safety_issue>No</safety_issue>
    <description>Partial response was defined as having at least 2 log drop in HCV RNA from Baseline, but not having undetectable HCV RNA (i.e., no HCV RNA is detected in the participants' plasma samples).</description>
  </secondary_outcome>
  <secondary_outcome>
    <measure>Change From Baseline in Log 10-Hepatitis C Virus (HCV) Ribonucleic Acid (RNA) Values at Week 12</measure>
    <time_frame>Baseline (pre-dose), Week 12</time_frame>
    <safety_issue>No</safety_issue>
    <description>Change from baseline in log 10 of Plasma HCV RNA levels were measured using the COBAS TaqMan HCV test (lower limit of quantification 25 IU/mL). The assay used real-time reverse transcription - polymerase chain reaction (RT-PCR) methodology. HCV RNA samples were taken pre-dose of Peg-IFN administration.</description>
  </secondary_outcome>
  <secondary_outcome>
    <measure>Change From Baseline in Log 10-Hepatitis C Virus (HCV) Ribonucleic Acid (RNA) Values at End of Treatment (EOT)</measure>
    <time_frame>Baseline (pre-dose), EOT (up to Week 48)</time_frame>
    <safety_issue>No</safety_issue>
    <description>Change from baseline in log 10 of Plasma HCV RNA levels were measured using the COBAS TaqMan HCV test (lower limit of quantification 25 IU/mL). The assay used real-time reverse transcription - polymerase chain reaction (RT-PCR) methodology.</description>
  </secondary_outcome>
  <secondary_outcome>
    <measure>Percentage of Participants With Sustained Viral Response 24 Weeks After End of Treatment (SVR24)</measure>
    <time_frame>EOT (up to Week 48) and up to 24 weeks after EOT</time_frame>
    <safety_issue>No</safety_issue>
    <description>SVR24 was defined as having undetectable HCV RNA (i.e., no HCV RNA is detected in the participants' plasma samples) at EOT and no confirmed detectable HCV RNA levels between EOT and 24 weeks after the last dose of study medication.</description>
  </secondary_outcome>
  <number_of_arms>4</number_of_arms>
  <enrollment type="Actual">166</enrollment>
  <condition>Chronic Hepatitis C</condition>
  <arm_group>
    <arm_group_label>Telaprevir 750 mg with Peg-IFN-alfa-2a/RBV tablet</arm_group_label>
    <arm_group_type>Experimental</arm_group_type>
    <description>Telaprevir tablets at the dose of 750 milligram (mg) orally administered every 8 hours (hr) for 12 weeks, in combination with standard treatment composed of pegylated interferon (Peg-IFN)-alfa-2a solution for subcutaneous injection at the dose of 180 microgram per week (mcg/week) and ribavirin (RBV) oral tablets at the dose of 1000-1200 mg/day up to 48 weeks.</description>
  </arm_group>
  <arm_group>
    <arm_group_label>Telaprevir 750 mg with Peg-IFN-alfa-2b/RBV capsule</arm_group_label>
    <arm_group_type>Experimental</arm_group_type>
    <description>Telaprevir tablets at the dose of 750 mg orally administered every 8 hr for 12 weeks, in combination with standard treatment composed of Peg-IFN-alfa-2b solution for subcutaneous injection at the dose of 1.5 mcg/kilogram/week (mcg/kg/week) and RBV oral capsules at the dose of 800-1200 mg/day up to 48 weeks.</description>
  </arm_group>
  <arm_group>
    <arm_group_label>Telaprevir 1125 mg with Peg-IFN-alfa-2a/RBV tablet</arm_group_label>
    <arm_group_type>Experimental</arm_group_type>
    <description>Telaprevir tablets at the dose of 1125 mg orally administered every 12 hr for 12 weeks, in combination with standard treatment composed of Peg-IFN-alfa-2a solution for subcutaneous injection at the dose of 180 mcg/week and RBV oral tablets at the dose of 1000-1200 mg/day up to 48 weeks.</description>
  </arm_group>
  <arm_group>
    <arm_group_label>Telaprevir 1125 mg with Peg-IFN-alfa-2b/RBV capsule</arm_group_label>
    <arm_group_type>Experimental</arm_group_type>
    <description>Telaprevir tablets at the dose of 1125 mg orally administered every 12 hr for 12 weeks, in combination with standard treatment composed of Peg-IFN-alfa-2b solution for subcutaneous injection at the dose of 1.5 mcg/kg/week and RBV oral capsules at the dose of 800-1200 mg/day up to 48 weeks.</description>
  </arm_group>
  <intervention>
    <intervention_type>Drug</intervention_type>
    <intervention_name>Telaprevir</intervention_name>
    <description>Oval tablets containing 375 mg of telaprevir for oral administration.</description>
    <arm_group_label>Telaprevir 750 mg with Peg-IFN-alfa-2a/RBV tablet</arm_group_label>
    <arm_group_label>Telaprevir 750 mg with Peg-IFN-alfa-2b/RBV capsule</arm_group_label>
    <arm_group_label>Telaprevir 1125 mg with Peg-IFN-alfa-2a/RBV tablet</arm_group_label>
    <arm_group_label>Telaprevir 1125 mg with Peg-IFN-alfa-2b/RBV capsule</arm_group_label>
  </intervention>
  <intervention>
    <intervention_type>Drug</intervention_type>
    <intervention_name>Peg-IFN-alfa-2a</intervention_name>
    <description>Solution containing Peg-IFN alfa2a for subcutaneous injection in a pre-filled syringe.</description>
    <arm_group_label>Telaprevir 750 mg with Peg-IFN-alfa-2a/RBV tablet</arm_group_label>
    <arm_group_label>Telaprevir 1125 mg with Peg-IFN-alfa-2a/RBV tablet</arm_group_label>
  </intervention>
  <intervention>
    <intervention_type>Drug</intervention_type>
    <intervention_name>Peg-IFN-alfa-2b</intervention_name>
    <description>Powder containing Peg-IFN-alfa-2b and solvent for solution for subcutaneous injection in a pre-filled pen.</description>
    <arm_group_label>Telaprevir 750 mg with Peg-IFN-alfa-2b/RBV capsule</arm_group_label>
    <arm_group_label>Telaprevir 1125 mg with Peg-IFN-alfa-2b/RBV capsule</arm_group_label>
  </intervention>
  <intervention>
    <intervention_type>Drug</intervention_type>
    <intervention_name>Ribavirin (RBV) tablet</intervention_name>
    <description>Tablets containing 200 mg RBV for oral administration.</description>
    <arm_group_label>Telaprevir 750 mg with Peg-IFN-alfa-2a/RBV tablet</arm_group_label>
    <arm_group_label>Telaprevir 1125 mg with Peg-IFN-alfa-2a/RBV tablet</arm_group_label>
  </intervention>
  <intervention>
    <intervention_type>Drug</intervention_type>
    <intervention_name>Ribavirin (RBV) capsule</intervention_name>
    <description>Capsules containing 200 mg RBV for oral administration.</description>
    <arm_group_label>Telaprevir 750 mg with Peg-IFN-alfa-2b/RBV capsule</arm_group_label>
    <arm_group_label>Telaprevir 1125 mg with Peg-IFN-alfa-2b/RBV capsule</arm_group_label>
  </intervention>
  <eligibility>
    <criteria>
      <textblock>
        Inclusion Criteria:

          -  Chronic genotype 1 Hepatitis (inflammation of the liver) C infection

          -  Never been treated for Hepatitis C Viral (HCV) infection

          -  No clinically significant lab abnormalities

          -  Amount of HCV Ribonucleic acid (RNA) in the blood more than 10,000 international
             units/milliliter (IU/mL) at entry

          -  Liver biopsy or &quot;Fibroscan&quot; test performed during screening or in the past 3 years

        Exclusion Criteria:

          -  Contra-indications for starting anti-HCV therapy

          -  History or evidence of liver cirrhosis (serious liver disorder in which connective
             tissue replaces normal liver tissue, and liver failure often occurs) or decompensated
             liver disease

          -  Any evidence of significant liver disease in addition to Hepatitis C

          -  Infected with Human Immunodeficiency Virus (a life-threatening infection which you
             can get from an infected person's blood or from having sex with an infected person)
             or Hepatitis B

          -  Women who are pregnant (carrying an unborn baby), planning to be pregnant or
             breastfeeding or the partner of a woman who is pregnant or breastfeeding
      </textblock>
    </criteria>
    <gender>Both</gender>
    <minimum_age>18 Years</minimum_age>
    <maximum_age>65 Years</maximum_age>
    <healthy_volunteers>No</healthy_volunteers>
  </eligibility>
  <overall_official>
    <last_name>Tibotec-Virco Virology BVBA Clinical Trial</last_name>
    <role>Study Director</role>
    <affiliation>Tibotec BVBA</affiliation>
  </overall_official>
  <location>
    <facility>
      <address>
        <city>Wien</city>
        <country>Austria</country>
      </address>
    </facility>
  </location>
  <location>
    <facility>
      <address>
        <city>Brussels</city>
        <country>Belgium</country>
      </address>
    </facility>
  </location>
  <location>
    <facility>
      <address>
        <city>Bruxelles</city>
        <country>Belgium</country>
      </address>
    </facility>
  </location>
  <location>
    <facility>
      <address>
        <city>Gent</city>
        <country>Belgium</country>
      </address>
    </facility>
  </location>
  <location>
    <facility>
      <address>
        <city>Leuven</city>
        <country>Belgium</country>
      </address>
    </facility>
  </location>
  <location>
    <facility>
      <address>
        <city>Liège</city>
        <country>Belgium</country>
      </address>
    </facility>
  </location>
  <location>
    <facility>
      <address>
        <city>Angers Cedex 9</city>
        <country>France</country>
      </address>
    </facility>
  </location>
  <location>
    <facility>
      <address>
        <city>Clichy</city>
        <country>France</country>
      </address>
    </facility>
  </location>
  <location>
    <facility>
      <address>
        <city>Grenoble</city>
        <country>France</country>
      </address>
    </facility>
  </location>
  <location>
    <facility>
      <address>
        <city>Lille Cedex</city>
        <country>France</country>
      </address>
    </facility>
  </location>
  <location>
    <facility>
      <address>
        <city>Nice</city>
        <country>France</country>
      </address>
    </facility>
  </location>
  <location>
    <facility>
      <address>
        <city>Paris Cedex 12</city>
        <country>France</country>
      </address>
    </facility>
  </location>
  <location>
    <facility>
      <address>
        <city>Paris</city>
        <country>France</country>
      </address>
    </facility>
  </location>
  <location>
    <facility>
      <address>
        <city>Vandoeuvre Les Nancy</city>
        <country>France</country>
      </address>
    </facility>
  </location>
  <location>
    <facility>
      <address>
        <city>Düsseldorf</city>
        <country>Germany</country>
      </address>
    </facility>
  </location>
  <location>
    <facility>
      <address>
        <city>Frankfurt N/A</city>
        <country>Germany</country>
      </address>
    </facility>
  </location>
  <location>
    <facility>
      <address>
        <city>Freiburg</city>
        <country>Germany</country>
      </address>
    </facility>
  </location>
  <location>
    <facility>
      <address>
        <city>Hamburg</city>
        <country>Germany</country>
      </address>
    </facility>
  </location>
  <location>
    <facility>
      <address>
        <city>Hannover</city>
        <country>Germany</country>
      </address>
    </facility>
  </location>
  <location>
    <facility>
      <address>
        <city>Koln</city>
        <country>Germany</country>
      </address>
    </facility>
  </location>
  <location>
    <facility>
      <address>
        <city>Tübingen</city>
        <country>Germany</country>
      </address>
    </facility>
  </location>
  <location>
    <facility>
      <address>
        <city>Leiden</city>
        <country>Netherlands</country>
      </address>
    </facility>
  </location>
  <location>
    <facility>
      <address>
        <city>Nijmegen</city>
        <country>Netherlands</country>
      </address>
    </facility>
  </location>
  <location>
    <facility>
      <address>
        <city>Barcelona</city>
        <country>Spain</country>
      </address>
    </facility>
  </location>
  <location>
    <facility>
      <address>
        <city>Madrid</city>
        <country>Spain</country>
      </address>
    </facility>
  </location>
  <location>
    <facility>
      <address>
        <city>Valencia</city>
        <country>Spain</country>
      </address>
    </facility>
  </location>
  <location_countries>
    <country>Austria</country>
    <country>Belgium</country>
    <country>France</country>
    <country>Germany</country>
    <country>Netherlands</country>
    <country>Spain</country>
  </location_countries>
  <verification_date>June 2014</verification_date>
  <lastchanged_date>June 13, 2014</lastchanged_date>
  <firstreceived_date>September 10, 2007</firstreceived_date>
  <firstreceived_results_date>March 18, 2013</firstreceived_results_date>
  <responsible_party>
    <responsible_party_type>Sponsor</responsible_party_type>
  </responsible_party>
  <keyword>Chronic Hepatitis C</keyword>
  <keyword>Genotype 1</keyword>
  <keyword>Telaprevir</keyword>
  <keyword>Treatment-naïve</keyword>
  <keyword>VX-950-C208</keyword>
  <keyword>VX-950-TiDP24-C208</keyword>
  <is_fda_regulated>No</is_fda_regulated>
  <has_expanded_access>No</has_expanded_access>
  <condition_browse>
    <!-- CAUTION:  The following MeSH terms are assigned with an imperfect algorithm  -->
    <mesh_term>Hepatitis</mesh_term>
    <mesh_term>Hepatitis A</mesh_term>
    <mesh_term>Hepatitis C</mesh_term>
    <mesh_term>Hepatitis C, Chronic</mesh_term>
    <mesh_term>Hepatitis, Chronic</mesh_term>
  </condition_browse>
  <intervention_browse>
    <!-- CAUTION:  The following MeSH terms are assigned with an imperfect algorithm  -->
    <mesh_term>Interferon-alpha</mesh_term>
    <mesh_term>Peginterferon alfa-2a</mesh_term>
    <mesh_term>Peginterferon alfa-2b</mesh_term>
    <mesh_term>Ribavirin</mesh_term>
  </intervention_browse>
  <!-- Results are available for this study                                           -->
</clinical_study>
