<?xml version="1.0" encoding="UTF-8"?>
<clinical_study rank="121">
  <!-- This xml conforms to an XML Schema at:
    https://clinicaltrials.gov/ct2/html/images/info/public.xsd
 and an XML DTD at:
    https://clinicaltrials.gov/ct2/html/images/info/public.dtd -->
  <required_header>
    <download_date>ClinicalTrials.gov processed this data on December 13, 2015</download_date>
    <link_text>Link to the current ClinicalTrials.gov record.</link_text>
    <url>https://clinicaltrials.gov/show/NCT00049842</url>
  </required_header>
  <id_info>
    <org_study_id>P02570</org_study_id>
    <nct_id>NCT00049842</nct_id>
  </id_info>
  <brief_title>Prevention of Disease Progress in Chronic Hepatitis C Patients With Liver Fibrosis (Study P02570AM2)(COMPLETED)</brief_title>
  <official_title>PEG-Intron(TM) Maintenance Therapy vs. an Untreated Control Group for Prevention of Progression of Fibrosis in Adult Subjects With Chronic Hepatitis C With Hepatic Fibrosis (METAVIR Fibrosis Score of F2 or F3), Who Failed Therapy With PEG-Intron Plus REBETOL(R) (in Protocol No. P02370)</official_title>
  <sponsors>
    <lead_sponsor>
      <agency>Merck Sharp &amp; Dohme Corp.</agency>
      <agency_class>Industry</agency_class>
    </lead_sponsor>
  </sponsors>
  <source>Merck Sharp &amp; Dohme Corp.</source>
  <oversight_info>
    <authority>United States: Food and Drug Administration</authority>
    <has_dmc>Yes</has_dmc>
  </oversight_info>
  <brief_summary>
    <textblock>
      The objective of the study is to evaluate the safety and efficacy of PEG-Intron versus no
      treatment for the prevention of fibrosis progression in adult participants with moderate to
      severe liver fibrosis secondary to chronic hepatitis C, who failed PEG-Intron plus Rebetol
      treatment in protocol P02370 (NCT00039871).
    </textblock>
  </brief_summary>
  <overall_status>Completed</overall_status>
  <start_date>October 2002</start_date>
  <completion_date type="Actual">October 2009</completion_date>
  <primary_completion_date type="Actual">October 2009</primary_completion_date>
  <phase>Phase 3</phase>
  <study_type>Interventional</study_type>
  <study_design>Allocation: Randomized, Endpoint Classification: Safety/Efficacy Study, Intervention Model: Parallel Assignment, Masking: Open Label, Primary Purpose: Treatment</study_design>
  <primary_outcome>
    <measure>Fibrosis Response Status (ie, Improvement, no Change, or the Worsening of the Fibrosis Score in Participants With Baseline METAVIR Fibrosis Score of F2 or F3).</measure>
    <time_frame>Baseline to up to Month-36</time_frame>
    <safety_issue>No</safety_issue>
    <description>Definitions:
Fibrosis scoring: F0 (no fibrosis), F1 (stellate enlargement of portal tract without septa formation, F2 (enlargement of portal tract with rare septa formation, F3 (numerous septa without cirrhosis), F4 (cirrhosis).
Improved: Participants whose METAVIR fibrosis score at up to Month-36 decreases by 1 or more units compared to baseline.
No Change: Participants whose METAVIR fibrosis score at up to Month-36 is the same as the baseline score.
Worsened: Participants whose METAVIR fibrosis score at up to Month-36 increases by 1 or more units compared to baseline.</description>
  </primary_outcome>
  <secondary_outcome>
    <measure>Inflammation Response Status (ie, Improvement, no Change, or the Worsening of the METAVIR Activity Score as Compared to Baseline)</measure>
    <time_frame>Baseline to up to Month-36</time_frame>
    <safety_issue>No</safety_issue>
    <description>Activity Scoring: A0 (no histological activity), A1 (minimal activity), A2 (moderate activity), A3 (severe activity), A4 (lobular chronic hepatitis).
Changes in liver inflammation defined as follows:
Improved: Participants whose METAVIR activity score at up to Month-36 decreases by 1 or more units compared to baseline.
No Change: Participants whose METAVIR activity score at up to Month-36 is the same as the baseline score.
Worsened: Participants whose METAVIR activity score at up to Month-36 increases by 1 or more units compared to baseline.</description>
  </secondary_outcome>
  <secondary_outcome>
    <measure>Mean Change From Baseline to up to Month-36 in the METAVIR Fibrosis Score (Using a Continuous Scale)</measure>
    <time_frame>Baseline to up to Month-36</time_frame>
    <safety_issue>No</safety_issue>
    <description>The change of Metavir Fibrosis Score = Metavir Fibrosis Score at up to Month-36 - Metavir Fibrosis Score at Baseline.
Fibrosis scoring: 0 (no fibrosis), 1 (stellate enlargement of portal tract without septa formation, 2 (enlargement of portal tract with rare septa formation, 3 (numerous septa without cirrhosis), 4 (cirrhosis).</description>
  </secondary_outcome>
  <secondary_outcome>
    <measure>The Number of Participants Whose METAVIR Fibrosis Score Did Not Worsen (ie, the Response Status of Improved/no Change) During Treatment Compared to Baseline</measure>
    <time_frame>Baseline to up to Month-36</time_frame>
    <safety_issue>No</safety_issue>
    <description>Definitions:
Fibrosis scoring: F0 (no fibrosis), F1 (stellate enlargement of portal tract without septa formation, F2 (enlargement of portal tract with rare septa formation, F3 (numerous septa without cirrhosis), F4 (cirrhosis).
Improved: Participants whose METAVIR fibrosis score at up to Month-36 decreases by 1 or more units compared to baseline.
No Change: Participants whose METAVIR fibrosis score at up to Month-36 is the same as the baseline score.
Worsened: Participants whose METAVIR fibrosis score at up to Month-36 increases by 1 or more units compared to baseline.</description>
  </secondary_outcome>
  <secondary_outcome>
    <measure>Mean Change in the METAVIR Activity Score (Using a Continuous Scale)</measure>
    <time_frame>Baseline to up to Month-36</time_frame>
    <safety_issue>No</safety_issue>
    <description>The change of Metavir Activity Score = Metavir Activity Score at up to Month-36 - Metavir Activity Score at Baseline.
Activity Scoring: 0 (no histological activity), 1 (minimal activity), 2 (moderate activity), 3 (severe activity), 4 (lobular chronic hepatitis).</description>
  </secondary_outcome>
  <secondary_outcome>
    <measure>Number of Participants With no Worsening (ie, the Response Status of Improved/ no Change) in the METAVIR Activity Score During the Treatment.</measure>
    <time_frame>Baseline to up to Month-36</time_frame>
    <safety_issue>No</safety_issue>
    <description>Definitions:
Activity Scoring: A0 (no histological activity), A1 (minimal activity), A2 (moderate activity), A3 (severe activity), A4 (lobular chronic hepatitis).
Improved: Participants whose METAVIR activity score at up to Month-36 decreases by 1 or more units compared to baseline.
No Change: Participants whose METAVIR activity score at up to Month-36 is the same as the baseline score.
Worsened: Participants whose METAVIR activity score at up to Month-36 increases by 1 or more units compared to baseline.</description>
  </secondary_outcome>
  <number_of_arms>2</number_of_arms>
  <enrollment type="Actual">540</enrollment>
  <condition>Chronic Hepatitis C</condition>
  <condition>Liver Fibrosis</condition>
  <arm_group>
    <arm_group_label>PEG-Intron (peginterferon alfa-2b) 0.5 µg/kg Weekly (QW)</arm_group_label>
    <arm_group_type>Experimental</arm_group_type>
    <description>PEG-Intron 0.5 µg/kg Weekly (QW) subcutaneously (SC) as maintenance therapy for 36 months with 4-week follow-up</description>
  </arm_group>
  <arm_group>
    <arm_group_label>Untreated Control</arm_group_label>
    <arm_group_type>No Intervention</arm_group_type>
  </arm_group>
  <intervention>
    <intervention_type>Biological</intervention_type>
    <intervention_name>peginterferon alfa-2b (SCH 54031)</intervention_name>
    <description>0.5 µg/kg Weekly QW SC for 36 months</description>
    <arm_group_label>PEG-Intron (peginterferon alfa-2b) 0.5 µg/kg Weekly (QW)</arm_group_label>
  </intervention>
  <eligibility>
    <criteria>
      <textblock>
        Inclusion Criteria:

          -  Age at entry in study P02370 (NCT00039871) 18-65 years;

          -  Nonresponder to PEG-Intron plus Rebetol in study P02370

        Exclusion Criteria:

          -  Participants who did not participate in the P02370 study.

          -  Any medical condition, including but not limited to decompensated liver disease,
             malignancy or substance abuse, that developed during the P02370 study which could
             interfere with the participant's participation in and completion of this study.
      </textblock>
    </criteria>
    <gender>Both</gender>
    <minimum_age>18 Years</minimum_age>
    <maximum_age>65 Years</maximum_age>
    <healthy_volunteers>No</healthy_volunteers>
  </eligibility>
  <removed_countries>
    <country>Argentina</country>
    <country>Australia</country>
    <country>Austria</country>
    <country>Belgium</country>
    <country>Brazil</country>
    <country>Canada</country>
    <country>Colombia</country>
    <country>France</country>
    <country>Germany</country>
    <country>Greece</country>
    <country>Italy</country>
    <country>Mexico</country>
    <country>Portugal</country>
    <country>Puerto Rico</country>
    <country>Singapore</country>
    <country>Spain</country>
    <country>Sweden</country>
    <country>Switzerland</country>
    <country>Taiwan</country>
    <country>United Kingdom</country>
    <country>United States</country>
  </removed_countries>
  <verification_date>September 2015</verification_date>
  <lastchanged_date>September 24, 2015</lastchanged_date>
  <firstreceived_date>November 14, 2002</firstreceived_date>
  <firstreceived_results_date>October 7, 2010</firstreceived_results_date>
  <responsible_party>
    <responsible_party_type>Sponsor</responsible_party_type>
  </responsible_party>
  <is_fda_regulated>Yes</is_fda_regulated>
  <is_section_801>No</is_section_801>
  <has_expanded_access>No</has_expanded_access>
  <condition_browse>
    <!-- CAUTION:  The following MeSH terms are assigned with an imperfect algorithm  -->
    <mesh_term>Fibrosis</mesh_term>
    <mesh_term>Hepatitis</mesh_term>
    <mesh_term>Hepatitis A</mesh_term>
    <mesh_term>Hepatitis C</mesh_term>
    <mesh_term>Hepatitis C, Chronic</mesh_term>
    <mesh_term>Hepatitis, Chronic</mesh_term>
    <mesh_term>Liver Cirrhosis</mesh_term>
  </condition_browse>
  <intervention_browse>
    <!-- CAUTION:  The following MeSH terms are assigned with an imperfect algorithm  -->
    <mesh_term>Interferon-alpha</mesh_term>
    <mesh_term>Peginterferon alfa-2b</mesh_term>
  </intervention_browse>
  <!-- Results are available for this study                                           -->
</clinical_study>
