<?xml version="1.0" encoding="UTF-8"?>
<clinical_study rank="284">
  <!-- This xml conforms to an XML Schema at:
    https://clinicaltrials.gov/ct2/html/images/info/public.xsd
 and an XML DTD at:
    https://clinicaltrials.gov/ct2/html/images/info/public.dtd -->
  <required_header>
    <download_date>ClinicalTrials.gov processed this data on December 13, 2015</download_date>
    <link_text>Link to the current ClinicalTrials.gov record.</link_text>
    <url>https://clinicaltrials.gov/show/NCT00301509</url>
  </required_header>
  <id_info>
    <org_study_id>630/DS</org_study_id>
    <nct_id>NCT00301509</nct_id>
  </id_info>
  <brief_title>Antiviral Therapy in Decompensated Hepatitis C Virus (HCV) Cirrhosis</brief_title>
  <official_title>Outcome of Decompensated Hepatitis C Virus-Related Cirrhotic Patients Treated With Peginterferon Alfa-2b and Ribavirin: Results of a Controlled Study</official_title>
  <sponsors>
    <lead_sponsor>
      <agency>Casa Sollievo della Sofferenza IRCCS</agency>
      <agency_class>Other</agency_class>
    </lead_sponsor>
  </sponsors>
  <source>Casa Sollievo della Sofferenza IRCCS</source>
  <oversight_info>
    <authority>Italy: Ministry of Health</authority>
  </oversight_info>
  <brief_summary>
    <textblock>
      To evaluate:

        1. the impact of combined antiviral therapy (Peginterferon plus ribavirin) on natural
           history of patients affected with HCV decompensated cirrhosis, after sustained
           virological response. A controlled study.

        2. safety and efficacy of antiviral therapy in this population by using a statistically
           significally number of patients as controls.
    </textblock>
  </brief_summary>
  <detailed_description>
    <textblock>
      Decompensated HCV cirrhosis is a relevant problem as its clinical evidences predisposes to
      an high mortality risk, with a survival rate of 50% at 5 years (1,2). Davis et. al processed
      a mathematical model of the natural history of chronic hepatitis C and projected the total
      number of cases with cirrhosis increased by more than 50% by 2010 and then plateaued (3). As
      a result, there will be a dramatic increase in the number of cases with complications of
      liver failure and decompensated events of cirrhosis will increase to 25% in 2010, 32% in
      2020, 36% in 2030, and 38% in 2040 (3, table 1).Liver transplantation is the treatment of
      choice but the limited number of organ donor makes not realizable for the major of patients.
      Furthermore, age over 65 years correlated disease is not accepted to enter into the list of
      liver transplant. To prevent these patients from worsening their liver disease has positive
      economic implications in terms of health care resources used as diagnostic tests, clinic
      visits, drug therapy, hospitalization for management of complications, and later on, liver
      transplantation, and indirect costs related to lost work time and impaired quality of life.
      our controlled study on antiviral treatment of decompensated cirrhotics has shown that HCV
      clearance by therapy can be life-saving, improves hepatic function, and reduces disease
      progression. Treatment should be encouraged in CTP classes A and B, and especially in
      patients infected by genotype 2. The benefit of treating patients with genotype 1 remains
      unproven.
    </textblock>
  </detailed_description>
  <overall_status>Completed</overall_status>
  <start_date>January 2002</start_date>
  <completion_date>December 2005</completion_date>
  <phase>Phase 2/Phase 3</phase>
  <study_type>Interventional</study_type>
  <study_design>Allocation: Randomized, Endpoint Classification: Safety/Efficacy Study, Intervention Model: Single Group Assignment, Masking: Open Label</study_design>
  <condition>Liver Cirrhosis, Experimental</condition>
  <intervention>
    <intervention_type>Drug</intervention_type>
    <intervention_name>peginterferon and ribavirin</intervention_name>
  </intervention>
  <eligibility>
    <criteria>
      <textblock>
        Inclusion Criteria: HCV cirrhotics admitted to hospital for a decompensated event, such as
        ascites, variceal bleeding, and hepatic encephalopathy -

        Exclusion Criteria: rapid deterioration of liver and/or renal function, detection of
        hepatocarcinoma, infection with HIV or HBV viruses, current alcohol or drug abuse, chronic
        invalidating disease, bacterial infections, platelets &lt;35,000 cells/μL, neutrophils &lt;1,000
        cells/μL, haemoglobin level &lt;10 g/dL, total bilirubin &gt;3 mg/dL, and serum creatinine &gt;2.0
        mg/dL.
      </textblock>
    </criteria>
    <gender>Both</gender>
    <minimum_age>18 Years</minimum_age>
    <maximum_age>75 Years</maximum_age>
    <healthy_volunteers>Accepts Healthy Volunteers</healthy_volunteers>
  </eligibility>
  <overall_official>
    <last_name>Angelo Andriulli, Chief</last_name>
    <role>Principal Investigator</role>
    <affiliation>CSS</affiliation>
  </overall_official>
  <location>
    <facility>
      <name>Department of Hepatogastroenterology, CSS</name>
      <address>
        <city>San Giovanni Rotondo</city>
        <state>Foggia</state>
        <zip>71013</zip>
        <country>Italy</country>
      </address>
    </facility>
  </location>
  <location_countries>
    <country>Italy</country>
  </location_countries>
  <verification_date>December 2005</verification_date>
  <lastchanged_date>March 10, 2006</lastchanged_date>
  <firstreceived_date>March 10, 2006</firstreceived_date>
  <has_expanded_access>No</has_expanded_access>
  <condition_browse>
    <!-- CAUTION:  The following MeSH terms are assigned with an imperfect algorithm  -->
    <mesh_term>Hepatitis C</mesh_term>
    <mesh_term>Liver Cirrhosis</mesh_term>
    <mesh_term>Liver Cirrhosis, Experimental</mesh_term>
  </condition_browse>
  <intervention_browse>
    <!-- CAUTION:  The following MeSH terms are assigned with an imperfect algorithm  -->
    <mesh_term>Ribavirin</mesh_term>
  </intervention_browse>
  <!-- Results have not yet been posted for this study                                -->
</clinical_study>
