<?xml version="1.0" encoding="UTF-8"?>
<clinical_study rank="30">
  <!-- This xml conforms to an XML Schema at:
    https://clinicaltrials.gov/ct2/html/images/info/public.xsd
 and an XML DTD at:
    https://clinicaltrials.gov/ct2/html/images/info/public.dtd -->
  <required_header>
    <download_date>ClinicalTrials.gov processed this data on December 13, 2015</download_date>
    <link_text>Link to the current ClinicalTrials.gov record.</link_text>
    <url>https://clinicaltrials.gov/show/NCT00724854</url>
  </required_header>
  <id_info>
    <org_study_id>P05427</org_study_id>
    <secondary_id>001/05</secondary_id>
    <nct_id>NCT00724854</nct_id>
  </id_info>
  <brief_title>Evaluation of Rapid Virologic Response Among HCV Patients Treated With PegIntron and Rebetol in Brazil (Study P05427)</brief_title>
  <acronym>APEGIN</acronym>
  <official_title>Evaluation of Rapid Virological Response in HCV Patients Treated With PegIntron and Ribavirin - APEGIN Trial</official_title>
  <sponsors>
    <lead_sponsor>
      <agency>Merck Sharp &amp; Dohme Corp.</agency>
      <agency_class>Industry</agency_class>
    </lead_sponsor>
  </sponsors>
  <source>Merck Sharp &amp; Dohme Corp.</source>
  <oversight_info>
    <authority>Brazil: National Health Surveillance Agency</authority>
    <has_dmc>No</has_dmc>
  </oversight_info>
  <brief_summary>
    <textblock>
      The objective of the study is to evaluate, in each group, the number of participants who
      achieve rapid virological response (RVR) after 4 weeks treatment with PegIntron and Rebetol.
      The study will also assess whether RVR is a reliable predictor of sustained virologic
      response (defined as undetectable viral load at 24 weeks post-treatment).
    </textblock>
  </brief_summary>
  <overall_status>Completed</overall_status>
  <start_date>August 2006</start_date>
  <completion_date type="Actual">September 2009</completion_date>
  <primary_completion_date type="Actual">September 2009</primary_completion_date>
  <phase>N/A</phase>
  <study_type>Observational</study_type>
  <study_design>Observational Model: Case Control, Time Perspective: Prospective</study_design>
  <primary_outcome>
    <measure>Number of Participants With Rapid Virologic Response After 4 Weeks of Treatment</measure>
    <time_frame>Assessed at Treatment Week 4</time_frame>
    <safety_issue>No</safety_issue>
    <description>Rapid virologic response (RVR) was defined as Hepatitis C Virus Ribonucleic acid (HCV RNA) negative after 4 weeks of treatment.</description>
  </primary_outcome>
  <secondary_outcome>
    <measure>Number of Participants Who Achieved Sustained Virologic Response (SVR)</measure>
    <time_frame>Assessed at 24 weeks post-treatment</time_frame>
    <safety_issue>No</safety_issue>
    <description>SVR was defined as non-detectable HCV RNA 24 weeks post-treatment.</description>
  </secondary_outcome>
  <secondary_outcome>
    <measure>Number of Participants With RVR Who Also Achieved SVR</measure>
    <time_frame>Assessed at Treatment Week 4 (RVR) and 24 weeks post-treatment (SVR)</time_frame>
    <safety_issue>No</safety_issue>
    <description>RVR was defined as HCV RNA negative after 4 weeks of treatment. SVR was defined as non-detectable HCV RNA 24 weeks or more post-treatment.</description>
  </secondary_outcome>
  <secondary_outcome>
    <measure>Assessment of Response at Treatment Week 48 for Genotypes 2 and 3, and Treatment Week 72 for Genotypes 1, 4, and 5, in Participants With RVR</measure>
    <time_frame>Treatment Week 48 and Treatment Week 72</time_frame>
    <safety_issue>No</safety_issue>
    <description>Participants who achieved RVR at Treatment Week 4 who were considered to have SVR (non-detectable HCV RNA at Treatment Week 48 for genotypes 2 and 3, and Treatment Week 72 for genotypes 1, 4, and 5). Participants from the Mono-infected with HCV group and the Co-infected with HCV and HIV group, were identified as either Genotype 1, 2, 3, 4, or 5.</description>
  </secondary_outcome>
  <secondary_outcome>
    <measure>Assessment of Baseline Characteristics in Participants With SVR</measure>
    <time_frame>24 Weeks post-treatment</time_frame>
    <safety_issue>No</safety_issue>
    <description>Baseline characteristics assessed were age, gender, and genotype.</description>
  </secondary_outcome>
  <number_of_groups>2</number_of_groups>
  <enrollment type="Actual">1146</enrollment>
  <condition>Hepatitis C, Chronic</condition>
  <condition>Hepatitis C</condition>
  <arm_group>
    <arm_group_label>Mono-infected with HCV</arm_group_label>
    <description>Participants infected with Hepatitis C Virus (HCV).</description>
  </arm_group>
  <arm_group>
    <arm_group_label>Co-infected with HCV and HIV</arm_group_label>
    <description>Participants co-infected with HCV and Human Immunodeficiency Virus (HIV).</description>
  </arm_group>
  <intervention>
    <intervention_type>Biological</intervention_type>
    <intervention_name>PegIntron (peginterferon alfa-2b; SCH 54031)</intervention_name>
    <description>PegIntron administered in accordance with approved labeling</description>
    <arm_group_label>Mono-infected with HCV</arm_group_label>
    <arm_group_label>Co-infected with HCV and HIV</arm_group_label>
    <other_name>SCH 54031</other_name>
  </intervention>
  <intervention>
    <intervention_type>Drug</intervention_type>
    <intervention_name>Rebetol (ribavirin; SCH 18908)</intervention_name>
    <description>Rebetol administered in accordance with approved labeling</description>
    <arm_group_label>Mono-infected with HCV</arm_group_label>
    <arm_group_label>Co-infected with HCV and HIV</arm_group_label>
    <other_name>SCH 18908</other_name>
  </intervention>
  <eligibility>
    <study_pop>
      <textblock>
        Participants infected with Hepatitis C Virus (HCV) who are undergoing treatment with
        PegIntron and Rebetol in accordance with approved labeling at approximately 60 sites in
        Brazil. Participants could be treatment-naïve, undergoing re-treatment, or co-infected
        with Human Immunodeficiency Virus (HIV).
      </textblock>
    </study_pop>
    <sampling_method>Probability Sample</sampling_method>
    <criteria>
      <textblock>
        Inclusion Criteria:

          -  Willing to participate in the study and sign the Informed Consent Form

          -  Established HCV infection, confirmed by molecular biology test (positive qualitative
             polymerase chain reaction [PCR] test)

          -  Can be treatment-naïve, have retreatment, or co-infected with HIV

          -  Be under treatment with PegIntron in combination with ribavirin, starting up to 14
             days before the screening visit

        Exclusion Criteria:

          -  Participants who have not confirmed their willingness to participate in the study or
             have refused to sign the Free and Informed Consent Form

          -  Prior treatment with PegIntron (combined with ribavirin or not)

          -  History of alcohol abuse in the past 6 months

          -  Decompensated liver disease

          -  Severe heart disease

          -  Decompensated thyroid disorder

          -  Neoplasia

          -  Type 1 diabetes mellitus - uncontrolled or hardly controlled

          -  Seizures - uncontrolled

          -  Primary immune deficiency

          -  Men and women not using appropriate contraceptive methods

          -  Pregnancy or lactation

          -  For participants co-infected with HIV: HIV-related opportunistic disease in the past
             6 months or CD4 count lower than 200 cells/mm^3
      </textblock>
    </criteria>
    <gender>Both</gender>
    <minimum_age>N/A</minimum_age>
    <maximum_age>N/A</maximum_age>
    <healthy_volunteers>No</healthy_volunteers>
  </eligibility>
  <results_reference>
    <citation>Santos C, Reis A, Dos Santos CV, Damas C, Silva MH, Viana MV, Ferraz ML, Carnauba D, El-Far F, Serra F, Diaz RS. The use of real-time PCR to detect hepatitis C virus RNA in dried blood spots from Brazilian patients infected chronically. J Virol Methods. 2012 Jan;179(1):17-20. doi: 10.1016/j.jviromet.2011.06.012. Epub 2011 Jun 24.</citation>
    <PMID>21871496</PMID>
  </results_reference>
  <verification_date>February 2015</verification_date>
  <lastchanged_date>February 6, 2015</lastchanged_date>
  <firstreceived_date>July 25, 2008</firstreceived_date>
  <firstreceived_results_date>December 23, 2010</firstreceived_results_date>
  <responsible_party>
    <responsible_party_type>Sponsor</responsible_party_type>
  </responsible_party>
  <is_fda_regulated>Yes</is_fda_regulated>
  <is_section_801>No</is_section_801>
  <has_expanded_access>No</has_expanded_access>
  <condition_browse>
    <!-- CAUTION:  The following MeSH terms are assigned with an imperfect algorithm  -->
    <mesh_term>Hepatitis</mesh_term>
    <mesh_term>Hepatitis A</mesh_term>
    <mesh_term>Hepatitis C</mesh_term>
    <mesh_term>Hepatitis C, Chronic</mesh_term>
  </condition_browse>
  <intervention_browse>
    <!-- CAUTION:  The following MeSH terms are assigned with an imperfect algorithm  -->
    <mesh_term>Peginterferon alfa-2b</mesh_term>
    <mesh_term>Ribavirin</mesh_term>
  </intervention_browse>
  <!-- Results are available for this study                                           -->
</clinical_study>
