<?xml version="1.0" encoding="UTF-8"?>
<clinical_study rank="447">
  <!-- This xml conforms to an XML Schema at:
    https://clinicaltrials.gov/ct2/html/images/info/public.xsd
 and an XML DTD at:
    https://clinicaltrials.gov/ct2/html/images/info/public.dtd -->
  <required_header>
    <download_date>ClinicalTrials.gov processed this data on December 13, 2015</download_date>
    <link_text>Link to the current ClinicalTrials.gov record.</link_text>
    <url>https://clinicaltrials.gov/show/NCT00606086</url>
  </required_header>
  <id_info>
    <org_study_id>GI-5005-02</org_study_id>
    <nct_id>NCT00606086</nct_id>
  </id_info>
  <brief_title>Safety and Efficacy of the Therapeutic Vaccine GI-5005 Combined With Pegylated Interferon Plus Ribavirin Standard of Care Therapy Versus Standard of Care Alone in Patients With Genotype 1 Chronic Hepatitis C Infection</brief_title>
  <official_title>A Phase 2 Randomized, Open Label, Multi-center, Therapeutic Trial of the Efficacy, Immunogenicity, and Safety of GI-5005; an Inactivated Recombinant Saccharomyces Cerevisiae Expressing a Hepatitis C Virus NS3-Core Fusion Protein, Combined With Pegylated Interferon Plus Ribavirin Standard of Care Therapy Versus Standard of Care Alone, and GI-5005 Salvage of Standard of Care Failures, in Patients With Genotype 1 Chronic Hepatitis C Infection</official_title>
  <sponsors>
    <lead_sponsor>
      <agency>GlobeImmune</agency>
      <agency_class>Industry</agency_class>
    </lead_sponsor>
  </sponsors>
  <source>GlobeImmune</source>
  <oversight_info>
    <authority>United States: Food and Drug Administration</authority>
    <has_dmc>Yes</has_dmc>
  </oversight_info>
  <brief_summary>
    <textblock>
      The GI-5005 therapeutic vaccine in combination with standard of care or standard of care
      alone will be injected under the skin of HCV subjects. Patients will be monitored for
      safety, immune responses and any therapeutic benefits related to the injections including
      EVR, ETR, and SVR.
    </textblock>
  </brief_summary>
  <overall_status>Completed</overall_status>
  <start_date>December 2007</start_date>
  <completion_date type="Actual">November 2012</completion_date>
  <primary_completion_date type="Actual">November 2012</primary_completion_date>
  <phase>Phase 2</phase>
  <study_type>Interventional</study_type>
  <study_design>Allocation: Randomized, Endpoint Classification: Safety/Efficacy Study, Intervention Model: Parallel Assignment, Masking: Open Label, Primary Purpose: Treatment</study_design>
  <primary_outcome>
    <measure>EVR (Early Virologic Response)</measure>
    <time_frame>At 12 weeks of treatment</time_frame>
    <safety_issue>No</safety_issue>
    <description>Early Virologic Response (EVR) is a response measured by the reduction of virus in the blood after 12 weeks of treatment.</description>
  </primary_outcome>
  <number_of_arms>2</number_of_arms>
  <enrollment type="Actual">140</enrollment>
  <condition>Genotype 1 Chronic Hepatitis C</condition>
  <arm_group>
    <arm_group_label>1</arm_group_label>
    <arm_group_type>Experimental</arm_group_type>
    <description>GI-5005 monotherapy continuing on to triple therapy</description>
  </arm_group>
  <arm_group>
    <arm_group_label>2</arm_group_label>
    <arm_group_type>Active Comparator</arm_group_type>
    <description>Standard of care alone</description>
  </arm_group>
  <intervention>
    <intervention_type>Drug</intervention_type>
    <intervention_name>GI-5005</intervention_name>
    <description>40YU, subcutaneous</description>
    <arm_group_label>1</arm_group_label>
    <arm_group_label>2</arm_group_label>
    <other_name>Pegasys and Ribavirin</other_name>
  </intervention>
  <intervention>
    <intervention_type>Drug</intervention_type>
    <intervention_name>Pegylated Interferon and Ribavirin</intervention_name>
    <description>Pegylated interefron is an injection and ribavirin is an oral tablet</description>
    <arm_group_label>2</arm_group_label>
    <other_name>Pegasys and Ribavirin</other_name>
  </intervention>
  <eligibility>
    <criteria>
      <textblock>
        Inclusion Criteria:

          -  Chronic hepatitis C infection with genotype 1 based on serum positivity for HCV RNA
             or a positive test for serum anti-HCV antibody for at least 6 months;

          -  One of the following response criteria based on response to prior combination therapy
             with pegylated or non-pegylated interferon plus ribavirin:

        Non-Responders

          -  Poor responders - a subset of non-responders who achieved &gt; 1 log10 but &lt; 2 log10
             reduction in HCV RNA after a minimum of 12 weeks of prior interferon based therapy.

          -  Partial responders - a subset of non-responders who achieve at least a 2 log10
             reduction in HCV RNA by 12 weeks, but do not achieve an end of treatment response
             (ETR defined as HCV RNA negativity by PCR assay at the end of a minimum of 6 months
             of therapy).

        Naive

          -  Patients who are treatment naïve and have refused IFN therapy for reasons other than
             contraindication.

          -  Signed, written, informed consent from the patient or legal representative before any
             study-specific procedures are performed;

          -  Liver biopsy within 3 years of the screening visit, documenting extent of liver
             disease consistent with chronic hepatitis C with evidence of inflammation and/or
             fibrosis. Liver biopsy within 1 year for subjects consenting to paired biopsy
             testing. Eight unstained liver biopsy slides are required for the baseline sample and
             post-treatment sample for use in central blinded evaluation for paired biopsy
             testing;

          -  Age ≥ 18 years;

          -  Negative scratch test (immediate hypersensitivity, IgE mediated) to S. cerevisiae.

        Exclusion Criteria:

          -  History of decompensated liver disease, including but not restricted to, portal
             hypertension as manifested by a known history of gastroesophageal varices, variceal
             bleeding, ascites or encephalopathy, histopathologic or clinical evidence of
             cirrhosis, hepatocellular carcinoma, or renal impairment consistent with hepatorenal
             syndrome;

          -  History of significant non-HCV chronic liver disease, i.e. alcoholic hepatitis,
             autoimmune hepatitis;

          -  Null response to prior IFN plus ribavirin therapy, defined as patients that have
             received at least 12 weeks of interferon-based treatment with &lt; 1 log10 reduction in
             viral load;

          -  Subjects treated with more than 1 complete hepatitis C regimen (subjects with a
             history of 1 complete prior regimen and a second incomplete prior regimen may be
             eligible upon discussion with and approval of the medical monitor);

          -  Subjects that required a dose reduction of &gt;25% of the planned exposure of IFN or
             &gt;50% of their planned ribavirin exposure during their previous interferon/ribavirin
             treatment;

          -  Subjects that required growth factors during their previous interferon/ribavirin
             treatment;

          -  Subjects that received small molecule inhibitor therapy combined with an interferon
             based regimen. (subjects that received small molecule inhibitor monotherapy can be
             included);

          -  Treatment for HCV infection within 28 days before screening;

          -  Chronic hepatitis B infection or positive hepatitis B surface antigen (HBsAg) at
             screening;

          -  Body weight &gt;275 pounds;

          -  Known history of HIV infection or positive HIV antibody test at screening;

          -  History of Crohn's disease or ulcerative colitis;

          -  Concurrent therapy with herbal supplements taken specifically for the treatment of
             HCV (i.e. milk thistle). Wash-out of HCV related herbals for 28 days prior to Day 1.
             Consult sponsor before excluding potential subjects;

          -  Alcohol and/or IV drug abuse within the past year;
      </textblock>
    </criteria>
    <gender>Both</gender>
    <minimum_age>18 Years</minimum_age>
    <maximum_age>N/A</maximum_age>
    <healthy_volunteers>No</healthy_volunteers>
  </eligibility>
  <location>
    <facility>
      <name>University of Alabama Birmingham</name>
      <address>
        <city>Birmingham</city>
        <state>Alabama</state>
        <zip>35294</zip>
        <country>United States</country>
      </address>
    </facility>
  </location>
  <location>
    <facility>
      <name>University of Arizona</name>
      <address>
        <city>Tucson</city>
        <state>Arizona</state>
        <zip>85724</zip>
        <country>United States</country>
      </address>
    </facility>
  </location>
  <location>
    <facility>
      <name>Scripps Clinic Torrey Pines</name>
      <address>
        <city>La Jolla</city>
        <state>California</state>
        <zip>92037</zip>
        <country>United States</country>
      </address>
    </facility>
  </location>
  <location>
    <facility>
      <name>Research and Education inc.</name>
      <address>
        <city>San Diego</city>
        <state>California</state>
        <zip>92105</zip>
        <country>United States</country>
      </address>
    </facility>
  </location>
  <location>
    <facility>
      <name>University of Colorado</name>
      <address>
        <city>Aurora</city>
        <state>Colorado</state>
        <zip>80045</zip>
        <country>United States</country>
      </address>
    </facility>
  </location>
  <location>
    <facility>
      <name>South Denver Gastroenterology</name>
      <address>
        <city>Englewood</city>
        <state>Colorado</state>
        <zip>80113</zip>
        <country>United States</country>
      </address>
    </facility>
  </location>
  <location>
    <facility>
      <name>University of Connecticut Health Center</name>
      <address>
        <city>Farmingtom</city>
        <state>Connecticut</state>
        <zip>06030</zip>
        <country>United States</country>
      </address>
    </facility>
  </location>
  <location>
    <facility>
      <name>Yale University School of Medicine</name>
      <address>
        <city>New Haven</city>
        <state>Connecticut</state>
        <zip>06520</zip>
        <country>United States</country>
      </address>
    </facility>
  </location>
  <location>
    <facility>
      <name>NW Georgia Research Institute</name>
      <address>
        <city>Marietta</city>
        <state>Georgia</state>
        <zip>30060</zip>
        <country>United States</country>
      </address>
    </facility>
  </location>
  <location>
    <facility>
      <name>Hawaii Medical Center</name>
      <address>
        <city>Honolulu</city>
        <state>Hawaii</state>
        <zip>96817</zip>
        <country>United States</country>
      </address>
    </facility>
  </location>
  <location>
    <facility>
      <name>Northwest Indiana Center for Clinical Research</name>
      <address>
        <city>Valparaiso</city>
        <state>Indiana</state>
        <zip>46383</zip>
        <country>United States</country>
      </address>
    </facility>
  </location>
  <location>
    <facility>
      <name>Tulane University Hospital</name>
      <address>
        <city>New Orleans</city>
        <state>Louisiana</state>
        <country>United States</country>
      </address>
    </facility>
  </location>
  <location>
    <facility>
      <name>Maryland Digestive Disease Research</name>
      <address>
        <city>Laurel</city>
        <state>Maryland</state>
        <zip>20707</zip>
        <country>United States</country>
      </address>
    </facility>
  </location>
  <location>
    <facility>
      <name>Henry Ford Health System</name>
      <address>
        <city>Detroit</city>
        <state>Michigan</state>
        <zip>48202</zip>
        <country>United States</country>
      </address>
    </facility>
  </location>
  <location>
    <facility>
      <name>Mayo Clinic</name>
      <address>
        <city>Rochester</city>
        <state>Minnesota</state>
        <zip>55905</zip>
        <country>United States</country>
      </address>
    </facility>
  </location>
  <location>
    <facility>
      <name>Gastroenterology Associates, PA</name>
      <address>
        <city>Jackson</city>
        <state>Mississippi</state>
        <zip>39202</zip>
        <country>United States</country>
      </address>
    </facility>
  </location>
  <location>
    <facility>
      <name>St. Louis University</name>
      <address>
        <city>St. Louis</city>
        <state>Missouri</state>
        <zip>63104</zip>
        <country>United States</country>
      </address>
    </facility>
  </location>
  <location>
    <facility>
      <name>Columbia University</name>
      <address>
        <city>New York</city>
        <state>New York</state>
        <zip>10032</zip>
        <country>United States</country>
      </address>
    </facility>
  </location>
  <location>
    <facility>
      <name>Weill Medical College of Cornell University</name>
      <address>
        <city>New York</city>
        <state>New York</state>
        <zip>10021</zip>
        <country>United States</country>
      </address>
    </facility>
  </location>
  <location>
    <facility>
      <name>Duke University</name>
      <address>
        <city>Durham</city>
        <state>North Carolina</state>
        <zip>27710</zip>
        <country>United States</country>
      </address>
    </facility>
  </location>
  <location>
    <facility>
      <name>University of Texas Southwestern Medical Center at Dallas</name>
      <address>
        <city>Dallas</city>
        <state>Texas</state>
        <zip>75390</zip>
        <country>United States</country>
      </address>
    </facility>
  </location>
  <location>
    <facility>
      <name>Baylor College of Medicine</name>
      <address>
        <city>Houston</city>
        <state>Texas</state>
        <zip>77030</zip>
        <country>United States</country>
      </address>
    </facility>
  </location>
  <location>
    <facility>
      <name>Alamo Medical Research</name>
      <address>
        <city>San Antonio</city>
        <state>Texas</state>
        <zip>78215</zip>
        <country>United States</country>
      </address>
    </facility>
  </location>
  <location>
    <facility>
      <name>Liver Institute of Virginia Bon Secours Health System</name>
      <address>
        <city>Newport News</city>
        <state>Virginia</state>
        <zip>23602</zip>
        <country>United States</country>
      </address>
    </facility>
  </location>
  <location>
    <facility>
      <name>McGuire VA Medical Center</name>
      <address>
        <city>Richmond</city>
        <state>Virginia</state>
        <zip>23249</zip>
        <country>United States</country>
      </address>
    </facility>
  </location>
  <location_countries>
    <country>United States</country>
  </location_countries>
  <link>
    <url>http://www.globeimmune.com</url>
    <description>Sponsor Website</description>
  </link>
  <verification_date>May 2014</verification_date>
  <lastchanged_date>June 17, 2014</lastchanged_date>
  <firstreceived_date>January 18, 2008</firstreceived_date>
  <firstreceived_results_date>May 5, 2014</firstreceived_results_date>
  <responsible_party>
    <responsible_party_type>Sponsor</responsible_party_type>
  </responsible_party>
  <keyword>Hepatitis, HCV, Liver disease, HepC</keyword>
  <is_fda_regulated>Yes</is_fda_regulated>
  <is_section_801>Yes</is_section_801>
  <has_expanded_access>No</has_expanded_access>
  <condition_browse>
    <!-- CAUTION:  The following MeSH terms are assigned with an imperfect algorithm  -->
    <mesh_term>Hepatitis</mesh_term>
    <mesh_term>Hepatitis A</mesh_term>
    <mesh_term>Hepatitis C</mesh_term>
    <mesh_term>Hepatitis C, Chronic</mesh_term>
    <mesh_term>Hepatitis, Chronic</mesh_term>
  </condition_browse>
  <intervention_browse>
    <!-- CAUTION:  The following MeSH terms are assigned with an imperfect algorithm  -->
    <mesh_term>Interferons</mesh_term>
    <mesh_term>Ribavirin</mesh_term>
  </intervention_browse>
  <!-- Results are available for this study                                           -->
</clinical_study>
