<?xml version="1.0" encoding="UTF-8"?>
<clinical_study rank="176">
  <!-- This xml conforms to an XML Schema at:
    https://clinicaltrials.gov/ct2/html/images/info/public.xsd
 and an XML DTD at:
    https://clinicaltrials.gov/ct2/html/images/info/public.dtd -->
  <required_header>
    <download_date>ClinicalTrials.gov processed this data on December 13, 2015</download_date>
    <link_text>Link to the current ClinicalTrials.gov record.</link_text>
    <url>https://clinicaltrials.gov/show/NCT00209755</url>
  </required_header>
  <id_info>
    <org_study_id>ribatop - afssaps #031161</org_study_id>
    <secondary_id>N.A.</secondary_id>
    <nct_id>NCT00209755</nct_id>
  </id_info>
  <brief_title>Plasma Ribavirin Assay During Combination Therapy for Chronic Hepatitis C</brief_title>
  <official_title>Diagnostic Value of Plasma Ribavirin Assay During the Combination Therapy « Pegylated Interferon + Ribavirin » in Chronic Hepatitis C.</official_title>
  <sponsors>
    <lead_sponsor>
      <agency>Hopital A Michallon</agency>
      <agency_class>Other</agency_class>
    </lead_sponsor>
    <collaborator>
      <agency>University Hospital, Grenoble</agency>
      <agency_class>Other</agency_class>
    </collaborator>
    <collaborator>
      <agency>Central Hospital, Nancy, France</agency>
      <agency_class>Other</agency_class>
    </collaborator>
  </sponsors>
  <source>Hopital A Michallon</source>
  <oversight_info>
    <authority>France: Afssaps - Agence française de sécurité sanitaire des produits de santé (Saint-Denis)</authority>
  </oversight_info>
  <brief_summary>
    <textblock>
      Investigation of the usefullness of therapeutical drug monitoring of ribavirin for dose
      adaptation during combination therapy of chronic hepatitis C patients.

      The correlation between ribavirin plasma concentration levels at week 4 (steady state) and
      early virological response (HCV-RNA decay from baseline to week 12) is to be tested in 40
      patients approximately.
    </textblock>
  </brief_summary>
  <detailed_description>
    <textblock>
      1. Background and rational The serum concentrationS of ribavirin commonly range from 1 to
           5 in patients during the combination treatment « interferon+ribavirin » (Larrat et al.
           2003). However, the bioavailibility of ribavirin is not considered in the current
           recommendation for this treatment.

           The aim of this study is to demonstrate that the adaptation « à la carte » of ribavirin
           posology according to its serum concentration could improve the efficacy and the
           tolerance of the hepatitis C combination therapy.

        2. Study design This study is a prospective clinical pharmacology trial in patients on
           combination treatment for a chronic hepatitis C with genotype 1 or 4 virus.

           The evaluation will concern the serum ribavirin concentration during the first three
           months of treatment and its correlation with the evolution of hemoglobin (toxicity
           marker) or viral load (efficacy marker).

           After the 3 months of the study, a adaptation of posology based on serum ribavirin
           level will be offer to the patients for the rest of the treatment period. A control of
           the ribavirin level one month after the dose adaptation will be performed.

        3. Study treatments This trial is not a treatment evaluation. All the patients will
           receive the same treatment with PegInterferon alfa-2a and ribavirin according to the
           registered recommendations for use.

        4. Target population The study population will consist of patients with genotype 1 or 4
           chronic hepatitis C and for which a combination therapy is indicated.

        5. Main selection criteria Patients with chronic hepatitis C related to genotype 1 or 4
           virus and for which a combination therapy is needed will be eligible. Patients with
           co-infection (either VHB or VIH) or with concomitant treatments expected to interact
           with the endpoints (hemoglobin, viral load, serum ribavirin) will be excluded.

        6. Judgement endpoints

           There will be intermediate endpoints :

             -  blood hemoglobin concentration whom reduction during the 4 first weeks of
                treatment is a marker of toxicicty of the drug (induction of an hemolytic anemiae)

             -  viral load whom reduction of at least 2 log after 12 weeks of treatment is
                correlated with the sustained virologic response to treatment

             -  serum level of ribavirin for which it is expected a correlation with the two
                previous biological markers

           The primary judgement endpoint will be the statistical correlation as following :

             -  the serum concentration of ribavirine at the plateau of pharmacokinetics (J28(S4))

             -  the change of the hemoglobin concentration from D0 to D28(S4)

             -  the change of hemoglobin concentration between D0 and D84(S12)

        7. Secondary endpoints The thresholds of efficacy and toxicity of ribavirin will be
           determined by comparison of responder/non responder patients (as predicted by viral
           load change) and patients with/without toxicity. A correlation between the evolution of
           these two markers will be calculated.
    </textblock>
  </detailed_description>
  <overall_status>Terminated</overall_status>
  <start_date>October 2003</start_date>
  <completion_date>July 2004</completion_date>
  <phase>N/A</phase>
  <study_type>Interventional</study_type>
  <study_design>Allocation: Non-Randomized, Endpoint Classification: Pharmacokinetics/Dynamics Study, Intervention Model: Single Group Assignment, Masking: Open Label, Primary Purpose: Diagnostic</study_design>
  <primary_outcome>
    <measure>relationship between plasma ribavirin concentration and early virological response</measure>
  </primary_outcome>
  <secondary_outcome>
    <measure>safety</measure>
  </secondary_outcome>
  <secondary_outcome>
    <measure>relationship between plasma ribavirin concentration and hemoglobin drop</measure>
  </secondary_outcome>
  <secondary_outcome>
    <measure>dose effect of ribavirin on ribavirin plasma concentration</measure>
  </secondary_outcome>
  <enrollment>40</enrollment>
  <condition>Chronic Hepatitis C</condition>
  <intervention>
    <intervention_type>Procedure</intervention_type>
    <intervention_name>therapeutic drug monitoring of ribavirin and dose adaptation</intervention_name>
  </intervention>
  <eligibility>
    <criteria>
      <textblock>
        Inclusion Criteria:

          -  Patients with chronic hepatitis C related to genotype 1 or 4 virus and for which a
             combination therapy is needed will be eligible.

        Exclusion Criteria:

          -  Patients with co-infection (either VHB or VIH) or with concomitant treatments
             expected to interact with the endpoints (hemoglobin, viral load, serum ribavirin)
             will be excluded.
      </textblock>
    </criteria>
    <gender>Both</gender>
    <minimum_age>18 Years</minimum_age>
    <maximum_age>65 Years</maximum_age>
    <healthy_volunteers>No</healthy_volunteers>
  </eligibility>
  <overall_official>
    <last_name>Jean Pierre ZARSKI, MD</last_name>
    <role>Principal Investigator</role>
    <affiliation>university hospital of Grenoble (France)</affiliation>
  </overall_official>
  <location>
    <facility>
      <name>university hospital ; HGE dpt</name>
      <address>
        <city>Grenoble</city>
        <zip>38043</zip>
        <country>France</country>
      </address>
    </facility>
  </location>
  <location_countries>
    <country>France</country>
  </location_countries>
  <verification_date>September 2004</verification_date>
  <lastchanged_date>September 13, 2005</lastchanged_date>
  <firstreceived_date>September 13, 2005</firstreceived_date>
  <keyword>chronic hepatitis C</keyword>
  <has_expanded_access>No</has_expanded_access>
  <condition_browse>
    <!-- CAUTION:  The following MeSH terms are assigned with an imperfect algorithm  -->
    <mesh_term>Hepatitis</mesh_term>
    <mesh_term>Hepatitis A</mesh_term>
    <mesh_term>Hepatitis C</mesh_term>
    <mesh_term>Hepatitis C, Chronic</mesh_term>
    <mesh_term>Hepatitis, Chronic</mesh_term>
  </condition_browse>
  <intervention_browse>
    <!-- CAUTION:  The following MeSH terms are assigned with an imperfect algorithm  -->
    <mesh_term>Ribavirin</mesh_term>
  </intervention_browse>
  <!-- Results have not yet been posted for this study                                -->
</clinical_study>
