<?xml version="1.0" encoding="UTF-8"?>
<clinical_study rank="279">
  <!-- This xml conforms to an XML Schema at:
    https://clinicaltrials.gov/ct2/html/images/info/public.xsd
 and an XML DTD at:
    https://clinicaltrials.gov/ct2/html/images/info/public.dtd -->
  <required_header>
    <download_date>ClinicalTrials.gov processed this data on December 13, 2015</download_date>
    <link_text>Link to the current ClinicalTrials.gov record.</link_text>
    <url>https://clinicaltrials.gov/show/NCT00088504</url>
  </required_header>
  <id_info>
    <org_study_id>VX03-497-205</org_study_id>
    <nct_id>NCT00088504</nct_id>
  </id_info>
  <brief_title>Merimepodib (MMPD) in Triple Combination for the Treatment of Chronic Hepatitis C</brief_title>
  <official_title>A Phase 2b Study of Merimepodib in Combination With Pegylated Interferon Alfa-2a (Pegasys®) and Ribavirin in Subjects With Chronic Hepatitis C Non-Responsive to Prior Therapy With Pegylated Interferon Alfa and Ribavirin</official_title>
  <sponsors>
    <lead_sponsor>
      <agency>Vertex Pharmaceuticals Incorporated</agency>
      <agency_class>Industry</agency_class>
    </lead_sponsor>
  </sponsors>
  <source>Vertex Pharmaceuticals Incorporated</source>
  <oversight_info>
    <authority>United States: Food and Drug Administration</authority>
  </oversight_info>
  <brief_summary>
    <textblock>
      This trial is designed to test whether or not the addition of merimepodib (MMPD) to the
      standard therapy of pegylated interferon and ribavirin will result in a positive treatment
      response for people who have not previously responded to this therapy. Approximately 315
      subjects will be enrolled in this research study at approximately 55 clinical sites in the
      United States. There will be three study groups. Everyone in the study will receive Pegasys®
      (pegylated interferon) and Copegus® (ribavirin) at the normally prescribed doses. Two of the
      groups will also receive the study drug merimepodib (MMPD) twice a day, one group at each
      dose level being tested. The third group will take a placebo instead of MMPD, with the
      Pegasys® and Copegus®.

      After the first 24 weeks of treatment, blood tests will be done to see if subjects are
      responding to treatment. If they are responding, they will continue receiving study
      treatment in the study for another 24 weeks. If they are not responding, they will stop
      study treatment. Everyone who is responding will be monitored for 24 weeks after the last
      dose of medication, to see how long the response lasts.

      Evaluations will be performed during the study to look at the safety of the
      Pegasys®/Copegus® and MMPD or placebo combination, and to see how the combination is working
      by measuring Hepatitis C Virus in the blood.

      At some of the clinical sites performing the study, some subjects may also participate in
      additional testing to look at the metabolism of the drugs, or to look at the immune response
      to Hepatitis C virus infection and treatment.
    </textblock>
  </brief_summary>
  <overall_status>Completed</overall_status>
  <start_date>July 2004</start_date>
  <completion_date type="Actual">October 2006</completion_date>
  <phase>Phase 2</phase>
  <study_type>Interventional</study_type>
  <study_design>Allocation: Randomized, Endpoint Classification: Safety/Efficacy Study, Intervention Model: Parallel Assignment, Masking: Double-Blind, Primary Purpose: Treatment</study_design>
  <enrollment>315</enrollment>
  <condition>Hepatitis C</condition>
  <condition>Hepatitis</condition>
  <intervention>
    <intervention_type>Drug</intervention_type>
    <intervention_name>Merimepodib</intervention_name>
  </intervention>
  <intervention>
    <intervention_type>Drug</intervention_type>
    <intervention_name>PEG-Interferon-alpha 2a (Pegasys®)</intervention_name>
  </intervention>
  <intervention>
    <intervention_type>Drug</intervention_type>
    <intervention_name>Ribavirin (Copegus®)</intervention_name>
  </intervention>
  <eligibility>
    <criteria>
      <textblock>
        Inclusion Criteria:

        The following is a summary of the inclusion and exclusion criteria for the Merimepodib
        Triple Combination (METRO) trial. There are also additional criteria, which will be
        reviewed with you by the staff at the clinical study site, to make sure you are eligible
        for the study. Some of the criteria are dependent on the results of blood tests and other
        tests that will be done at the clinical site.

        If you are not sure whether you meet these criteria, please call the clinical study site
        nearest you, and they can help you figure out if you might be eligible for the study:

          -  You must have been diagnosed with Hepatitis C.

          -  You must have been treated with pegylated interferon (brand names are Pegasys® or
             Peg-Intron®) and ribavirin (brand names Rebetol® or Copegus®), for at least 12 weeks.
             However, you cannot have received more than one course of this combination therapy.

          -  You must have been a &quot;non-responder&quot; to this treatment, meaning that the virus levels
             in your blood were always detectable. If you responded to the treatment and then the
             virus became detectable again (called a &quot;relapse&quot;), you would not be eligible.

          -  You must not have used illegal drugs, or have a history of significant alcohol use,
             within the last year before you start the study.

        Pegasys® and Copegus® are not recommended for people with some illnesses. You should be in
        good health in general, with no illnesses that would prevent you from using Pegasys® and
        Copegus®. If you do not know whether you have any illness or conditions that would prevent
        you from using these medications, the study doctor or nurse will review your medical
        history with you to determine this.

        If you are a woman who can have children, you must be willing to use two effective methods
        of birth control during the study and for 6 months after the last dose of the medication.
        You will have monthly pregnancy tests during this time to make sure you do not become
        pregnant (This is recommended for anyone taking ribavirin, even when they are not in a
        clinical study.).

        If you are a male, your female partner must not be pregnant, and you both must be willing
        to use birth control during the time you are in the study, and for 6 months after the last
        dose of the medication (This is recommended for anyone taking ribavirin, even when they
        are not in a clinical study.).
      </textblock>
    </criteria>
    <gender>Both</gender>
    <minimum_age>18 Years</minimum_age>
    <maximum_age>70 Years</maximum_age>
    <healthy_volunteers>No</healthy_volunteers>
  </eligibility>
  <overall_official>
    <last_name>Robert Kauffman, MD, PhD</last_name>
    <role>Study Director</role>
    <affiliation>Vertex Pharmaceuticals Incorporated</affiliation>
  </overall_official>
  <location>
    <facility>
      <name>Joseph L. Cochran, M.D.</name>
      <address>
        <city>Birmingham</city>
        <state>Alabama</state>
        <zip>35209</zip>
        <country>United States</country>
      </address>
    </facility>
  </location>
  <location>
    <facility>
      <name>Suresh Karne, M.D., Ph.D.</name>
      <address>
        <city>Huntsville</city>
        <state>Alabama</state>
        <zip>35801</zip>
        <country>United States</country>
      </address>
    </facility>
  </location>
  <location>
    <facility>
      <name>Vijayan Balan, M.D.</name>
      <address>
        <city>Phoenix</city>
        <state>Arizona</state>
        <zip>85054</zip>
        <country>United States</country>
      </address>
    </facility>
  </location>
  <location>
    <facility>
      <name>Michael P. DeMicco, M.D.</name>
      <address>
        <city>Anaheim</city>
        <state>California</state>
        <zip>92801</zip>
        <country>United States</country>
      </address>
    </facility>
  </location>
  <location>
    <facility>
      <name>Prahalad B. Jajodia, M.D.</name>
      <address>
        <city>Fresno</city>
        <state>California</state>
        <zip>93703</zip>
        <country>United States</country>
      </address>
    </facility>
  </location>
  <location>
    <facility>
      <name>F. Fred Poordad, M.D.</name>
      <address>
        <city>Los Angeles</city>
        <state>California</state>
        <zip>90095-7054</zip>
        <country>United States</country>
      </address>
    </facility>
  </location>
  <location>
    <facility>
      <name>Ramsey Cheung, M.D.</name>
      <address>
        <city>Palo Alto</city>
        <state>California</state>
        <zip>94304</zip>
        <country>United States</country>
      </address>
    </facility>
  </location>
  <location>
    <facility>
      <name>Myron J. Tong, M.D., Ph.D.</name>
      <address>
        <city>Pasadena</city>
        <state>California</state>
        <zip>91105</zip>
        <country>United States</country>
      </address>
    </facility>
  </location>
  <location>
    <facility>
      <name>Lisa M. Nyberg, M.D.</name>
      <address>
        <city>San Diego</city>
        <state>California</state>
        <zip>92154</zip>
        <country>United States</country>
      </address>
    </facility>
  </location>
  <location>
    <facility>
      <name>Michael T. Bennett, M.D.</name>
      <address>
        <city>San Diego</city>
        <state>California</state>
        <zip>92123</zip>
        <country>United States</country>
      </address>
    </facility>
  </location>
  <location>
    <facility>
      <name>Natalie Bzowej, M.D.</name>
      <address>
        <city>San Francisco</city>
        <state>California</state>
        <zip>94115</zip>
        <country>United States</country>
      </address>
    </facility>
  </location>
  <location>
    <facility>
      <name>Marcelo Kugelmas, M.D.</name>
      <address>
        <city>Englewood</city>
        <state>Colorado</state>
        <zip>80113</zip>
        <country>United States</country>
      </address>
    </facility>
  </location>
  <location>
    <facility>
      <name>Herbert L. Bonkovsky, M.D.</name>
      <address>
        <city>Farmington</city>
        <state>Connecticut</state>
        <zip>06030</zip>
        <country>United States</country>
      </address>
    </facility>
  </location>
  <location>
    <facility>
      <name>Eugene R. Schiff, M.D.</name>
      <address>
        <city>Miami</city>
        <state>Florida</state>
        <zip>33136</zip>
        <country>United States</country>
      </address>
    </facility>
  </location>
  <location>
    <facility>
      <name>Jawahar L. Taunk, M.D.</name>
      <address>
        <city>Palm Harbor</city>
        <state>Florida</state>
        <zip>34684</zip>
        <country>United States</country>
      </address>
    </facility>
  </location>
  <location>
    <facility>
      <name>Arnold L. Lentnek, M.D.</name>
      <address>
        <city>Marietta</city>
        <state>Georgia</state>
        <zip>30060</zip>
        <country>United States</country>
      </address>
    </facility>
  </location>
  <location>
    <facility>
      <name>Ellen B. Hunter, M.D.</name>
      <address>
        <city>Boise</city>
        <state>Idaho</state>
        <zip>83702</zip>
        <country>United States</country>
      </address>
    </facility>
  </location>
  <location>
    <facility>
      <name>Helen Te, M.D.</name>
      <address>
        <city>Chicago</city>
        <state>Illinois</state>
        <zip>60637</zip>
        <country>United States</country>
      </address>
    </facility>
  </location>
  <location>
    <facility>
      <name>Steven L. Flamm, M.D.</name>
      <address>
        <city>Chicago</city>
        <state>Illinois</state>
        <zip>60611</zip>
        <country>United States</country>
      </address>
    </facility>
  </location>
  <location>
    <facility>
      <name>Gerald J. Mingoletti, M.D.</name>
      <address>
        <city>Oak Forest</city>
        <state>Illinois</state>
        <zip>60452</zip>
        <country>United States</country>
      </address>
    </facility>
  </location>
  <location>
    <facility>
      <name>Donald R. Graham, M.D.</name>
      <address>
        <city>Springfield</city>
        <state>Illinois</state>
        <zip>62703</zip>
        <country>United States</country>
      </address>
    </facility>
  </location>
  <location>
    <facility>
      <name>Alvaro G. Koch, M.D.</name>
      <address>
        <city>Lexington</city>
        <state>Kentucky</state>
        <zip>40536</zip>
        <country>United States</country>
      </address>
    </facility>
  </location>
  <location>
    <facility>
      <name>Robert M. Be, M.D.</name>
      <address>
        <city>Baton Rouge</city>
        <state>Louisiana</state>
        <zip>70809</zip>
        <country>United States</country>
      </address>
    </facility>
  </location>
  <location>
    <facility>
      <name>Shaban Faruqui, M.D.</name>
      <address>
        <city>Baton Rouge</city>
        <state>Louisiana</state>
        <zip>70808</zip>
        <country>United States</country>
      </address>
    </facility>
  </location>
  <location>
    <facility>
      <name>Bal Raj Bhandari, M.D.</name>
      <address>
        <city>Monroe</city>
        <state>Louisiana</state>
        <zip>71201</zip>
        <country>United States</country>
      </address>
    </facility>
  </location>
  <location>
    <facility>
      <name>Luis A. Balart, M.D.</name>
      <address>
        <city>New Orleans</city>
        <state>Louisiana</state>
        <zip>70115</zip>
        <country>United States</country>
      </address>
    </facility>
  </location>
  <location>
    <facility>
      <name>Robert Perrillo, M.D.</name>
      <address>
        <city>New Orleans</city>
        <state>Louisiana</state>
        <zip>70121</zip>
        <country>United States</country>
      </address>
    </facility>
  </location>
  <location>
    <facility>
      <name>Michael Epstein, M.D.</name>
      <address>
        <city>Annapolis</city>
        <state>Maryland</state>
        <zip>21401</zip>
        <country>United States</country>
      </address>
    </facility>
  </location>
  <location>
    <facility>
      <name>Mark Sulkowski, M.D.</name>
      <address>
        <city>Baltimore</city>
        <state>Maryland</state>
        <zip>21287</zip>
        <country>United States</country>
      </address>
    </facility>
  </location>
  <location>
    <facility>
      <name>Natarajan Ravendhran, M.D.</name>
      <address>
        <city>Baltimore</city>
        <state>Maryland</state>
        <zip>21229</zip>
        <country>United States</country>
      </address>
    </facility>
  </location>
  <location>
    <facility>
      <name>Milton J. Koch, M.D.</name>
      <address>
        <city>Silver Spring</city>
        <state>Maryland</state>
        <zip>20901</zip>
        <country>United States</country>
      </address>
    </facility>
  </location>
  <location>
    <facility>
      <name>David N. Schwartz, M.D.</name>
      <address>
        <city>Attleboro</city>
        <state>Massachusetts</state>
        <zip>02703</zip>
        <country>United States</country>
      </address>
    </facility>
  </location>
  <location>
    <facility>
      <name>Nezam Afdhal, M.D.</name>
      <address>
        <city>Boston</city>
        <state>Massachusetts</state>
        <zip>02215</zip>
        <country>United States</country>
      </address>
    </facility>
  </location>
  <location>
    <facility>
      <name>Lawton Shick, M.D.</name>
      <address>
        <city>Worcester</city>
        <state>Massachusetts</state>
        <zip>01655</zip>
        <country>United States</country>
      </address>
    </facility>
  </location>
  <location>
    <facility>
      <name>Stuart C. Gordon, M.D.</name>
      <address>
        <city>Detroit</city>
        <state>Michigan</state>
        <zip>48202</zip>
        <country>United States</country>
      </address>
    </facility>
  </location>
  <location>
    <facility>
      <name>John B. Gross, M.D.</name>
      <address>
        <city>Rochester</city>
        <state>Minnesota</state>
        <zip>55905-0002</zip>
        <country>United States</country>
      </address>
    </facility>
  </location>
  <location>
    <facility>
      <name>Jeffrey Rank, M.D.</name>
      <address>
        <city>Saint Paul</city>
        <state>Minnesota</state>
        <zip>55446</zip>
        <country>United States</country>
      </address>
    </facility>
  </location>
  <location>
    <facility>
      <name>Adrian Di Bisceglie, M.D.</name>
      <address>
        <city>Saint Louis</city>
        <state>Missouri</state>
        <zip>63104</zip>
        <country>United States</country>
      </address>
    </facility>
  </location>
  <location>
    <facility>
      <name>William C. Sloan</name>
      <address>
        <city>Florham Park</city>
        <state>New Jersey</state>
        <zip>07932</zip>
        <country>United States</country>
      </address>
    </facility>
  </location>
  <location>
    <facility>
      <name>Rajendra Prasad Gupta, M.D.</name>
      <address>
        <city>Trenton</city>
        <state>New Jersey</state>
        <zip>08618</zip>
        <country>United States</country>
      </address>
    </facility>
  </location>
  <location>
    <facility>
      <name>David Eric Bernstein, M.D.</name>
      <address>
        <city>Manhasset</city>
        <state>New York</state>
        <zip>11030</zip>
        <country>United States</country>
      </address>
    </facility>
  </location>
  <location>
    <facility>
      <name>Douglas T. Dieterich, M.D.</name>
      <address>
        <city>New York</city>
        <state>New York</state>
        <zip>10029</zip>
        <country>United States</country>
      </address>
    </facility>
  </location>
  <location>
    <facility>
      <name>Ira M. Jacobson, M.D.</name>
      <address>
        <city>New York</city>
        <state>New York</state>
        <zip>10021</zip>
        <country>United States</country>
      </address>
    </facility>
  </location>
  <location>
    <facility>
      <name>Robert Reindollar, M.D.</name>
      <address>
        <city>Charlotte</city>
        <state>North Carolina</state>
        <zip>28207</zip>
        <country>United States</country>
      </address>
    </facility>
  </location>
  <location>
    <facility>
      <name>Andrew Muir, M.D.</name>
      <address>
        <city>Durham</city>
        <state>North Carolina</state>
        <zip>27710</zip>
        <country>United States</country>
      </address>
    </facility>
  </location>
  <location>
    <facility>
      <name>John E. Poulous, M.D.</name>
      <address>
        <city>Fayetteville</city>
        <state>North Carolina</state>
        <zip>28304</zip>
        <country>United States</country>
      </address>
    </facility>
  </location>
  <location>
    <facility>
      <name>Mark E. Jonas, M.D.</name>
      <address>
        <city>Cincinnati</city>
        <state>Ohio</state>
        <zip>45219</zip>
        <country>United States</country>
      </address>
    </facility>
  </location>
  <location>
    <facility>
      <name>Harvey A. Tatum, M.D.</name>
      <address>
        <city>Tulsa</city>
        <state>Oklahoma</state>
        <zip>74104</zip>
        <country>United States</country>
      </address>
    </facility>
  </location>
  <location>
    <facility>
      <name>George Koval, M.D.</name>
      <address>
        <city>Portland</city>
        <state>Oregon</state>
        <zip>97225</zip>
        <country>United States</country>
      </address>
    </facility>
  </location>
  <location>
    <facility>
      <name>Jill P. Smith, M.D.</name>
      <address>
        <city>Hershey</city>
        <state>Pennsylvania</state>
        <zip>17033</zip>
        <country>United States</country>
      </address>
    </facility>
  </location>
  <location>
    <facility>
      <name>Victor Araya, M.D.</name>
      <address>
        <city>Philadelphia</city>
        <state>Pennsylvania</state>
        <zip>19141</zip>
        <country>United States</country>
      </address>
    </facility>
  </location>
  <location>
    <facility>
      <name>Peter J. Molloy, M.D.</name>
      <address>
        <city>Pittsburgh</city>
        <state>Pennsylvania</state>
        <zip>15224</zip>
        <country>United States</country>
      </address>
    </facility>
  </location>
  <location>
    <facility>
      <name>James Scott Strohecker, M.D.</name>
      <address>
        <city>Columbia</city>
        <state>South Carolina</state>
        <zip>29203</zip>
        <country>United States</country>
      </address>
    </facility>
  </location>
  <location>
    <facility>
      <name>Lawrence D. Wruble, M.D.</name>
      <address>
        <city>Memphis</city>
        <state>Tennessee</state>
        <zip>38120</zip>
        <country>United States</country>
      </address>
    </facility>
  </location>
  <location>
    <facility>
      <name>Ronald Pruitt, M.D.</name>
      <address>
        <city>Nashville</city>
        <state>Tennessee</state>
        <zip>37205</zip>
        <country>United States</country>
      </address>
    </facility>
  </location>
  <location>
    <facility>
      <name>Gary L. Davis, M.D.</name>
      <address>
        <city>Dallas</city>
        <state>Texas</state>
        <zip>75246</zip>
        <country>United States</country>
      </address>
    </facility>
  </location>
  <location>
    <facility>
      <name>William M. Lee, M.D.</name>
      <address>
        <city>Dallas</city>
        <state>Texas</state>
        <zip>75390-9016</zip>
        <country>United States</country>
      </address>
    </facility>
  </location>
  <location>
    <facility>
      <name>George G. Burnazian, M.D.</name>
      <address>
        <city>Houston</city>
        <state>Texas</state>
        <zip>77004</zip>
        <country>United States</country>
      </address>
    </facility>
  </location>
  <location>
    <facility>
      <name>Rise Stribling, M.D.</name>
      <address>
        <city>Houston</city>
        <state>Texas</state>
        <zip>77030</zip>
        <country>United States</country>
      </address>
    </facility>
  </location>
  <location>
    <facility>
      <name>Eric J. Lawitz, M.D.</name>
      <address>
        <city>San Antonio</city>
        <state>Texas</state>
        <zip>78215</zip>
        <country>United States</country>
      </address>
    </facility>
  </location>
  <location>
    <facility>
      <name>Daniel Pambianco, M.D.</name>
      <address>
        <city>Charlottesville</city>
        <state>Virginia</state>
        <zip>22911</zip>
        <country>United States</country>
      </address>
    </facility>
  </location>
  <location>
    <facility>
      <name>Vinod Rustgi, M.D.</name>
      <address>
        <city>Fairfax</city>
        <state>Virginia</state>
        <zip>22031-5216</zip>
        <country>United States</country>
      </address>
    </facility>
  </location>
  <location>
    <facility>
      <name>Mitchell Shiffman, M.D.</name>
      <address>
        <city>Richmond</city>
        <state>Virginia</state>
        <zip>23249</zip>
        <country>United States</country>
      </address>
    </facility>
  </location>
  <location>
    <facility>
      <name>Robert A. Wohlman, M.D.</name>
      <address>
        <city>Bellevue</city>
        <state>Washington</state>
        <zip>98004-3049</zip>
        <country>United States</country>
      </address>
    </facility>
  </location>
  <location>
    <facility>
      <name>Robert L. Carithers, M.D.</name>
      <address>
        <city>Seattle</city>
        <state>Washington</state>
        <zip>98195</zip>
        <country>United States</country>
      </address>
    </facility>
  </location>
  <location>
    <facility>
      <name>David Winters McEniry, M.D.</name>
      <address>
        <city>Tacoma</city>
        <state>Washington</state>
        <zip>98405</zip>
        <country>United States</country>
      </address>
    </facility>
  </location>
  <location>
    <facility>
      <name>Michael F. Lyons II, M.D.</name>
      <address>
        <city>Tacoma</city>
        <state>Washington</state>
        <zip>98405</zip>
        <country>United States</country>
      </address>
    </facility>
  </location>
  <location_countries>
    <country>United States</country>
  </location_countries>
  <verification_date>December 2007</verification_date>
  <lastchanged_date>December 17, 2007</lastchanged_date>
  <firstreceived_date>July 27, 2004</firstreceived_date>
  <responsible_party>
    <name_title>Robert Kauffman, M.D., Ph.D.</name_title>
    <organization>Vertex Pharmaceuticals Incorporated</organization>
  </responsible_party>
  <keyword>Hepatitis</keyword>
  <is_fda_regulated>Yes</is_fda_regulated>
  <is_section_801>Yes</is_section_801>
  <has_expanded_access>No</has_expanded_access>
  <condition_browse>
    <!-- CAUTION:  The following MeSH terms are assigned with an imperfect algorithm  -->
    <mesh_term>Hepatitis</mesh_term>
    <mesh_term>Hepatitis A</mesh_term>
    <mesh_term>Hepatitis C</mesh_term>
    <mesh_term>Hepatitis C, Chronic</mesh_term>
    <mesh_term>Hepatitis, Chronic</mesh_term>
  </condition_browse>
  <intervention_browse>
    <!-- CAUTION:  The following MeSH terms are assigned with an imperfect algorithm  -->
    <mesh_term>Interferon-alpha</mesh_term>
    <mesh_term>Interferons</mesh_term>
    <mesh_term>Peginterferon alfa-2a</mesh_term>
    <mesh_term>Ribavirin</mesh_term>
  </intervention_browse>
  <!-- Results have not yet been posted for this study                                -->
</clinical_study>
