<?xml version="1.0" encoding="UTF-8"?>
<clinical_study rank="98">
  <!-- This xml conforms to an XML Schema at:
    https://clinicaltrials.gov/ct2/html/images/info/public.xsd
 and an XML DTD at:
    https://clinicaltrials.gov/ct2/html/images/info/public.dtd -->
  <required_header>
    <download_date>ClinicalTrials.gov processed this data on December 13, 2015</download_date>
    <link_text>Link to the current ClinicalTrials.gov record.</link_text>
    <url>https://clinicaltrials.gov/show/NCT00759109</url>
  </required_header>
  <id_info>
    <org_study_id>P02733</org_study_id>
    <nct_id>NCT00759109</nct_id>
  </id_info>
  <brief_title>Pegylated Alfa-2b Interferon Therapy of Patients With Hepatitis C-related Cirrhosis and High Liver Cell Proliferation (P02733/MK-4031-085)</brief_title>
  <official_title>Long-term Pegylated Alfa-2b Interferon Therapy of Patients With Hepatitis C-related Cirrhosis and High Liver Cell Proliferation: a Multicenter Study of Hepatocellular Carcinoma Prevention in Patients Non-responders to Combined Therapy With Alpha Interferon + Ribavirin or Peginterferon Alpha + Ribavirin or to Interferon Monotherapy</official_title>
  <sponsors>
    <lead_sponsor>
      <agency>Merck Sharp &amp; Dohme Corp.</agency>
      <agency_class>Industry</agency_class>
    </lead_sponsor>
  </sponsors>
  <source>Merck Sharp &amp; Dohme Corp.</source>
  <oversight_info>
    <authority>Italy: Ministry of Health</authority>
    <has_dmc>No</has_dmc>
  </oversight_info>
  <brief_summary>
    <textblock>
      This study aims to compare the role of peginterferon α-2b (50 μg/week) vs. control (no
      treatment) in the prevention of hepatocellular carcinoma, in adult patients with cirrhosis
      and initial signs of portal hypertension who did not respond to previous combined therapy
      with interferon alfa + ribavirin or peginterferon alfa + ribavirin or to interferon alfa
      monotherapy and with a high proliferation rate before entering the study. The duration of
      treatment will be 3 years, and the follow-up period will be 2 years.
    </textblock>
  </brief_summary>
  <overall_status>Completed</overall_status>
  <start_date>March 2002</start_date>
  <completion_date type="Actual">November 2009</completion_date>
  <primary_completion_date type="Actual">November 2009</primary_completion_date>
  <phase>Phase 3</phase>
  <study_type>Interventional</study_type>
  <study_design>Allocation: Randomized, Endpoint Classification: Efficacy Study, Intervention Model: Parallel Assignment, Masking: Open Label, Primary Purpose: Prevention</study_design>
  <primary_outcome>
    <measure>Number of Participants With the Development of Hepatocellular Carcinoma (HCC)</measure>
    <time_frame>During 3 years of treatment and 2 years of follow-up</time_frame>
    <safety_issue>No</safety_issue>
    <description>Participants were tested for focal lesions by liver ultrasound and for AFP levels every 6 months the during study (treatment and follow-up).
The development of hepatocellular carcinoma was determined by:
the appearance of a focal lesion detected by liver ultrasound with metastases confirmed by fine needle biopsy, or
the appearance of a focal lesion detected by ultrasound + alphafetoprotein (AFP) levels in blood &gt;400 ng/mL.</description>
  </primary_outcome>
  <secondary_outcome>
    <measure>Number of Participants With Development of Hepatic Decompensation</measure>
    <time_frame>Baseline, During 3 years of treatment and 2 years of follow-up</time_frame>
    <safety_issue>No</safety_issue>
    <description>The development of hepatic decompensation, defined as worsening of the hepatic function as measured by Child Pugh Score. The Child Pugh score was calculated based on biochemical changes (changes in serum albumin, serum bilirubin, prothrombin time) and clinical impairment (ascites, encephalopathies) or both. Each of the 5 parameters was scored from 1-3, and the Child Pugh Score represented the total score. The maximum score was 15, and a score of 10-15 represents the worst outcome and a life expectancy of 1-3 years.</description>
  </secondary_outcome>
  <secondary_outcome>
    <measure>Survival Time of Participants</measure>
    <time_frame>During 3 years of treatment and 2 years of follow-up</time_frame>
    <safety_issue>No</safety_issue>
    <description>Survival time was defined as time from screening visit to the death of the participant and was studied with Kaplan-Meier and Log-rank tests. If a participant did not die, he or she was censored with the last available date.</description>
  </secondary_outcome>
  <secondary_outcome>
    <measure>Number of Patients With a Virological Response Rate</measure>
    <time_frame>Baseline and every year during 3 years of treatment</time_frame>
    <safety_issue>No</safety_issue>
    <description>Virological Response rate was measured by the disappearance of Hepatitis C Virus from serum. Serum samples from participants were analyzed for the
presence of HCV-RNA using a qualitative polymerase chain reaction (PCR).</description>
  </secondary_outcome>
  <secondary_outcome>
    <measure>Change in the Proliferating Cell Nuclear Antigen Labeling Index (PCNA-LI)</measure>
    <time_frame>Baseline and at 18 months of treatment</time_frame>
    <safety_issue>No</safety_issue>
    <description>PCNA-LI was measured at baseline and at 18 months of treatment, and the change in PCNA-LI was calculated.
To measure PCNA-LI, liver tissue samples obtained from biopsies were fixed and immunostained to detect PCNA. PCNA-LI is the percentage of immunohistochemically stained (PCNA positive) cells in 1,000 HCC cells counted. A higher PCNA-LI indicates a worse outcome.</description>
  </secondary_outcome>
  <other_outcome>
    <measure>Proliferating Cell Nuclear Antigen Labeling Index (PCNA-LI) at Baseline</measure>
    <time_frame>Baseline</time_frame>
    <safety_issue>No</safety_issue>
    <description>Liver tissues obtained from biopsies were fixed and immunostained to detect PCNA. PCNA-LI is the percentage of immunohistochemically stained (PCNA positive) cells in 1,000 HCC cells counted. A higher PCNA-LI indicates a worse outcome.</description>
  </other_outcome>
  <number_of_arms>2</number_of_arms>
  <enrollment type="Actual">150</enrollment>
  <condition>Carcinoma, Hepatocellular</condition>
  <arm_group>
    <arm_group_label>Arm A - PegIntron</arm_group_label>
    <arm_group_type>Experimental</arm_group_type>
    <description>Participants randomized to Arm A received peginterferon α-2b (PegIntron), 50 μg, weekly, subcutaneously (SC), for a period of 3 years.</description>
  </arm_group>
  <arm_group>
    <arm_group_label>Arm B - Control</arm_group_label>
    <arm_group_type>Other</arm_group_type>
    <description>Participants randomized to Arm B were under observation and received no treatment.</description>
  </arm_group>
  <intervention>
    <intervention_type>Biological</intervention_type>
    <intervention_name>Peginterferon alfa-2b</intervention_name>
    <description>Peginterferon alfa-2b, 50 μg, weekly, SC, for a period of 3 years.</description>
    <arm_group_label>Arm A - PegIntron</arm_group_label>
    <other_name>PegIntron</other_name>
    <other_name>Pegylated Alfa-2b</other_name>
    <other_name>SCH 054031</other_name>
  </intervention>
  <intervention>
    <intervention_type>Other</intervention_type>
    <intervention_name>Observation (no treatment)</intervention_name>
    <description>No treatment was given to participants enrolled in the control arm (Arm B).</description>
    <arm_group_label>Arm B - Control</arm_group_label>
  </intervention>
  <eligibility>
    <criteria>
      <textblock>
        Inclusion Criteria:

          -  Cirrhotic participants, both sexes, Child Pugh A, B, HCV-RNA positive, age &lt; 70 years

          -  Participants non-responders to IFN + Ribavirin or PegIFN + Ribavirin or IFN
             monotherapy

          -  Pre-therapy liver biopsy (&lt; 36 months) with PCNA-LI &gt; 2.0

          -  Fibrosis score 5-6 (Ishak)

          -  Initial portal hypertension, such as gastroesophageal varices or one of the following
             US sign:

               -  Collateral circles

               -  Spleen longitudinal diameter &gt; 12 cm

               -  Portal vein diameter at hilus &gt; 12 mm

               -  Portal flow &gt; 12 cm/sec

               -  Participants must have the following minimum hematologic and biochemical
                  criteria:

               -  Hemoglobin &gt;= 11 g/dL

               -  Granulocyte count &gt; 1,000/mm^3

               -  Platelets &gt; 70,000/mm^3

               -  Prothrombin activity &gt; 50%

               -  Total bilirubin &lt;3 mg/dL

               -  Albumin &gt;= 3.5 g/dL

               -  Serum creatinine within normal limits

          -  Uric Acid within normal limits

          -  Thyroid Stimulating Hormone (TSH), within normal limits

          -  Antinuclear antibodies (ANA) &lt; 1:160

          -  Written informed consent

          -  Women of childbearing potential must have a negative pregnancy test

          -  Acceptance of patients of both sexes of proper contraceptive measures for the study
             period

        Exclusion Criteria:

          -  Pregnant or breast-feeding women

          -  Co-infection with HIV and/or HBV

          -  Autoimmune hepatitis or history of autoimmune disease

          -  Alcoholic liver disease

          -  Metabolic disease

          -  HCC

          -  Participants with liver and kidney transplants

          -  Evidence of decompensated liver disease such as history or presence of ascites,
             bleeding varices, spontaneous encephalopathy

          -  Chronic renal failure or creatinine clearance &lt; 50 mL/min

          -  Pre-existing thyroid disease unless it can be controlled with conventional treatment

          -  History or presence of psychiatric condition, especially depression, or a history of
             severe psychiatric disorder, such as major psychoses, suicidal ideation and/or
             suicidal attempt

          -  Epilepsy and/or compromised central nervous system (CNS) function

          -  Significant cardiovascular dysfunction within the previous 6 months before the study
             starts (eg, angina, congestive heart failure, recent myocardial infarction, moderate
             or severe hypertension, significant arrhythmia)

          -  Hemoglobinopathies

          -  Poorly controlled diabetes mellitus

          -  Chronic pulmonary disease (eg, chronic obstructive pulmonary disease)

          -  Clinical gout

          -  Hypersensitivity to interferons or any component of the drug
      </textblock>
    </criteria>
    <gender>Both</gender>
    <minimum_age>18 Years</minimum_age>
    <maximum_age>70 Years</maximum_age>
    <healthy_volunteers>No</healthy_volunteers>
  </eligibility>
  <verification_date>June 2015</verification_date>
  <lastchanged_date>June 8, 2015</lastchanged_date>
  <firstreceived_date>August 26, 2008</firstreceived_date>
  <firstreceived_results_date>March 24, 2011</firstreceived_results_date>
  <responsible_party>
    <responsible_party_type>Sponsor</responsible_party_type>
  </responsible_party>
  <is_fda_regulated>Yes</is_fda_regulated>
  <is_section_801>No</is_section_801>
  <has_expanded_access>No</has_expanded_access>
  <condition_browse>
    <!-- CAUTION:  The following MeSH terms are assigned with an imperfect algorithm  -->
    <mesh_term>Carcinoma, Hepatocellular</mesh_term>
  </condition_browse>
  <intervention_browse>
    <!-- CAUTION:  The following MeSH terms are assigned with an imperfect algorithm  -->
    <mesh_term>Interferon-alpha</mesh_term>
    <mesh_term>Peginterferon alfa-2b</mesh_term>
  </intervention_browse>
  <!-- Results are available for this study                                           -->
</clinical_study>
