<?xml version="1.0" encoding="UTF-8"?>
<clinical_study rank="276">
  <!-- This xml conforms to an XML Schema at:
    https://clinicaltrials.gov/ct2/html/images/info/public.xsd
 and an XML DTD at:
    https://clinicaltrials.gov/ct2/html/images/info/public.dtd -->
  <required_header>
    <download_date>ClinicalTrials.gov processed this data on December 13, 2015</download_date>
    <link_text>Link to the current ClinicalTrials.gov record.</link_text>
    <url>https://clinicaltrials.gov/show/NCT00000733</url>
  </required_header>
  <id_info>
    <org_study_id>ACTG 035</org_study_id>
    <secondary_id>11011</secondary_id>
    <nct_id>NCT00000733</nct_id>
  </id_info>
  <brief_title>Phase I Pharmacokinetic and Tolerance Study of Ribavirin in Human Immunodeficiency Virus (HIV) - Infected Patients</brief_title>
  <official_title>Phase I Pharmacokinetic and Tolerance Study of Ribavirin in Human Immunodeficiency Virus (HIV) - Infected Patients</official_title>
  <sponsors>
    <lead_sponsor>
      <agency>National Institute of Allergy and Infectious Diseases (NIAID)</agency>
      <agency_class>NIH</agency_class>
    </lead_sponsor>
  </sponsors>
  <source>National Institute of Allergy and Infectious Diseases (NIAID)</source>
  <oversight_info>
    <authority>United States: Federal Government</authority>
  </oversight_info>
  <brief_summary>
    <textblock>
      To determine how fast ribavirin reaches the bloodstream, what concentration of ribavirin is
      reached in blood and how long it remains in the blood (pharmacokinetics) when given by
      different routes of administration. To find the maximum tolerated dose (MTD) of ribavirin.
      The effects of ribavirin on the immune system, and on the virus will be measured by T4 cell
      count and p24 antigen levels.

      Early studies with ribavirin in patients with AIDS and AIDS related complex (ARC) have shown
      that ribavirin appears to inhibit the spread of the virus. Determination of how much and how
      often to give the drug will require further knowledge of the pharmacokinetics and toxicity
      of the drug in patients with AIDS or ARC and in chronic virus carriers who do not have
      symptoms.
    </textblock>
  </brief_summary>
  <detailed_description>
    <textblock>
      Early studies with ribavirin in patients with AIDS and AIDS related complex (ARC) have shown
      that ribavirin appears to inhibit the spread of the virus. Determination of how much and how
      often to give the drug will require further knowledge of the pharmacokinetics and toxicity
      of the drug in patients with AIDS or ARC and in chronic virus carriers who do not have
      symptoms.

      Ribavirin is given to HIV-infected patients intravenously as a timed 30-min infusion at 1 of
      5 single doses; 2 weeks later, the same doses are given orally in a single dose. Following
      at least 2 additional weeks, 6 patients are then given ribavirin at the lowest dose twice a
      day for 16 weeks. They are evaluated for tolerance and the next group is given a higher
      dose. Each successive group begins at 3-week intervals to receive doses that increase each
      day until the MTD is reached. Blood samples taken periodically during the treatment period
      and for 8 weeks after treatment is stopped are used to measure blood levels of ribavirin and
      to determine the effects of ribavirin on the HIV and immune system of the patients.
    </textblock>
  </detailed_description>
  <overall_status>Completed</overall_status>
  <completion_date type="Actual">October 1991</completion_date>
  <phase>Phase 1</phase>
  <study_type>Interventional</study_type>
  <study_design>Endpoint Classification: Pharmacokinetics Study, Masking: Open Label, Primary Purpose: Treatment</study_design>
  <enrollment>42</enrollment>
  <condition>HIV Infections</condition>
  <intervention>
    <intervention_type>Drug</intervention_type>
    <intervention_name>Ribavirin</intervention_name>
  </intervention>
  <eligibility>
    <criteria>
      <textblock>
        Inclusion Criteria

        Patients must be asymptomatic according to the following criteria:

          -  Normal neurologic exam.

          -  No unintentional weight loss of greater than 10 lbs. or more than 10 percent of usual
             body weight within 2 years prior to entering the study.

          -  No unexplained temperature above 38 degrees C on more than 5 consecutive days or on
             more than 10 days in any 30 days in the 2 years prior to expected entry into the
             study.

          -  No unexplained diarrhea defined by equal to or more than 3 liquid stools per day
             persisting more than 7 days within 2 years prior to expected entry into the study.

          -  No active hepatitis of any form. In addition, patients must not have previously had
             AIDS or an AIDS related illness.

        Exclusion Criteria

        Co-existing Condition:

        Excluded:

          -  Temperature of greater than 37.8 degrees C.

          -  Development of an AIDS-defining opportunistic infection.

          -  Unexplained diarrhea defined by equal to or more than 3 liquid stools per day.

          -  Active hepatitis of any form.

        Patients who have had oral candida infection documented by morphology, or by response to
        antifungal therapy, or oral hairy leukoplakia, or herpes zoster infection within 2 years
        of anticipated study entry at any time will be excluded. Patients with a prior history of
        a malignancy other than cutaneous basal cell carcinomas or cervical carcinoma in situ and
        patients with a significant chronic underlying medical illness that would impair
        continuous participation in the study will be excluded.

        Prior Medication:

        Excluded within 90 days of study entry:

          -  Immunomodulators.

        Active alcohol or drug abuse sufficient in the investigator's opinion to prevent adequate
        compliance with the study therapy.
      </textblock>
    </criteria>
    <gender>Both</gender>
    <minimum_age>18 Years</minimum_age>
    <maximum_age>N/A</maximum_age>
    <healthy_volunteers>No</healthy_volunteers>
  </eligibility>
  <overall_official>
    <last_name>JJ Lertora</last_name>
    <role>Study Chair</role>
  </overall_official>
  <location>
    <facility>
      <name>Charity Hosp / Tulane Univ Med School</name>
      <address>
        <city>New Orleans</city>
        <state>Louisiana</state>
        <zip>70112</zip>
        <country>United States</country>
      </address>
    </facility>
  </location>
  <location>
    <facility>
      <name>Tulane Univ School of Medicine</name>
      <address>
        <city>New Orleans</city>
        <state>Louisiana</state>
        <zip>70112</zip>
        <country>United States</country>
      </address>
    </facility>
  </location>
  <location_countries>
    <country>United States</country>
  </location_countries>
  <link>
    <url>http://www.aidsinfo.nih.gov/DrugsNew/DrugDetailNT.aspx?MenuItem=Drugs&amp;Search=On&amp;int_id=28</url>
    <description>Click here for more information about Ribavirin</description>
  </link>
  <reference>
    <citation>Lertora JJ, Rege AB, Lacour JT, Ferencz N, George WJ, VanDyke RB, Agrawal KC, Hyslop NE Jr. Pharmacokinetics and long-term tolerance to ribavirin in asymptomatic patients infected with human immunodeficiency virus. Clin Pharmacol Ther. 1991 Oct;50(4):442-9.</citation>
    <PMID>1680594</PMID>
  </reference>
  <verification_date>March 2012</verification_date>
  <lastchanged_date>March 28, 2012</lastchanged_date>
  <firstreceived_date>November 2, 1999</firstreceived_date>
  <responsible_party>
    <responsible_party_type>Sponsor</responsible_party_type>
  </responsible_party>
  <keyword>Ribavirin</keyword>
  <keyword>T-Lymphocytes</keyword>
  <keyword>Infusions, Intravenous</keyword>
  <keyword>Immunologic Surveillance</keyword>
  <keyword>Administration, Oral</keyword>
  <keyword>Acquired Immunodeficiency Syndrome</keyword>
  <has_expanded_access>No</has_expanded_access>
  <condition_browse>
    <!-- CAUTION:  The following MeSH terms are assigned with an imperfect algorithm  -->
    <mesh_term>Acquired Immunodeficiency Syndrome</mesh_term>
    <mesh_term>HIV Infections</mesh_term>
    <mesh_term>Immunologic Deficiency Syndromes</mesh_term>
  </condition_browse>
  <intervention_browse>
    <!-- CAUTION:  The following MeSH terms are assigned with an imperfect algorithm  -->
    <mesh_term>Ribavirin</mesh_term>
  </intervention_browse>
  <!-- Results have not yet been posted for this study                                -->
</clinical_study>
