<?xml version="1.0" encoding="UTF-8"?>
<clinical_study rank="14">
  <!-- This xml conforms to an XML Schema at:
    https://clinicaltrials.gov/ct2/html/images/info/public.xsd
 and an XML DTD at:
    https://clinicaltrials.gov/ct2/html/images/info/public.dtd -->
  <required_header>
    <download_date>ClinicalTrials.gov processed this data on December 13, 2015</download_date>
    <link_text>Link to the current ClinicalTrials.gov record.</link_text>
    <url>https://clinicaltrials.gov/show/NCT00859053</url>
  </required_header>
  <id_info>
    <org_study_id>AI444-013</org_study_id>
    <nct_id>NCT00859053</nct_id>
  </id_info>
  <brief_title>Single-Dose Pharmacokinetics of BMS-790052 in Participants With Hepatic Impairment</brief_title>
  <official_title>Single-Dose Pharmacokinetics of BMS-790052 in Subjects With Hepatic Impairment Compared to Healthy Subjects</official_title>
  <sponsors>
    <lead_sponsor>
      <agency>Bristol-Myers Squibb</agency>
      <agency_class>Industry</agency_class>
    </lead_sponsor>
  </sponsors>
  <source>Bristol-Myers Squibb</source>
  <oversight_info>
    <authority>United States: Food and Drug Administration</authority>
    <has_dmc>No</has_dmc>
  </oversight_info>
  <brief_summary>
    <textblock>
      The purpose of this study is to assess the effects of hepatic impairment on the single dose
      pharmacokinetics of BMS-790052.
    </textblock>
  </brief_summary>
  <overall_status>Completed</overall_status>
  <start_date>March 2009</start_date>
  <completion_date type="Actual">September 2009</completion_date>
  <primary_completion_date type="Actual">September 2009</primary_completion_date>
  <phase>Phase 1</phase>
  <study_type>Interventional</study_type>
  <study_design>Allocation: Non-Randomized, Endpoint Classification: Pharmacokinetics Study, Intervention Model: Parallel Assignment, Masking: Open Label</study_design>
  <primary_outcome>
    <measure>Maximum Observed Plasma Concentration (Cmax) of BMS-790052</measure>
    <time_frame>Pre-dose (0), 0.5,1, 1.5, 2, 4, 8, 12, 24, 48, 72 hours post-dose (both healthy and hepatically impaired participants) and 96 hours post-dose (only for hepatically impaired participants)</time_frame>
    <safety_issue>No</safety_issue>
    <description>Maximum observed plasma concentration following drug administration from the raw plasma concentration-time data. The plasma samples were analysed for BMS-790052 by using a validated liquid chromatography tandem mass spectrometric (LC-MS/MS) assay.</description>
  </primary_outcome>
  <primary_outcome>
    <measure>Area Under the Plasma Concentration-time Curve (AUC) From Time Zero to Last Measurable Concentration [AUC(0-T)] of BMS-790052</measure>
    <time_frame>Pre-dose (0), 0.5, 1, 1.5, 2, 4, 8, 12, 24, 48, 72 hours post-dose (both healthy and hepatically impaired participants) and 96 hours post-dose (only for hepatically impaired participants)</time_frame>
    <safety_issue>No</safety_issue>
    <description>AUC(0-T) was calculated by the sum of linear trapezoids using non-compartmental analysis.</description>
  </primary_outcome>
  <primary_outcome>
    <measure>Area Under the Plasma Concentration-time Curve From Time Zero Extrapolated to Infinite Time [AUC(INF)] of BMS-790052</measure>
    <time_frame>Pre-dose (0), 0.5, 1, 1.5, 2, 4, 8, 12, 24, 48, 72 hours post-dose (both healthy and hepatically impaired participants) and 96 hours post-dose (only for hepatically impaired participants)</time_frame>
    <safety_issue>No</safety_issue>
    <description>AUC(INF) was estimated as AUC(0-T) + Ct/λ z, where λ z was the terminal elimination rate constant and Ct was the last observable concentration.</description>
  </primary_outcome>
  <primary_outcome>
    <measure>Time to Reach Maximum Observed Plasma Concentration (Tmax) of BMS-790052</measure>
    <time_frame>Pre-dose (0), 0.5, 1, 1.5, 2, 4, 8, 12, 24, 48, 72 hours post-dose (both healthy and hepatically impaired participants) and 96 hours post-dose (only for hepatically impaired participants)</time_frame>
    <safety_issue>No</safety_issue>
    <description>Tmax was defined as the time required to reach maximum observed plasma concentration. Tmax was directly determined from the raw plasma concentration-time data.</description>
  </primary_outcome>
  <primary_outcome>
    <measure>Terminal Half-life (T-HALF) of BMS-790052</measure>
    <time_frame>Pre-dose (0), 0.5, 1, 1.5, 2, 4, 8, 12, 24, 48, 72 hours post-dose (both healthy and hepatically impaired participants) and 96 hours post-dose (only for hepatically impaired participants)</time_frame>
    <safety_issue>No</safety_issue>
    <description>Terminal half-life was the time required for one half of the total amount of administered drug eliminated from the body.</description>
  </primary_outcome>
  <primary_outcome>
    <measure>Apparent Total Body Clearance (CLT/F) of BMS-790052</measure>
    <time_frame>Pre-dose (0), 0.5,1, 1.5, 2, 4, 8, 12, 24, 48, 72 hours post-dose (both healthy and hepatically impaired participants) and 96 hours post-dose (only for hepatically impaired participants)</time_frame>
    <safety_issue>No</safety_issue>
    <description>Apparent total body clearance was calculated as dose/AUC(INF). AUC(INF) was estimated as AUC(0-T) + Ct/λ z, where λ z was the terminal elimination rate constant and Ct was the last observable concentration.</description>
  </primary_outcome>
  <primary_outcome>
    <measure>Apparent Clearance of Free BMS-790052 (CLu/F)</measure>
    <time_frame>Pre-dose (0), 0.5, 1, 1.5, 2, 4, 8, 12, 24, 48, 72 hours post-dose (both healthy and hepatically impaired participants) and 96 hours post-dose (only for hepatically impaired participants)</time_frame>
    <safety_issue>No</safety_issue>
    <description>CLu/F was calculated by dividing the apparent total body clearance (CLT/F) by mean fraction of unbound drug (fu) for both (1 hour and 4 hour post dose) time points combined. Apparent total body clearance was calculated as dose/AUC(INF). AUC(INF) was estimated as AUC(0-T) + Ct/ λz, where λz was the terminal elimination rate constant and Ct was the last observable concentration.</description>
  </primary_outcome>
  <primary_outcome>
    <measure>The Apparent Volume of Distribution at Steady State (Vss/F)</measure>
    <time_frame>Pre-dose (0), 0.5, 1, 1.5, 2, 4, 8, 12, 24, 48, 72 hours post-dose (both healthy and hepatically impaired participants) and 96 hours post-dose (only for hepatically impaired participants)</time_frame>
    <safety_issue>No</safety_issue>
    <description>Apparent volume of distribution was calculated by dividing the product of the dose and mean residence time (MRT) by AUC(INF). AUC(INF) was estimated as AUC(0-T) + Ct/λ z, where λ z was the terminal elimination rate constant and Ct was the last observable concentration.</description>
  </primary_outcome>
  <secondary_outcome>
    <measure>Number of Participants With Serious Adverse Events (SAEs), Discontinuations Due to Adverse Events (AEs), and Who Died</measure>
    <time_frame>Day 1 to end of study for AEs and, Day 1 to up to 30 days after last dose for SAE.</time_frame>
    <safety_issue>Yes</safety_issue>
    <description>AE was defined as any new unfavorable symptom, sign, or disease or worsening of a pre-existing condition that does not necessarily have a causal relationship with treatment. SAE was defined as a medical event that at any dose resulted in death, persistent or significant disability/incapacity, or drug dependency/abuse; was life-threatening, an important medical event, or a congenital anomaly/birth defect; or required or prolonged hospitalization. Study Discharge (end of study) was Day 4 (healthy participants) or Day 5 (hepatically impaired participants).</description>
  </secondary_outcome>
  <number_of_arms>4</number_of_arms>
  <enrollment type="Actual">46</enrollment>
  <condition>Hepatic Insufficiency</condition>
  <arm_group>
    <arm_group_label>BMS-790052 in Child-Pugh A</arm_group_label>
    <arm_group_type>Active Comparator</arm_group_type>
  </arm_group>
  <arm_group>
    <arm_group_label>BMS-790052 in Child-Pugh B</arm_group_label>
    <arm_group_type>Active Comparator</arm_group_type>
  </arm_group>
  <arm_group>
    <arm_group_label>BMS-790052 in Child-Pugh C</arm_group_label>
    <arm_group_type>Active Comparator</arm_group_type>
  </arm_group>
  <arm_group>
    <arm_group_label>BMS-790052 in Healthy Subjects</arm_group_label>
    <arm_group_type>Active Comparator</arm_group_type>
  </arm_group>
  <intervention>
    <intervention_type>Drug</intervention_type>
    <intervention_name>BMS-790052</intervention_name>
    <description>Capsules, Oral, 30 mg, single dose, one day</description>
    <arm_group_label>BMS-790052 in Child-Pugh A</arm_group_label>
    <arm_group_label>BMS-790052 in Child-Pugh B</arm_group_label>
    <arm_group_label>BMS-790052 in Child-Pugh C</arm_group_label>
    <arm_group_label>BMS-790052 in Healthy Subjects</arm_group_label>
  </intervention>
  <eligibility>
    <criteria>
      <textblock>
        Key Inclusion Criteria:

          -  Male and female subjects aged 18 to 70 years, with hepatic impairment conforming to
             Child-Pugh class A, B or C

          -  Healthy subjects to the extent possible matched to the first four hepatically
             impaired subject in each Child-Pugh class with regard to age (approximately ± 10
             years), body weight (approximately ± 20%) and gender

        Key Exclusion Criteria:

          -  History of esophageal and gastric variceal bleeding within past 6 months

          -  Primarily cholestatic liver diseases

          -  Active alcoholic hepatitis

          -  Stable encephalopathy of &gt;= Stage 2

          -  Presence of severe ascites or edema

          -  Presence of hepatopulmonary or hepatorenal syndrome

          -  Positive for HCV, unless HCV RNA is undetectable
      </textblock>
    </criteria>
    <gender>Both</gender>
    <minimum_age>18 Years</minimum_age>
    <maximum_age>70 Years</maximum_age>
    <healthy_volunteers>Accepts Healthy Volunteers</healthy_volunteers>
  </eligibility>
  <overall_official>
    <last_name>Bristol-Myers Squibb</last_name>
    <role>Study Director</role>
    <affiliation>Bristol-Myers Squibb</affiliation>
  </overall_official>
  <location>
    <facility>
      <name>Advanced Clinical Research Institute</name>
      <address>
        <city>Anaheim</city>
        <state>California</state>
        <zip>92801</zip>
        <country>United States</country>
      </address>
    </facility>
  </location>
  <location>
    <facility>
      <name>Orlando Clinical Research Center</name>
      <address>
        <city>Orlando</city>
        <state>Florida</state>
        <zip>32809</zip>
        <country>United States</country>
      </address>
    </facility>
  </location>
  <location_countries>
    <country>United States</country>
  </location_countries>
  <link>
    <url>http://ctr.bms.com/ctd/start.do</url>
    <description>BMS Clinical Trials Disclosure</description>
  </link>
  <link>
    <url>http://www.bms.com/clinical_trials/Pages/Investigator_Inquiry_form.aspx</url>
    <description>Investigator Inquiry form</description>
  </link>
  <link>
    <url>http://www.fda.gov/MEDWATCH/safety.htm</url>
    <description>For FDA Safety Alerts and Recalls refer to the following link: http://www.fda.gov/MEDWATCH/safety.htm</description>
  </link>
  <verification_date>September 2015</verification_date>
  <lastchanged_date>September 9, 2015</lastchanged_date>
  <firstreceived_date>March 6, 2009</firstreceived_date>
  <firstreceived_results_date>August 10, 2015</firstreceived_results_date>
  <responsible_party>
    <responsible_party_type>Sponsor</responsible_party_type>
  </responsible_party>
  <is_fda_regulated>Yes</is_fda_regulated>
  <is_section_801>No</is_section_801>
  <has_expanded_access>No</has_expanded_access>
  <condition_browse>
    <!-- CAUTION:  The following MeSH terms are assigned with an imperfect algorithm  -->
    <mesh_term>Hepatic Insufficiency</mesh_term>
  </condition_browse>
  <!-- Results are available for this study                                           -->
</clinical_study>
