<?xml version="1.0" encoding="UTF-8"?>
<clinical_study rank="912">
  <!-- This xml conforms to an XML Schema at:
    https://clinicaltrials.gov/ct2/html/images/info/public.xsd
 and an XML DTD at:
    https://clinicaltrials.gov/ct2/html/images/info/public.dtd -->
  <required_header>
    <download_date>ClinicalTrials.gov processed this data on December 13, 2015</download_date>
    <link_text>Link to the current ClinicalTrials.gov record.</link_text>
    <url>https://clinicaltrials.gov/show/NCT00807001</url>
  </required_header>
  <id_info>
    <org_study_id>2355-003</org_study_id>
    <secondary_id>IDX-08C-003</secondary_id>
    <nct_id>NCT00807001</nct_id>
  </id_info>
  <brief_title>Double-Blind, Dose-Escalation Study of IDX184 in Chronic Hepatitis C Treatment-Naïve Subjects</brief_title>
  <official_title>A Phase I/II, Double-Blind, Dose-Escalation Study to Evaluate the Safety and Antiviral Activity of IDX184 in Treatment-Naïve Subjects Infected With Genotype 1 Chronic Hepatitis C</official_title>
  <sponsors>
    <lead_sponsor>
      <agency>Merck Sharp &amp; Dohme Corp.</agency>
      <agency_class>Industry</agency_class>
    </lead_sponsor>
  </sponsors>
  <source>Merck Sharp &amp; Dohme Corp.</source>
  <oversight_info>
    <authority>United States: Food and Drug Administration</authority>
    <authority>Argentina: Ministry of Health</authority>
    <authority>European Union: National Health Authorities.</authority>
    <has_dmc>No</has_dmc>
  </oversight_info>
  <brief_summary>
    <textblock>
      This is a proof-of-concept study which will provide data about the safety and antiviral
      activity of several doses of the investigational drug IDX184 given for 3 days in
      treatment-naive HCV genotype 1-infected subjects so that optimal doses can be chosen for
      testing in later studies.
    </textblock>
  </brief_summary>
  <overall_status>Completed</overall_status>
  <start_date>December 2008</start_date>
  <completion_date type="Actual">July 2009</completion_date>
  <primary_completion_date type="Actual">July 2009</primary_completion_date>
  <phase>Phase 1/Phase 2</phase>
  <study_type>Interventional</study_type>
  <study_design>Allocation: Randomized, Endpoint Classification: Safety/Efficacy Study, Intervention Model: Parallel Assignment, Masking: Double Blind (Subject, Investigator), Primary Purpose: Treatment</study_design>
  <primary_outcome>
    <measure>Number of Subjects With Any Adverse Event (Side Effect) and the Severity of Those Adverse Events</measure>
    <time_frame>17 days</time_frame>
    <safety_issue>Yes</safety_issue>
    <description>Monitoring of adverse events, physical examination, routine safety laboratory parameters and electrocardiograms. 1=mild, 2=moderate, 3=severe, 4=potentially life-threatening</description>
  </primary_outcome>
  <secondary_outcome>
    <measure>Antiviral Activity at Day 4. Change in Plasma HCV RNA (Hepatitis C Virus Ribonucleic Acid)</measure>
    <time_frame>Baseline to 4 days</time_frame>
    <safety_issue>No</safety_issue>
    <description>Measures how much virus is in the blood.</description>
  </secondary_outcome>
  <number_of_arms>4</number_of_arms>
  <enrollment type="Actual">41</enrollment>
  <condition>Chronic Hepatitis C (HCV)</condition>
  <arm_group>
    <arm_group_label>Cohort A</arm_group_label>
    <arm_group_type>Experimental</arm_group_type>
    <description>Subjects randomized 8:2 (active:placebo) to receive one 25 milligrams (mg) capsule of IDX184 per day for 3 days. Fourteen days after treatment, subjects were offered a course of pegylated interferon and ribavirin according to local standard of care.</description>
  </arm_group>
  <arm_group>
    <arm_group_label>Cohort B</arm_group_label>
    <arm_group_type>Experimental</arm_group_type>
    <description>Subjects randomized 8:2 (active:placebo) to receive two 25 mg capsules of IDX184 per day for 3 days. Fourteen days after treatment, subjects were offered a course of pegylated interferon and ribavirin according to local standard of care.</description>
  </arm_group>
  <arm_group>
    <arm_group_label>Cohort C</arm_group_label>
    <arm_group_type>Experimental</arm_group_type>
    <description>Subjects randomized 8:2 (active:placebo) to receive three 25 mg capsules of IDX184 per day for 3 days. Fourteen days after treatment, subjects were offered a course of pegylated interferon and ribavirin according to local standard of care.</description>
  </arm_group>
  <arm_group>
    <arm_group_label>Cohort D</arm_group_label>
    <arm_group_type>Experimental</arm_group_type>
    <description>Subjects randomized 8:2 (active:placebo) to receive four 25 mg capsules of IDX184 per day for 3 days. Fourteen days after treatment, subjects were offered a course of pegylated interferon and ribavirin according to local standard of care.</description>
  </arm_group>
  <intervention>
    <intervention_type>Drug</intervention_type>
    <intervention_name>IDX184</intervention_name>
    <description>oral dose, active or placebo</description>
    <arm_group_label>Cohort A</arm_group_label>
    <arm_group_label>Cohort B</arm_group_label>
    <arm_group_label>Cohort C</arm_group_label>
    <arm_group_label>Cohort D</arm_group_label>
  </intervention>
  <eligibility>
    <criteria>
      <textblock>
        Inclusion criteria:

          1. 18-65 years old

          2. Subject of childbearing potential must agree to use a consistent form of an
             acceptable double-barrier method of birth control.

          3. Plasma HCV RNA ≥ 5 log10 IU/mL

          4. HCV genotype 1

        Exclusion criteria:

          1. Received prior antiviral treatment for hepatitis C infection

          2. Subject is pregnant or breastfeeding

          3. Body Mass Index (BMI) &gt; 32

          4. Currently abusing alcohol or illicit drugs

          5. Currently receiving methadone, buprenorphine or other drugs for the treatment of
             opioid addiction

          6. Co-infected with hepatitis B virus (HBV, HBsAg positive) and/or human
             immunodeficiency virus (HIV)
      </textblock>
    </criteria>
    <gender>Both</gender>
    <minimum_age>18 Years</minimum_age>
    <maximum_age>65 Years</maximum_age>
    <healthy_volunteers>No</healthy_volunteers>
  </eligibility>
  <removed_countries>
    <country>Argentina</country>
    <country>Austria</country>
    <country>Belgium</country>
    <country>France</country>
    <country>Poland</country>
    <country>United States</country>
  </removed_countries>
  <results_reference>
    <citation>Lalezari J, Asmuth D, Casiró A, Vargas H, Lawrence S, Dubuc-Patrick G, Chen J, McCarville J, Pietropaolo K, Zhou XJ, Sullivan-Bólyai J, Mayers D. Short-term monotherapy with IDX184, a liver-targeted nucleotide polymerase inhibitor, in patients with chronic hepatitis C virus infection. Antimicrob Agents Chemother. 2012 Dec;56(12):6372-8. doi: 10.1128/AAC.01521-12. Epub 2012 Oct 15.</citation>
    <PMID>23070151</PMID>
  </results_reference>
  <verification_date>April 2015</verification_date>
  <lastchanged_date>April 22, 2015</lastchanged_date>
  <firstreceived_date>December 10, 2008</firstreceived_date>
  <firstreceived_results_date>October 8, 2010</firstreceived_results_date>
  <responsible_party>
    <responsible_party_type>Sponsor</responsible_party_type>
  </responsible_party>
  <keyword>Hepatitis C, HCV, treatment-naive</keyword>
  <is_fda_regulated>Yes</is_fda_regulated>
  <is_section_801>Yes</is_section_801>
  <has_expanded_access>No</has_expanded_access>
  <condition_browse>
    <!-- CAUTION:  The following MeSH terms are assigned with an imperfect algorithm  -->
    <mesh_term>Hepatitis</mesh_term>
    <mesh_term>Hepatitis A</mesh_term>
    <mesh_term>Hepatitis C</mesh_term>
    <mesh_term>Hepatitis C, Chronic</mesh_term>
    <mesh_term>Hepatitis, Chronic</mesh_term>
  </condition_browse>
  <!-- Results are available for this study                                           -->
</clinical_study>
