<?xml version="1.0" encoding="UTF-8"?>
<clinical_study rank="90">
  <!-- This xml conforms to an XML Schema at:
    https://clinicaltrials.gov/ct2/html/images/info/public.xsd
 and an XML DTD at:
    https://clinicaltrials.gov/ct2/html/images/info/public.dtd -->
  <required_header>
    <download_date>ClinicalTrials.gov processed this data on December 13, 2015</download_date>
    <link_text>Link to the current ClinicalTrials.gov record.</link_text>
    <url>https://clinicaltrials.gov/show/NCT00245414</url>
  </required_header>
  <id_info>
    <org_study_id>ML18501</org_study_id>
    <nct_id>NCT00245414</nct_id>
  </id_info>
  <brief_title>Trial of Pegasys® in Patients With Chronic Hepatitis C</brief_title>
  <official_title>Post-marketing Clinical Trial of Pegasys® 180μg for Subcutaneous Injection in Patients With Chronic Hepatitis C. General Clinical Study in Interferon (IFN)-Treated and IFN-untreated Chronic Hepatitis C Patients, Except for Those Infected With High Viral Load of Genotype 1b</official_title>
  <sponsors>
    <lead_sponsor>
      <agency>Chugai Pharmaceutical</agency>
      <agency_class>Industry</agency_class>
    </lead_sponsor>
  </sponsors>
  <source>Chugai Pharmaceutical</source>
  <oversight_info>
    <authority>Japan: Ministry of Health, Labor and Welfare</authority>
    <has_dmc>No</has_dmc>
  </oversight_info>
  <brief_summary>
    <textblock>
      The purpose of this study is to investigate the efficacy and safety of Pegasys® 180μg for
      subcutaneous (s.c.) injection in interferon (IFN)-treated or IFN-untreated chronic hepatitis
      C patients except for those infected with genotype 1b of hepatitis C virus (HCV) and a high
      viral load (≥ 100 KIU/mL).

      In addition, this study will explore the efficacy and safety of Pegasys® 180μg for s.c.
      injection given at 2 different periods between 24 and 48 weeks in IFN-untreated chronic
      hepatitis C patients.
    </textblock>
  </brief_summary>
  <overall_status>Completed</overall_status>
  <start_date>October 2005</start_date>
  <completion_date type="Actual">July 2010</completion_date>
  <primary_completion_date type="Actual">July 2010</primary_completion_date>
  <phase>Phase 4</phase>
  <study_type>Interventional</study_type>
  <study_design>Allocation: Non-Randomized, Endpoint Classification: Safety/Efficacy Study, Intervention Model: Single Group Assignment, Masking: Open Label, Primary Purpose: Treatment</study_design>
  <primary_outcome>
    <measure>Sustained viral response as undetectable level of HCV-RNA</measure>
    <time_frame>week 24 from the end of treatment</time_frame>
    <safety_issue>No</safety_issue>
  </primary_outcome>
  <secondary_outcome>
    <measure>Biochemical response as normal level of ALT</measure>
    <time_frame>week 24 from the end of treatment</time_frame>
    <safety_issue>No</safety_issue>
  </secondary_outcome>
  <secondary_outcome>
    <measure>Viral response as undetectable level of HCV-RNA</measure>
    <time_frame>at the end of treatment</time_frame>
    <safety_issue>No</safety_issue>
  </secondary_outcome>
  <number_of_arms>4</number_of_arms>
  <enrollment type="Actual">108</enrollment>
  <condition>Chronic Hepatitis C</condition>
  <arm_group>
    <arm_group_label>1</arm_group_label>
    <arm_group_type>Experimental</arm_group_type>
    <description>Interferon (IFN)-Treated</description>
  </arm_group>
  <arm_group>
    <arm_group_label>2</arm_group_label>
    <arm_group_type>Experimental</arm_group_type>
    <description>Interferon (IFN)-Untreated and Quantitative serum HCV-RNA is positive at week 1</description>
  </arm_group>
  <arm_group>
    <arm_group_label>3</arm_group_label>
    <arm_group_type>Experimental</arm_group_type>
    <description>Interferon (IFN)-Untreated and Quantitative serum HCV-RNA is negative at week 1</description>
  </arm_group>
  <arm_group>
    <arm_group_label>4</arm_group_label>
    <arm_group_type>Experimental</arm_group_type>
    <description>Interferon (IFN)-Untreated and Quantitative serum HCV-RNA is negative at week 1</description>
  </arm_group>
  <intervention>
    <intervention_type>Drug</intervention_type>
    <intervention_name>Pegasys®</intervention_name>
    <description>180μg for s.c./week for 48 weeks</description>
    <arm_group_label>1</arm_group_label>
    <arm_group_label>2</arm_group_label>
    <arm_group_label>3</arm_group_label>
  </intervention>
  <intervention>
    <intervention_type>Drug</intervention_type>
    <intervention_name>Pegasys®</intervention_name>
    <description>180μg for s.c./week for 24 weeks</description>
    <arm_group_label>4</arm_group_label>
  </intervention>
  <eligibility>
    <criteria>
      <textblock>
        Inclusion Criteria:

          -  Quantitative serum HCV-RNA is positive except for high viral load of genotype 1b (≥
             100 KIU/mL)

          -  Observation of serum ALT elevation above upper limit of normal

          -  Chronic hepatitis is evaluated as the negative result (&lt; 0) calculated by the method
             of &quot;formula for discrimination between chronic hepatitis and liver cirrhosis.&quot;

        Exclusion Criteria:

          -  Observation of white blood cells ≦ 3000/mm3; neutrophils ≦ 1500/mm3; platelets ≦
             90,000/mm3; or hemoglobin ≦ 10 g/dL.

          -  Observation of the following situations and disease: severe renal disease, hepatitis
             B co-infection, de-compensated liver disease, liver cirrhosis, hepatocellular
             carcinoma, poorly controlled psychiatric disease, seizure disorders, immunologically
             mediated disease, severe cardiac disease, poorly uncontrolled hypertension, poorly
             controlled diabetes, chronic pulmonary disease, retinopathy, malignant tumor, and
             organ transplant
      </textblock>
    </criteria>
    <gender>Both</gender>
    <minimum_age>20 Years</minimum_age>
    <maximum_age>N/A</maximum_age>
    <healthy_volunteers>No</healthy_volunteers>
  </eligibility>
  <overall_official>
    <last_name>Ken Kashima</last_name>
    <role>Study Director</role>
    <affiliation>Chugai Pharmaceutical</affiliation>
  </overall_official>
  <location>
    <facility>
      <name>Kyusyu Region</name>
      <address>
        <city>Fukuoka</city>
        <country>Japan</country>
      </address>
    </facility>
  </location>
  <location>
    <facility>
      <name>Chugoku Region</name>
      <address>
        <city>Okayama</city>
        <country>Japan</country>
      </address>
    </facility>
  </location>
  <location>
    <facility>
      <name>Kinki Region</name>
      <address>
        <city>Osaka</city>
        <country>Japan</country>
      </address>
    </facility>
  </location>
  <location>
    <facility>
      <name>Hokkaido Region</name>
      <address>
        <city>Sapporo</city>
        <country>Japan</country>
      </address>
    </facility>
  </location>
  <location>
    <facility>
      <name>Kanto Region</name>
      <address>
        <city>Tokyo</city>
        <country>Japan</country>
      </address>
    </facility>
  </location>
  <location>
    <facility>
      <name>Tokai Region</name>
      <address>
        <city>Yamanashi</city>
        <country>Japan</country>
      </address>
    </facility>
  </location>
  <location_countries>
    <country>Japan</country>
  </location_countries>
  <verification_date>November 2010</verification_date>
  <lastchanged_date>November 16, 2010</lastchanged_date>
  <firstreceived_date>October 27, 2005</firstreceived_date>
  <responsible_party>
    <name_title>Chugai Pharmaceutical</name_title>
    <organization>Chugai Pharmaceutical</organization>
  </responsible_party>
  <is_fda_regulated>No</is_fda_regulated>
  <has_expanded_access>No</has_expanded_access>
  <condition_browse>
    <!-- CAUTION:  The following MeSH terms are assigned with an imperfect algorithm  -->
    <mesh_term>Hepatitis</mesh_term>
    <mesh_term>Hepatitis A</mesh_term>
    <mesh_term>Hepatitis C</mesh_term>
    <mesh_term>Hepatitis C, Chronic</mesh_term>
    <mesh_term>Hepatitis, Chronic</mesh_term>
  </condition_browse>
  <intervention_browse>
    <!-- CAUTION:  The following MeSH terms are assigned with an imperfect algorithm  -->
    <mesh_term>Peginterferon alfa-2a</mesh_term>
  </intervention_browse>
  <!-- Results have not yet been posted for this study                                -->
</clinical_study>
