<?xml version="1.0" encoding="UTF-8"?>
<clinical_study rank="67">
  <!-- This xml conforms to an XML Schema at:
    https://clinicaltrials.gov/ct2/html/images/info/public.xsd
 and an XML DTD at:
    https://clinicaltrials.gov/ct2/html/images/info/public.dtd -->
  <required_header>
    <download_date>ClinicalTrials.gov processed this data on December 13, 2015</download_date>
    <link_text>Link to the current ClinicalTrials.gov record.</link_text>
    <url>https://clinicaltrials.gov/show/NCT00571714</url>
  </required_header>
  <id_info>
    <org_study_id>159-07-FB</org_study_id>
    <nct_id>NCT00571714</nct_id>
  </id_info>
  <brief_title>Pilot Comparison of Standard Antiviral Therapy With and Without 12 Weeks of Betaine in Genotype 1 Naive Patients</brief_title>
  <official_title>Comparison of Standard Therapy,Peginterferon Alpha-2a + Ribavirin for 48 Weeks VS Peginterferon Alph-2a + Ribavirin + Betaine for 12 Weeks Followed by 36 Weeks Standard Therapy in Untreated Adults With Chronic Hepatitis C Genotype 1</official_title>
  <sponsors>
    <lead_sponsor>
      <agency>University of Nebraska</agency>
      <agency_class>Other</agency_class>
    </lead_sponsor>
  </sponsors>
  <source>University of Nebraska</source>
  <oversight_info>
    <authority>United States: Institutional Review Board</authority>
    <has_dmc>Yes</has_dmc>
  </oversight_info>
  <brief_summary>
    <textblock>
      The primary purpose of the study is to compare the safety and effectiveness of standard
      treatment for chronic hepatitis C using peginterferon alpha-2a (Pegasys) and ribavirin
      (Copegus) to those same medications plus a dietary supplement called betaine when added for
      the first 12 weeks of treatment.

      Peginterferon alpha-2a (Pegasys) and ribavirin (Copegus) are approved by the FDA (Food and
      Drug Administration) for the treatment of chronic hepatitis C.

      Betaine is a dietary supplement and occurs naturally in the body. It is not a medication
      regulated by the FDA or an approved drug for chronic hepatitis C.
    </textblock>
  </brief_summary>
  <detailed_description>
    <textblock>
      Although pegylated alpha interferon and ribavirin will likely be part of the core therapy
      for chronic HCV for the next several years, there are a number of complimentary antiviral
      agents in development including protease or polymerase inhibitors, RNA vaccines and
      immunomodulators (5). However, it would be unlikely to have FDA approval for any of these
      newer agents before the next 3 - 5 years, i.e. 2010-2012.

      Betaine, a naturally occurring anti-oxidant metabolite of choline and an amino acid analog
      (tri-methyl-glycine), serves as a methylation agent to re-methylate damaged cell proteins or
      enzymes (6). By virtue of its metabolic role in decreasing toxic metabolites, betaine also
      protects against alcohol-induced fatty liver and apoptosis. Recently, pilot studies
      performed both at the Mayo Clinic and here at UNMC showed its applicability as a treatment
      of non-alcoholic fatty liver in human subjects (7, 8).

      Betaine has also recently been found to promote interferon function by overcoming HCV -
      induced inhibition of interferon signaling (9). Naturally-occurring HCV proteins during
      human infection can hypo-methylate proteins integral to the Jak - STAT (signal transducers
      and activators of transcription) pathway, thereby inhibiting the antiviral activity of
      interferon. In cultured cells betaine administration, in a physiologically attainable
      concentration, restored STAT methylation and improved interferon signaling (9).
    </textblock>
  </detailed_description>
  <overall_status>Terminated</overall_status>
  <why_stopped>
    lack of enrollment
  </why_stopped>
  <start_date>April 2008</start_date>
  <completion_date type="Actual">March 2010</completion_date>
  <primary_completion_date type="Actual">March 2010</primary_completion_date>
  <phase>N/A</phase>
  <study_type>Interventional</study_type>
  <study_design>Allocation: Randomized, Endpoint Classification: Safety/Efficacy Study, Intervention Model: Parallel Assignment, Masking: Open Label, Primary Purpose: Treatment</study_design>
  <primary_outcome>
    <measure>Sustained Viral Response 24 weeks following the end of anti-viral therapy</measure>
    <time_frame>72 weeks</time_frame>
    <safety_issue>No</safety_issue>
  </primary_outcome>
  <secondary_outcome>
    <measure>Comparison of rapid and early virologic response in the first 4 and 12 weeks of therapy</measure>
    <time_frame>12 weeks</time_frame>
    <safety_issue>No</safety_issue>
  </secondary_outcome>
  <secondary_outcome>
    <measure>Comparison of the safety of the two treatment regimens</measure>
    <time_frame>48 weeks</time_frame>
    <safety_issue>Yes</safety_issue>
  </secondary_outcome>
  <secondary_outcome>
    <measure>Comparison of ALT normalization between the two regimens</measure>
    <time_frame>48 weeks</time_frame>
    <safety_issue>No</safety_issue>
  </secondary_outcome>
  <secondary_outcome>
    <measure>Comparison of the effect on interferon gene signaling in peripheral blood mononuclear cells between the two regimens in the first 12 weeks of therapy.</measure>
    <time_frame>12 weeks</time_frame>
    <safety_issue>No</safety_issue>
  </secondary_outcome>
  <number_of_arms>2</number_of_arms>
  <enrollment type="Anticipated">44</enrollment>
  <condition>Chronic Hepatitis C</condition>
  <arm_group>
    <arm_group_label>1</arm_group_label>
    <arm_group_type>Active Comparator</arm_group_type>
    <description>Peginterferon alpha-2a q week plus weight based ribavirin (800-1400mg/day)in 2 divided daily doses</description>
  </arm_group>
  <arm_group>
    <arm_group_label>2</arm_group_label>
    <arm_group_type>Active Comparator</arm_group_type>
    <description>Peginterferon alpha-2a q week plus weight based ribavirin (800-1400mg/day) in 2 divided daily doses plus betaine (20gm/day) in 2 divided doses for 12 weeks followed by Peginterferon alpha-2a q week plus weight based ribavirin (800-1400mg/day) in 2 divided daily doses for 36 weeks</description>
  </arm_group>
  <intervention>
    <intervention_type>Drug</intervention_type>
    <intervention_name>Peginterferon alpha-2a and ribavirin</intervention_name>
    <description>Peginterferon alpha-2a 180mcg by subcutaneous injection every week and weight based ribavirin, 800 to 1400mg/day by mouth in two divided doses every day for 48 weeks</description>
    <arm_group_label>1</arm_group_label>
    <other_name>Pegasys</other_name>
    <other_name>Copegus</other_name>
  </intervention>
  <intervention>
    <intervention_type>Drug</intervention_type>
    <intervention_name>Peginterferon alpha-2a , ribavirin and betaine</intervention_name>
    <description>Peginterferon alpha-2a 180mcg given by subcutaneous injection every week plus weight based ribavirin 800 to 1400 mg/day by mouth in divided doses twice a day plus betaine 10 gm dissolved in juice twice a day for twelve weeks followed by peginterferon alpha-2a 180 mcg given by subcutaneous injection every week plus weight based ribavirin 800 to 1400mg/day by mouth in divided doses twice a day for 36 weeks.</description>
    <arm_group_label>2</arm_group_label>
    <other_name>Pegasys</other_name>
    <other_name>Copegas</other_name>
  </intervention>
  <eligibility>
    <criteria>
      <textblock>
        Inclusion Criteria:

          -  Subject must be willing to give informed consent and be able to adhere to dose and
             visit schedules.

          -  History of chronic hepatitis C as documented by either anti-HCV or HCV RNA
             positivity.

          -  Adult subjects 19-70 years of age, of either gender

          -  Liver biopsy within 3 years prior to the screening 1 visit.

          -  Compensated liver disease with the following maximum hematologic, biochemical and
             serologic criteria at the Screening visit (WNL=within normal limits) Hemoglobin &gt; 12
             g/dl for females and &gt;13 g/dl for males, WBC &gt; 3000/mm3, Platelets &gt; 80,000/mm3,
             Direct Bilirubin - WNL. Indirect bilirubin - WNL, Albumin - WNL, Serum Creatinine -
             WNL.

          -  Fasting glucose should be 70 -140 mg/dl, results between 116-140 require a HbA1c &lt;
             8.5%

          -  TSH - WNL

          -  Subjects with a history of mild depression may be considered for entry in to this
             study provided that a pretreatment assessment of the subject's affective status
             supports that the subject is clinically stable.

          -  Subjects with a history of substance abuse must have abstained from using the
             substance for at least one year prior to the Screening visit.

          -  Antinuclear antibodies (ANA) &lt; 1:320

          -  No radiologic evidence of a focal mass suggestive of hepatoma and/or ascites.

        Exclusion Criteria:

          -  Pregnant or nursing subjects. Subjects who intend to become pregnant during the study
             period. Subjects with partners who intend to become pregnant during the study period.

          -  History of new hepatitis C exposure within the last 6 months

          -  Prior treatment for chronic hepatitis C.

          -  Current or intended use of G-CSF and/or GM-CSF during the stud period is prohibited.
             Current use of erythropoietin (EPO) is prohibited.

          -  Suspected hypersensitivity to any interferon product or ribavirin

          -  Participation in any other clinical trial within 30 days of Screening visit

          -  Treatment with any investigational drug within 30 days of Screening visit 1.

          -  Any other cause for liver disease other than CHC.

          -  Coagulopathies including hemophilia

          -  Hemoglobinopathies

          -  G6PD deficiency

          -  Coinfection with HIV and/or HBV

          -  Evidence of active or suspected malignancy or a history of malignancy within the last
             five years (with the exception of adequately treated basal cell carcinoma of the
             skin).

          -  Evidence of decompensated liver disease such as history or presence of ascites,
             bleeding varices or hepatic encephalopathy

          -  Subjects with organ transplants other than cornea or hair transplant

          -  Any Known preexisting medical condition, that could interfere with the subject's
             participation in and completion of the study.
      </textblock>
    </criteria>
    <gender>Both</gender>
    <minimum_age>19 Years</minimum_age>
    <maximum_age>70 Years</maximum_age>
    <healthy_volunteers>No</healthy_volunteers>
  </eligibility>
  <overall_official>
    <last_name>Mark E Mailliard, M.D.</last_name>
    <role>Principal Investigator</role>
    <affiliation>University of Nebraska</affiliation>
  </overall_official>
  <location>
    <facility>
      <name>Nebraska Medical Center</name>
      <address>
        <city>Omaha</city>
        <state>Nebraska</state>
        <zip>68198</zip>
        <country>United States</country>
      </address>
    </facility>
  </location>
  <location_countries>
    <country>United States</country>
  </location_countries>
  <reference>
    <citation>Abdelmalek MF, Angulo P, Jorgensen RA, Sylvestre PB, Lindor KD. Betaine, a promising new agent for patients with nonalcoholic steatohepatitis: results of a pilot study. Am J Gastroenterol. 2001 Sep;96(9):2711-7.</citation>
    <PMID>11569700</PMID>
  </reference>
  <reference>
    <citation>Duong FH, Christen V, Filipowicz M, Heim MH. S-Adenosylmethionine and betaine correct hepatitis C virus induced inhibition of interferon signaling in vitro. Hepatology. 2006 Apr;43(4):796-806.</citation>
    <PMID>16557551</PMID>
  </reference>
  <results_reference>
    <citation>8. Mukherjee S, Bernard T, Schafer D, et al. Impact of betaine on hepatic fibrosis and homocysteine in nonalcoholic steatohepatitis: a prospective cohort study [abstract]. Hepatology 2005; 42: 610A.</citation>
  </results_reference>
  <verification_date>June 2010</verification_date>
  <lastchanged_date>June 23, 2010</lastchanged_date>
  <firstreceived_date>December 11, 2007</firstreceived_date>
  <responsible_party>
    <name_title>Mark Mailliard, M.D.</name_title>
    <organization>University of Nebraska Medical Center</organization>
  </responsible_party>
  <keyword>Chronic hepatitis C</keyword>
  <keyword>Pilot Comparison</keyword>
  <keyword>Peginterferon alph-2a</keyword>
  <keyword>Ribavirin</keyword>
  <keyword>Betaine</keyword>
  <keyword>Genotype 1</keyword>
  <keyword>Treatment naive</keyword>
  <is_fda_regulated>Yes</is_fda_regulated>
  <is_section_801>Yes</is_section_801>
  <has_expanded_access>No</has_expanded_access>
  <condition_browse>
    <!-- CAUTION:  The following MeSH terms are assigned with an imperfect algorithm  -->
    <mesh_term>Hepatitis</mesh_term>
    <mesh_term>Hepatitis C</mesh_term>
    <mesh_term>Hepatitis C, Chronic</mesh_term>
    <mesh_term>Hepatitis, Chronic</mesh_term>
  </condition_browse>
  <intervention_browse>
    <!-- CAUTION:  The following MeSH terms are assigned with an imperfect algorithm  -->
    <mesh_term>Betaine</mesh_term>
    <mesh_term>Interferon-alpha</mesh_term>
    <mesh_term>Peginterferon alfa-2a</mesh_term>
    <mesh_term>Ribavirin</mesh_term>
  </intervention_browse>
  <!-- Results have not yet been posted for this study                                -->
</clinical_study>
