<?xml version="1.0" encoding="UTF-8"?>
<clinical_study rank="495">
  <!-- This xml conforms to an XML Schema at:
    https://clinicaltrials.gov/ct2/html/images/info/public.xsd
 and an XML DTD at:
    https://clinicaltrials.gov/ct2/html/images/info/public.dtd -->
  <required_header>
    <download_date>ClinicalTrials.gov processed this data on December 13, 2015</download_date>
    <link_text>Link to the current ClinicalTrials.gov record.</link_text>
    <url>https://clinicaltrials.gov/show/NCT00003542</url>
  </required_header>
  <id_info>
    <org_study_id>98-052</org_study_id>
    <secondary_id>CDR0000066596</secondary_id>
    <secondary_id>ROCHE-NO15753C</secondary_id>
    <secondary_id>UCLA-9903045</secondary_id>
    <secondary_id>NCI-G98-1475</secondary_id>
    <nct_id>NCT00003542</nct_id>
  </id_info>
  <brief_title>Interferon Alfa in Treating Patients With Advanced Kidney Cancer</brief_title>
  <official_title>Phase I/II Study of Subcutaneous Administration of Pegylated-Interferon Alpha-2A (RO 25-8310) in Previously Untreated Patients With Locally Advanced or Metastatic Renal Cell Carcinoma</official_title>
  <sponsors>
    <lead_sponsor>
      <agency>Memorial Sloan Kettering Cancer Center</agency>
      <agency_class>Other</agency_class>
    </lead_sponsor>
    <collaborator>
      <agency>National Cancer Institute (NCI)</agency>
      <agency_class>NIH</agency_class>
    </collaborator>
  </sponsors>
  <source>Memorial Sloan Kettering Cancer Center</source>
  <oversight_info>
    <authority>United States: Federal Government</authority>
  </oversight_info>
  <brief_summary>
    <textblock>
      RATIONALE: Interferon alfa may interfere with the growth of cancer cells.

      PURPOSE: Phase I/II trial to study the effectiveness of interferon alfa in treating patients
      with advanced kidney cancer.
    </textblock>
  </brief_summary>
  <detailed_description>
    <textblock>
      OBJECTIVES: I. Determine the maximum tolerated dose (MTD) of pegylated-interferon alfa-2a in
      patients with advanced or metastatic renal cell carcinoma. II. Evaluate the safety profile
      of the MTD in this patient population. III. Determine the objective response rate, time to
      response, duration of response, time to progression, and survival rate in this patient
      population.

      OUTLINE: This is a dose escalation, open label, multicenter study. Patients receive
      pegylated-interferon alfa-2a (PEG-IFN) subcutaneously once a week for 24 weeks. Dose
      escalation of PEG-IFN continues until the maximum tolerated dose (MTD) is determined. The
      MTD is defined as the dose preceding that at which 2 of 6 patients experience dose limiting
      toxicity. After the MTD of PEG-IFN is determined, additional patients are treated at this
      dose level. These patients may continue treatment after the first 24 weeks for up to 1 year,
      in the absence of disease progression. Patients are followed for 4 weeks.

      PROJECTED ACCRUAL: A total of 46-58 patients will be accrued for this study within 9 months.
    </textblock>
  </detailed_description>
  <overall_status>Completed</overall_status>
  <start_date>May 1998</start_date>
  <completion_date type="Actual">April 2004</completion_date>
  <primary_completion_date type="Actual">April 2004</primary_completion_date>
  <phase>Phase 1/Phase 2</phase>
  <study_type>Interventional</study_type>
  <study_design>Primary Purpose: Treatment</study_design>
  <enrollment type="Anticipated">58</enrollment>
  <condition>Kidney Cancer</condition>
  <intervention>
    <intervention_type>Biological</intervention_type>
    <intervention_name>pegylated interferon alfa</intervention_name>
  </intervention>
  <eligibility>
    <criteria>
      <textblock>
        DISEASE CHARACTERISTICS: Histologically or cytologically confirmed advanced or metastatic
        renal cell carcinoma Bidimensionally measurable lesions that have not been irradiated
        Minimum indicator lesion size: Liver, soft tissue, or other masses - one diameter at least
        20 mm (evaluable only radiographically) Lung - one diameter at least 10 mm by x-ray or CT
        scan Skin lesions and lymph nodes - one diameter at least 10 mm by clinical measurement No
        clinical or radiologic evidence of CNS metastases

        PATIENT CHARACTERISTICS: Age: 18 and over Performance status: Karnofsky 80-100% Life
        expectancy: Not specified Hematopoietic: WBC at least 3000/mm3 Neutrophil count at least
        1500/mm3 Platelet count at least 100,000/mm3 Hemoglobin at least 10 g/dL (red cell
        transfusions allowed) Hepatic: Bilirubin no greater than 1.5 times the upper limit of
        normal (ULN) (except for patients with Gilbert's syndrome) ALT and/or AST no greater than
        2.5 times ULN (no greater than 4 times ULN with liver metastases) Alkaline phosphatase no
        greater than 2.5 times ULN (no greater than 4 times ULN with liver metastases) Renal:
        Creatinine no greater than 1.5 times ULN Cardiovascular: No history of severe cardiac
        disease: New York Heart Association class II (if not due to cancer), III, or IV Myocardial
        infarction within the past 6 months Ventricular tachyarrhythmias requiring ongoing
        treatment Unstable angina Other: Not pregnant or nursing Fertile patients must use
        effective contraception No other prior or concurrent malignancy except basal cell
        carcinoma of the skin, carcinoma in situ of the cervix, or any other malignancy from which
        the patient has been disease free for at least 2 years No history of medically significant
        psychiatric disease, especially depression No history or evidence of retinopathy No
        seizure disorders

        PRIOR CONCURRENT THERAPY: Biologic therapy: No prior or concurrent immunotherapy, biologic
        response modifiers, cytokines, monoclonal antibodies, antitumor vaccines, or any other
        systemic therapy Chemotherapy: No prior or concurrent chemotherapy Endocrine therapy: No
        prior or concurrent hormone therapy Hormone replacement after adrenalectomy is allowed
        Radiotherapy: Prior radiotherapy allowed No concurrent radiotherapy Surgery: Prior
        nephrectomy allowed Other: No other concurrent investigational drugs No concurrent
        anticonvulsant therapy
      </textblock>
    </criteria>
    <gender>Both</gender>
    <minimum_age>18 Years</minimum_age>
    <maximum_age>N/A</maximum_age>
    <healthy_volunteers>No</healthy_volunteers>
  </eligibility>
  <overall_official>
    <last_name>Robert J. Motzer, MD</last_name>
    <role>Study Chair</role>
    <affiliation>Memorial Sloan Kettering Cancer Center</affiliation>
  </overall_official>
  <location>
    <facility>
      <name>Jonsson Comprehensive Cancer Center, UCLA</name>
      <address>
        <city>Los Angeles</city>
        <state>California</state>
        <zip>90095-1781</zip>
        <country>United States</country>
      </address>
    </facility>
  </location>
  <location>
    <facility>
      <name>Memorial Sloan-Kettering Cancer Center</name>
      <address>
        <city>New York</city>
        <state>New York</state>
        <zip>10021</zip>
        <country>United States</country>
      </address>
    </facility>
  </location>
  <location_countries>
    <country>United States</country>
  </location_countries>
  <link>
    <url>http://cancer.gov/clinicaltrials/MSKCC-98052</url>
    <description>Clinical trial summary from the National Cancer Institute's PDQ® database</description>
  </link>
  <verification_date>June 2013</verification_date>
  <lastchanged_date>June 24, 2013</lastchanged_date>
  <firstreceived_date>November 1, 1999</firstreceived_date>
  <keyword>stage III renal cell cancer</keyword>
  <keyword>stage IV renal cell cancer</keyword>
  <has_expanded_access>No</has_expanded_access>
  <condition_browse>
    <!-- CAUTION:  The following MeSH terms are assigned with an imperfect algorithm  -->
    <mesh_term>Carcinoma, Renal Cell</mesh_term>
    <mesh_term>Kidney Neoplasms</mesh_term>
  </condition_browse>
  <intervention_browse>
    <!-- CAUTION:  The following MeSH terms are assigned with an imperfect algorithm  -->
    <mesh_term>Interferon-alpha</mesh_term>
    <mesh_term>Interferons</mesh_term>
  </intervention_browse>
  <!-- Results have not yet been posted for this study                                -->
</clinical_study>
