<?xml version="1.0" encoding="UTF-8"?>
<clinical_study rank="202">
  <!-- This xml conforms to an XML Schema at:
    https://clinicaltrials.gov/ct2/html/images/info/public.xsd
 and an XML DTD at:
    https://clinicaltrials.gov/ct2/html/images/info/public.dtd -->
  <required_header>
    <download_date>ClinicalTrials.gov processed this data on December 13, 2015</download_date>
    <link_text>Link to the current ClinicalTrials.gov record.</link_text>
    <url>https://clinicaltrials.gov/show/NCT00148837</url>
  </required_header>
  <id_info>
    <org_study_id>2004-001326-24</org_study_id>
    <secondary_id>ANRSHC17 Prazor</secondary_id>
    <nct_id>NCT00148837</nct_id>
  </id_info>
  <brief_title>Efficacy of Prazosin Versus Placebo Associated With Peg-Interferon Alpha 2b and Ribavirin in Chronic Hepatitis C With Genotype 1 or 4 and Severe Fibrosis</brief_title>
  <official_title>Randomized Double Blind Trial Comparing the Efficacy of Prazosin Versus Placebo Associated With Peg-Interferon Alpha 2b and Ribavirin for Initial Treatment of Patients With Hepatitis C With Genotype 1 or 4 and Severe Fibrosis</official_title>
  <sponsors>
    <lead_sponsor>
      <agency>French National Agency for Research on AIDS and Viral Hepatitis</agency>
      <agency_class>Other</agency_class>
    </lead_sponsor>
  </sponsors>
  <source>French National Agency for Research on AIDS and Viral Hepatitis</source>
  <oversight_info>
    <authority>France: Afssaps - Agence française de sécurité sanitaire des produits de santé (Saint-Denis)</authority>
    <has_dmc>No</has_dmc>
  </oversight_info>
  <brief_summary>
    <textblock>
      Viral hepatitis C prognosis is related to the presence of a fibrosis and to the risk of
      developing cirrhosis or hepatic cancer. The study will evaluate the efficacy of prazosin to
      make hepatic fibrosis regress, in patients with chronic hepatitis C and severe fibrosis.
    </textblock>
  </brief_summary>
  <detailed_description>
    <textblock>
      Treatment of hepatitis C with interferon and ribavirin has a virological effect. Viral
      hepatitis C prognosis is related to the presence of a fibrosis and to the risk of developing
      cirrhosis or hepatic cancer. In vitro studies of prazosin suggest an effect against hepatic
      fibrosis, but the clinical effect of prazosin on the hepatic fibrosis induced by hepatitis C
      infection is unknown. The purpose of this multicentric national study is to compare the
      effects among the hepatic fibrosis of peg-interferon alpha 2b and ribavirin with prazosin or
      not (placebo). 112 patients with a viral hepatitis C, genotype 1 or 4, and severe fibrosis,
      will be randomly assigned to one of two treatment groups: peg-interferon alpha 2b and
      ribavirin, with prazosin or with placebo. Peg-interferon alpha 2b will be administered once
      a week (1.5 micro g per kg) during 48 weeks, ribavirin 1,000 to 1,200 mg per day (according
      to weight) during 48 weeks, prazosin/placebo 5 mg (2 pills) per day during 96 weeks.
      Evaluation will be done at 96 weeks. The primary end-point is the proportion of patients
      presenting a decrease of fibrosis. Secondary end-points are other criteria of histological
      response, virological response, biochemical response.
    </textblock>
  </detailed_description>
  <overall_status>Active, not recruiting</overall_status>
  <start_date>September 2004</start_date>
  <phase>Phase 2</phase>
  <study_type>Interventional</study_type>
  <study_design>Allocation: Randomized, Endpoint Classification: Efficacy Study, Intervention Model: Parallel Assignment, Masking: Double-Blind, Primary Purpose: Treatment</study_design>
  <primary_outcome>
    <measure>Proportion of patients presenting a decrease of fibrosis as measured on the liver biopsy and considered as clinically interesting (decrease of fibrosis pre- and post-therapeutic (W96) measures of at least 10 percent)</measure>
  </primary_outcome>
  <secondary_outcome>
    <measure>Metavir scoring system; immunostaining of alpha-smooth muscle actin; indirect markers of fibrosis (Fibrotest) at W96</measure>
  </secondary_outcome>
  <secondary_outcome>
    <measure>Sustained virological response: undetectable HCV RNA at W96</measure>
  </secondary_outcome>
  <secondary_outcome>
    <measure>Sustained biochemical response: ALT level at W96</measure>
  </secondary_outcome>
  <number_of_arms>2</number_of_arms>
  <enrollment type="Actual">112</enrollment>
  <condition>Hepatitis C, Chronic</condition>
  <condition>Fibrosis</condition>
  <intervention>
    <intervention_type>Drug</intervention_type>
    <intervention_name>Peg-interferon alpha 2b (drug)</intervention_name>
  </intervention>
  <intervention>
    <intervention_type>Drug</intervention_type>
    <intervention_name>Ribavirin (drug)</intervention_name>
  </intervention>
  <intervention>
    <intervention_type>Drug</intervention_type>
    <intervention_name>Prazosin (drug)</intervention_name>
  </intervention>
  <eligibility>
    <criteria>
      <textblock>
        Inclusion Criteria:

          -  Chronic viral hepatitis C, genotype 1 or 4

          -  Fibrosis F3 or F3-F4, assessed by the scoring Metavir system

          -  Initial treatment against HCV

        Exclusion Criteria:

          -  Psychiatric pathology

          -  Alcool consummation

          -  Pregnancy or plan of pregnancy

          -  Breastfeeding
      </textblock>
    </criteria>
    <gender>Both</gender>
    <minimum_age>18 Years</minimum_age>
    <maximum_age>N/A</maximum_age>
    <healthy_volunteers>No</healthy_volunteers>
  </eligibility>
  <overall_official>
    <last_name>de Ledinghen Victor, MD, PhD</last_name>
    <role>Principal Investigator</role>
    <affiliation>Hopital du Haut-Leveque, Service d'Hepato-Gastroenterologie, Pessac 33604, France</affiliation>
  </overall_official>
  <overall_official>
    <last_name>Chene Genevieve, MD, PhD</last_name>
    <role>Study Director</role>
    <affiliation>INSERM Unite 593, Bordeaux, France</affiliation>
  </overall_official>
  <location>
    <facility>
      <name>Hopital du haut Leveque</name>
      <address>
        <city>Pessac</city>
        <zip>33604</zip>
        <country>France</country>
      </address>
    </facility>
  </location>
  <location_countries>
    <country>France</country>
  </location_countries>
  <verification_date>February 2008</verification_date>
  <lastchanged_date>February 6, 2008</lastchanged_date>
  <firstreceived_date>September 7, 2005</firstreceived_date>
  <responsible_party>
    <name_title>Nadia Squalli/regulatory affairs</name_title>
    <organization>ANRS</organization>
  </responsible_party>
  <keyword>Hepatitis C, Chronic</keyword>
  <keyword>Fibrosis</keyword>
  <keyword>Interferon Alfa-2b</keyword>
  <keyword>Ribavirin</keyword>
  <keyword>Prazosin</keyword>
  <is_fda_regulated>No</is_fda_regulated>
  <has_expanded_access>No</has_expanded_access>
  <condition_browse>
    <!-- CAUTION:  The following MeSH terms are assigned with an imperfect algorithm  -->
    <mesh_term>Fibrosis</mesh_term>
    <mesh_term>Hepatitis</mesh_term>
    <mesh_term>Hepatitis A</mesh_term>
    <mesh_term>Hepatitis C</mesh_term>
    <mesh_term>Hepatitis C, Chronic</mesh_term>
  </condition_browse>
  <intervention_browse>
    <!-- CAUTION:  The following MeSH terms are assigned with an imperfect algorithm  -->
    <mesh_term>Interferon-alpha</mesh_term>
    <mesh_term>Interferons</mesh_term>
    <mesh_term>Peginterferon alfa-2b</mesh_term>
    <mesh_term>Prazosin</mesh_term>
    <mesh_term>Ribavirin</mesh_term>
  </intervention_browse>
  <!-- Results have not yet been posted for this study                                -->
</clinical_study>
