<?xml version="1.0" encoding="UTF-8"?>
<clinical_study rank="197">
  <!-- This xml conforms to an XML Schema at:
    https://clinicaltrials.gov/ct2/html/images/info/public.xsd
 and an XML DTD at:
    https://clinicaltrials.gov/ct2/html/images/info/public.dtd -->
  <required_header>
    <download_date>ClinicalTrials.gov processed this data on December 13, 2015</download_date>
    <link_text>Link to the current ClinicalTrials.gov record.</link_text>
    <url>https://clinicaltrials.gov/show/NCT00253474</url>
  </required_header>
  <id_info>
    <org_study_id>050232</org_study_id>
    <secondary_id>05-C-0232</secondary_id>
    <secondary_id>NCI-P6670</secondary_id>
    <secondary_id>CDR0000448811</secondary_id>
    <nct_id>NCT00253474</nct_id>
    <nct_alias>NCT00156754</nct_alias>
  </id_info>
  <brief_title>PEG-Interferon Alfa-2b in Treating Young Patients With Plexiform Neurofibroma</brief_title>
  <official_title>A Phase I Trial of Peginterferon Alfa-2b (PEG-Intron) for Plexiform Neurofibromas</official_title>
  <sponsors>
    <lead_sponsor>
      <agency>National Institutes of Health Clinical Center (CC)</agency>
      <agency_class>NIH</agency_class>
    </lead_sponsor>
    <collaborator>
      <agency>National Cancer Institute (NCI)</agency>
      <agency_class>NIH</agency_class>
    </collaborator>
  </sponsors>
  <source>National Institutes of Health Clinical Center (CC)</source>
  <oversight_info>
    <authority>United States: Federal Government</authority>
  </oversight_info>
  <brief_summary>
    <textblock>
      RATIONALE: PEG-interferon alfa-2b may interfere with the growth of tumor cells.

      PURPOSE: This phase I trial is studying the side effects and best dose of PEG-interferon
      alfa-2b in treating young patients with plexiform neurofibroma.
    </textblock>
  </brief_summary>
  <detailed_description>
    <textblock>
      OBJECTIVES:

      Primary

        -  Determine the maximum tolerated dose of PEG-interferon alfa-2b in patients with
           unresectable plexiform neurofibroma. (Dose escalation portion of study closed to
           accrual as of 2/2005.)

        -  Determine the toxicity profile of this drug in these patients.

      Secondary

        -  Obtain, preliminary, information about the efficacy of this drug in these patients.

        -  Evaluate the growth rate of plexiform neurofibroma using volumetric MRI analysis in
           patients treated with this drug.

        -  Evaluate the impact of this drug, in terms of &quot;worst symptom&quot; score, in these patients.

      OUTLINE: This is a dose-escalation, multicenter study. (Dose-escalation portion of the study
      closed to accrual as of 2/2005.)

      Patients receive PEG-interferon alfa-2b subcutaneously once weekly for 2 years in the
      absence of disease progression or unacceptable toxicity.

      Cohorts of 3-6 patients receive escalating doses of PEG-interferon alfa-2b until the maximum
      tolerated dose (MTD) is determined. The MTD is defined as the dose preceding that at which 1
      of 6 patients experience dose-limiting toxicity. A total of 12 patients receive treatment at
      the MTD.

      After completion of study treatment, patients are followed every 6 months.

      PROJECTED ACCRUAL: A total of 36 patients will be accrued for this study.
    </textblock>
  </detailed_description>
  <overall_status>Completed</overall_status>
  <start_date>September 2005</start_date>
  <completion_date type="Actual">January 2011</completion_date>
  <phase>Phase 1</phase>
  <study_type>Interventional</study_type>
  <study_design>Primary Purpose: Treatment</study_design>
  <enrollment type="Anticipated">36</enrollment>
  <condition>Neoplasm of Uncertain Malignant Potential</condition>
  <condition>Unspecified Childhood Solid Tumor, Protocol Specific</condition>
  <intervention>
    <intervention_type>Biological</intervention_type>
    <intervention_name>PEG-interferon alfa-2a</intervention_name>
  </intervention>
  <eligibility>
    <criteria>
      <textblock>
        DISEASE CHARACTERISTICS:

          -  Diagnosis of plexiform neurofibroma which is progressive, symptomatic, or life
             threatening and for which there is no other standard medical management or surgical
             option

          -  Histologic confirmation of tumor is not required in the presence of consistent
             clinical and radiographic findings provided the following are true:

               -  No clinical observation or scan suggestive of malignant transformation

               -  Meets ≥ 1 of the following diagnostic criteria for neurofibroma type 1 (NF1):

                    -  Six or more cafe-au-lait spots (&gt; 0.5 cm in prepubertal patients or &gt; 1.5
                       cm in post pubertal patients)

                    -  Freckling in axilla or groin

                    -  Optic glioma

                    -  Two or more Lisch nodules

                    -  A distinctive bony lesion (e.g., dysplasia of the sphenoid bone, dysplasia,
                       or thinning of long bone cortex)

                    -  A first degree relative with NF1

          -  No history of malignant peripheral nerve sheath tumor

          -  No active visual pathway glioma

          -  No active brain tumor or brain metastases

        PATIENT CHARACTERISTICS:

        Performance status

          -  ECOG 0-2

        Life expectancy

          -  At least 12 months

        Hematopoietic

          -  Absolute neutrophil count &gt; 1,500/mm^3

          -  Hemoglobin &gt; 10 g/dL

          -  Platelet count &gt; 100,000/mm^3

        Hepatic

          -  Bilirubin &lt; 1.5 mg/dL

          -  SGPT ≤ 2 times upper limit of normal

          -  No significant hepatic dysfunction

        Renal

          -  Creatinine based on age as follows:

               -  ≤ 0.8 mg/dL (for patients age 5 years and under)

               -  ≤ 1.0 mg/dL (for patients age 6 to 10 years)

               -  ≤ 1.2 mg/dL (for patients age 11 to 15 years)

               -  ≤ 1.5 mg/dL (for patients age 16 to 21 years) OR

          -  Creatinine clearance ≥ 70 mL/min

        Cardiovascular

          -  No significant cardiac dysfunction

          -  No severe cardiovascular disease

          -  No cardiac arrhythmia requiring chronic treatment

          -  No congestive heart failure

          -  No symptomatic ischemic heart disease

        Pulmonary

          -  No significant pulmonary dysfunction

        Other

          -  Not pregnant or nursing

          -  Negative pregnancy test

          -  Fertile patients must use effective contraception

          -  No serious infection

          -  No other significant unrelated systemic illness

          -  No significant organ dysfunction

          -  No other malignancy except surgically cured nonmelanoma skin cancer or carcinoma in
             situ of the cervix

          -  No history of severe psychiatric condition or psychiatric disorder requiring
             hospitalization

          -  No history of suicidal ideation or attempt

          -  No thyroid dysfunction unresponsive to therapy

          -  No uncontrolled diabetes mellitus

          -  No history of HIV positivity

          -  No alcohol or drug abuse

        PRIOR CONCURRENT THERAPY:

        Biologic therapy

          -  No concurrent immunotherapy

          -  No concurrent colony-stimulating factors (e.g., erythropoietin or filgrastim [G-CSF])

        Chemotherapy

          -  No concurrent chemotherapy for this disease

        Endocrine therapy

          -  No concurrent chronic systemic corticosteroids

          -  No concurrent hormonal therapy for this disease

        Radiotherapy

          -  No concurrent radiotherapy for this disease

        Surgery

          -  Prior surgery allowed provided it has been at least 21 days since surgery and there
             is presence of residual tumor

        Other

          -  Recovered from prior therapy

          -  More than 30 days since prior investigational agents
      </textblock>
    </criteria>
    <gender>Both</gender>
    <minimum_age>1 Year</minimum_age>
    <maximum_age>21 Years</maximum_age>
    <healthy_volunteers>No</healthy_volunteers>
  </eligibility>
  <overall_official>
    <last_name>Brigitte C. Widemann, MD</last_name>
    <role>Principal Investigator</role>
    <affiliation>National Cancer Institute (NCI)</affiliation>
  </overall_official>
  <location>
    <facility>
      <name>Children's National Medical Center</name>
      <address>
        <city>Washington</city>
        <state>District of Columbia</state>
        <zip>20010-2970</zip>
        <country>United States</country>
      </address>
    </facility>
  </location>
  <location>
    <facility>
      <name>Children's Memorial Hospital - Chicago</name>
      <address>
        <city>Chicago</city>
        <state>Illinois</state>
        <zip>60614</zip>
        <country>United States</country>
      </address>
    </facility>
  </location>
  <location>
    <facility>
      <name>Warren Grant Magnuson Clinical Center - NCI Clinical Studies Support</name>
      <address>
        <city>Bethesda</city>
        <state>Maryland</state>
        <zip>20892-1182</zip>
        <country>United States</country>
      </address>
    </facility>
  </location>
  <location>
    <facility>
      <name>Children's Hospital of Pittsburgh</name>
      <address>
        <city>Pittsburgh</city>
        <state>Pennsylvania</state>
        <zip>15213</zip>
        <country>United States</country>
      </address>
    </facility>
  </location>
  <location_countries>
    <country>United States</country>
  </location_countries>
  <link>
    <url>http://cancer.gov/clinicaltrials/NCI-05-C-0232</url>
    <description>Clinical trial summary from the National Cancer Institute's PDQ® database</description>
  </link>
  <results_reference>
    <citation>Jakacki RI, Dombi E, Potter DM, Goldman S, Allen JC, Pollack IF, Widemann BC. Phase I trial of pegylated interferon-alpha-2b in young patients with plexiform neurofibromas. Neurology. 2011 Jan 18;76(3):265-72. doi: 10.1212/WNL.0b013e318207b031.</citation>
    <PMID>21242495</PMID>
  </results_reference>
  <verification_date>March 2012</verification_date>
  <lastchanged_date>March 28, 2012</lastchanged_date>
  <firstreceived_date>November 11, 2005</firstreceived_date>
  <keyword>neoplasm of uncertain malignant potential</keyword>
  <keyword>unspecified childhood solid tumor, protocol specific</keyword>
  <has_expanded_access>No</has_expanded_access>
  <condition_browse>
    <!-- CAUTION:  The following MeSH terms are assigned with an imperfect algorithm  -->
    <mesh_term>Neurofibroma</mesh_term>
    <mesh_term>Neurofibroma, Plexiform</mesh_term>
  </condition_browse>
  <intervention_browse>
    <!-- CAUTION:  The following MeSH terms are assigned with an imperfect algorithm  -->
    <mesh_term>Interferon-alpha</mesh_term>
    <mesh_term>Interferons</mesh_term>
    <mesh_term>Peginterferon alfa-2a</mesh_term>
  </intervention_browse>
  <!-- Results have not yet been posted for this study                                -->
</clinical_study>
