<?xml version="1.0" encoding="UTF-8"?>
<clinical_study rank="201">
  <!-- This xml conforms to an XML Schema at:
    https://clinicaltrials.gov/ct2/html/images/info/public.xsd
 and an XML DTD at:
    https://clinicaltrials.gov/ct2/html/images/info/public.dtd -->
  <required_header>
    <download_date>ClinicalTrials.gov processed this data on December 13, 2015</download_date>
    <link_text>Link to the current ClinicalTrials.gov record.</link_text>
    <url>https://clinicaltrials.gov/show/NCT00561353</url>
  </required_header>
  <id_info>
    <org_study_id>CR012607</org_study_id>
    <secondary_id>TMC435350-TiDP16-C201</secondary_id>
    <nct_id>NCT00561353</nct_id>
    <nct_alias>NCT00614185</nct_alias>
  </id_info>
  <brief_title>A Study of TMC435350 Administered With or Without Standard of Care Therapy in Participants With Genotype 1 Hepatitis C Virus Infection</brief_title>
  <official_title>A Blinded, Randomized, Placebo-controlled Trial in Genotype 1 Hepatitis C-Infected Subjects to Evaluate the Efficacy, Safety, Tolerability and Pharmacokinetics of Repeated Doses of TMC435350, With or Without Peginterferon Alpha-2a and Ribavirin</official_title>
  <sponsors>
    <lead_sponsor>
      <agency>Tibotec Pharmaceuticals, Ireland</agency>
      <agency_class>Industry</agency_class>
    </lead_sponsor>
  </sponsors>
  <source>Tibotec Pharmaceuticals, Ireland</source>
  <oversight_info>
    <authority>Germany: Bundesinstitut für Arzneimittel und Medizinprodukte</authority>
    <authority>Great Britain: Medicines and Healthcare Products Regulatory Agency</authority>
    <authority>Belgium: Federal Agency for Medicinal Products and Health Products</authority>
    <authority>Poland: Office for Registration of Medicinal Products, Medical Devices and Biocidal Products</authority>
    <authority>France: Afssaps - Agence française de sécurité sanitaire des produits de santé (Saint-Denis)</authority>
    <authority>Netherlands: The Central Committee on Research Involving Human Subjects (CCMO)</authority>
    <has_dmc>Yes</has_dmc>
  </oversight_info>
  <brief_summary>
    <textblock>
      The purpose of this study is to investigate how efficient TMC435350 will work against the
      Hepatitis C virus genotype 1 (genotypes refer to the genetic constitution of the virus) and
      what the concentrations of TMC435350 in the blood are with or without pegylated interferon
      alpha-2a (PegIFNa-2a) or PegIFNa-2a plus ribavirin.
    </textblock>
  </brief_summary>
  <detailed_description>
    <textblock>
      This is a blinded (participant and study staff will not know the identity of assigned
      treatments), randomized (participants assigned to treatment by chance), placebo-controlled
      (a term used to describe a method of research in which an inactive substance referred to as
      a placebo is given to one group of participants, while the treatment being tested is given
      to another group) study to assess the effectiveness, safety, tolerability, and
      pharmacokinetics (to test the concentration of study drug in the blood over time) of
      different dose regimens of TMC435350 (hereafter referred to as TMC435) given alone or in
      combination with peginterferon alpha-2a (PegIFNa-2a) and ribavirin. TMC435 is a new drug
      that is development for the treatment of Hepatitis C virus (HCV) infection and belongs to a
      class of drugs that work by blocking an enzyme (protease) that the HCV needs to replicate.
      The combination of PegIFNa-2a and ribavirin are current standard of care (SoC) therapy for
      patients with chronic HCV infection. Approximately 72 participants with HCV infection who
      have never been treated for HCV infection (referred to as treatment-naïve participants) and
      36 participants who have been treated for HCV infection (referred to as
      treatment-experienced participants) who did not respond to previous therapy with interferon
      (IFN) and who did not discontinue previous anti-HCV therapy because of adverse events [AEs])
      will be included in this study. Two blinded placebo-controlled groups (referred to as
      &quot;cohorts&quot;) of treatment-naïve participants will be sequentially initiated TMC435 to ensure
      that a higher dose is only administered if the previous lower dose is found safe and
      tolerable. The first group (Cohort 1) of treatment-naïve participants will receive low-doses
      of TMC435 or placebo for 7 days followed by 21 days of combined tritherapy with PegIFNa-2a
      and ribavirin OR participants will receive 28 days of tritherapy (TMC435 or placebo +
      PegIFNa-2a and ribavirin). After review of data from Cohort 1, a second group (Cohort 2) of
      treatment-naïve participants will be given higher doses of TMC435 or placebo in the same
      manner described for the first cohort. A third group (Cohort 3) of participants previously
      planned in the study will not be enrolled. After review of data from Cohort 2, a fourth
      group (Cohort 4) of treatment-experienced participants will be given 28 days of TMC435 (or
      placebo) as tritherapy with PegIFNa-2a and ribavirin to determine the maximum tolerated dose
      of TMC435. In addition, up to 10 HCV-infected individuals (who participated in study
      TMC435350-TiDP16-C101 (ClinicalTrials.gov registry number NCT00938899) will comprise Cohort
      5 and will be given 28 days of TMC435 at a dose previously determined to be safe and
      efficacious as tritherapy with PegIFNa-2a and ribavirin. Blood samples will be taken from
      participants at protocol-specified time points to determine plasma concentrations of TMC435
      and ribavirin and safety will be monitored throughout the study. Individuals will
      participate in this study for up 54 weeks (includes up to 6 weeks during the screening
      period followed by up to 4 weeks of study treatment with TMC435 (or placebo) and up to a
      maximum of 44 weeks of treatment with PegIFNa-2a and ribavirin.
    </textblock>
  </detailed_description>
  <overall_status>Completed</overall_status>
  <start_date>January 2008</start_date>
  <completion_date type="Actual">May 2010</completion_date>
  <primary_completion_date type="Actual">December 2008</primary_completion_date>
  <phase>Phase 2</phase>
  <study_type>Interventional</study_type>
  <study_design>Allocation: Randomized, Endpoint Classification: Safety/Efficacy Study, Intervention Model: Parallel Assignment, Masking: Double Blind (Subject, Caregiver, Investigator), Primary Purpose: Treatment</study_design>
  <primary_outcome>
    <measure>Change From Baseline in Plasma Hepatitis C Virus (HCV) Ribonucleic Acid (RNA) Levels (log10 IU/mL) at Week 4 in Treatment-Naïve HCV-Infected Participants (Cohort 1 and 2, Panel A)</measure>
    <time_frame>Week 4</time_frame>
    <safety_issue>No</safety_issue>
    <description>The table below shows the change from Baseline in plasma levels of HCV RNA at Week 4 following treatment with TMC435 or placebo as for 7 days followed by TMC435 or placebo coadministered with ribavirin for 21 days + peginterferon alpha-2a (PegIFNα-2a) on Days 1, 8, 15, and 22 in treatment-naïve HCV-infected participants. (A treatment-naive participant is someone who has never taken drugs for their HCV infection).</description>
  </primary_outcome>
  <primary_outcome>
    <measure>Change From Baseline in Plasma Hepatitis C Virus (HCV) Ribonucleic Acid (RNA) Levels (log10 IU/mL) at Week 4 in Treatment-Naïve HCV-Infected Participants (Cohort 1 and 2, Panel B)</measure>
    <time_frame>Week 4</time_frame>
    <safety_issue>No</safety_issue>
    <description>The table below shows the change from Baseline in plasma levels of HCV RNA at Week 4 following treatment with TMC435 or placebo coadministered with ribavirin for 28 days + peginterferon alpha-2a (PegIFNα-2a) on Days 1, 8, 15, and 22 in treatment-naïve HCV-infected participants. (A treatment-naive participant is someone who has never taken drugs for their HCV infection).</description>
  </primary_outcome>
  <primary_outcome>
    <measure>Change From Baseline in Plasma Hepatitis C Virus (HCV) Ribonucleic Acid (RNA) Levels (log10 IU/mL) at Week 4 in Treatment-Experienced HCV-Infected Participants (Cohort 4, Panel C and Cohort 5, Panel D)</measure>
    <time_frame>Week 4</time_frame>
    <safety_issue>No</safety_issue>
    <description>The table below shows the change from Baseline in plasma levels of HCV RNA at Week 4 following treatment with TMC435 or placebo coadministered with ribavirin for 28 days + peginterferon alpha-2a (PegIFNα-2a) on Days 1, 8, 15, and 22 in treatment-experienced participants considered non-responders (defined as participants who achieved less than a 2 log10 IU/mL decline from baseline in plasma HCV RNA levels after 12 weeks of previous interferon [IFN]-based therapy [pegylated or non-pegylated]) or relapsers (defined as a participant with undetectable plasma HCV RNA at the end of treatment of previous IFN-based therapy and subsequent confirmed detectable plasma HCV RNA levels during follow-up).</description>
  </primary_outcome>
  <secondary_outcome>
    <measure>Change From Baseline in Plasma Hepatitis C Virus (HCV) Ribonucleic Acid (RNA) Levels (log10 IU/mL) on Day 7 in Treatment-Naïve HCV-Infected Participants (Cohort 1 and 2, Panel A)</measure>
    <time_frame>Day 7</time_frame>
    <safety_issue>No</safety_issue>
    <description>The table below shows the change from Baseline in plasma levels of HCV RNA on Day 7 (at Week 1) following treatment with TMC435 or placebo for 7 days followed by TMC435 or placebo coadministered with ribavirin for 21 days + peginterferon alpha-2a (PegIFNα-2a) on Days 8, 15, and 22 in treatment-naïve HCV-infected participants. (A treatment-naive participant is someone who has never taken drugs for their HCV infection).</description>
  </secondary_outcome>
  <secondary_outcome>
    <measure>Change From Baseline in Plasma Hepatitis C Virus (HCV) Ribonucleic Acid (RNA) Levels (log10 IU/mL) on Day 7 in Treatment-Naïve HCV-Infected Participants (Cohort 1 and 2, Panel B)</measure>
    <time_frame>Day 7</time_frame>
    <safety_issue>No</safety_issue>
    <description>The table below shows the change from Baseline in plasma levels of HCV RNA on Day 7 (at Week 1) following treatment with TMC435 or placebo coadministered with ribavirin for 28 days + peginterferon alpha-2a (PegIFNα-2a) on Days 1, 8, 15, and 22 in treatment-naïve HCV-infected participants (A treatment-naive participant is someone who has never taken drugs for their HCV infection).</description>
  </secondary_outcome>
  <secondary_outcome>
    <measure>Change From Baseline in Plasma Hepatitis C Virus (HCV) Ribonucleic Acid (RNA) Levels (log10 IU/mL) on Day 7 in Treatment-Experienced HCV-Infected Participants (Cohort 4, Panel C and Cohort 5, Panel D)</measure>
    <time_frame>Day 7</time_frame>
    <safety_issue>No</safety_issue>
    <description>The table below shows the change from Baseline in plasma levels of HCV RNA on Day 7 (Week 1) following treatment with TMC435 or placebo coadministered with ribavirin for 28 days + peginterferon alpha-2a (PegIFNα-2a) on Days 1, 8, 15, and 22 in treatment-experienced participants considered non-responders (defined as participants who achieved less than a 2 log10 IU/mL decline from baseline in plasma HCV RNA levels after 12 weeks of previous interferon [IFN]-based therapy [pegylated or non-pegylated]) or relapsers (defined as a participant with undetectable plasma HCV RNA at the end of treatment of previous IFN-based therapy and subsequent confirmed detectable plasma HCV RNA levels during follow-up).</description>
  </secondary_outcome>
  <secondary_outcome>
    <measure>Virologic Responses Following Treatment With TMC435 in Treatment-Naive Hepatitis C Virus (HCV)-Infected Participants (Cohort 1 and 2, Panel A)</measure>
    <time_frame>Day 2 or 3, Day 7, and Day 28</time_frame>
    <safety_issue>No</safety_issue>
    <description>The table below shows the number of treatment-naïve HCV-infected participants treated with TMC435 or placebo for 7 days followed by TMC435 or placebo coadministered with ribavirin for 21 days + peginterferon alpha-2a (PegIFNα-2a) on Days 8, 15, and 22 who had the following virologic responses: plasma levels of HCV ribonucleic acid (RNA) of greater than or equal to 2 log10 decline from Baseline; plasma levels of HCV RNA below the limit of quantification (ie, less than [&lt;] 25 IU/mL detectable or undetectable); plasma levels of HCV RNA below the limit of detection (ie, &lt;25 IU/mL undetectable); plasma levels of HCV RNA &lt;100 IU/mL; and plasma levels of HCV RNA &lt;1000 at the time points listed. See &quot;treatment-naive&quot; defined above.</description>
  </secondary_outcome>
  <secondary_outcome>
    <measure>Virologic Responses Following Treatment With TMC435 in Treatment-Naive Hepatitis C Virus (HCV)-Infected Participants (Cohort 1 and 2, Panel B)</measure>
    <time_frame>Day 2 or 3, Day 7, and Day 28</time_frame>
    <safety_issue>No</safety_issue>
    <description>The table below shows the number of treatment-naive HCV-Infected participants with the following virologic responses to treatment with TMC435 or placebo coadministered with ribavirin for 28 days + peginterferon alpha-2a (PegIFNα-2a) on Days 8, 15, and 22: plasma levels of HCV ribonucleic acid (RNA) of greater than or equal to 2 log10 decline from Baseline; plasma levels of HCV RNA below the limit of quantification (ie, less than [&lt;] 25 IU/mL detectable or undetectable); plasma levels of HCV RNA below the limit of detection (ie, &lt;25 IU/mL undetectable); plasma levels of HCV RNA &lt;100 IU/mL; and plasma levels of HCV RNA &lt;1000 at the time points listed. See &quot;treatment-naive&quot; defined above.</description>
  </secondary_outcome>
  <secondary_outcome>
    <measure>Virologic Responses Following Treatment With TMC435 in Treatment-Experienced Hepatitis C Virus (HCV)-Infected Participants (Cohort 4, Panel C and Cohort 5, Panel D)</measure>
    <time_frame>Day 2 or 3, Day 7, and Day 28</time_frame>
    <safety_issue>No</safety_issue>
    <description>The table below shows the number of treatment-experienced participants (non-responders and relapsers, see defined above) with the following virologic responses to treatment with TMC435 or placebo coadministered with ribavirin for 28 days + peginterferon alpha-2a (PegIFNα-2a) on Days 1, 8, 15, and 22: plasma levels of HCV ribonucleic acid (RNA) of greater than or equal to 2 log10 decline from Baseline; plasma levels of HCV RNA below the limit of quantification (ie, less than [&lt;] 25 IU/mL detectable or undetectable); plasma levels of HCV RNA below the limit of detection (ie, &lt;25 IU/mL undetectable); plasma levels of HCV RNA &lt;100 IU/mL; and plasma levels of HCV RNA &lt;1000 at the time points listed. Note: in the table below, the number of participants (n) analyzed in the TMC435 200 mg (Cohort 4, Panel B) on Day 28 (Week 4) was n=4.</description>
  </secondary_outcome>
  <secondary_outcome>
    <measure>Virologic Response Parameters in Treatment-Naïve Hepatitis C Virus (HCV)-Infected Participants (Cohort 1 and 2, Panel A and B Combined)</measure>
    <time_frame>Week 4 (RVR), Week 12 (EVR, cEVR, and partial response), and Week 4 and 12 (eRVR)</time_frame>
    <safety_issue>No</safety_issue>
    <description>The table below shows the number of treatment-naïve participants in the treatment groups for Cohort 1 (Panel A and B combined) and in Cohort 2 (Panel A and B combined) who met the following virologic response parameters: rapid virological response (RVR) defined as having undetectable plasma HCV ribonucleic acid (RNA) at Week 4; early virologic response (EVR) defined as change from baseline in plasma HCV RNA of greater than or equal to 2 log 10 at Week 12); a complete EVR (cEVR) defined as a complete EVR having undetectable plasma HCV RNA at Week 12); an extended RVR (eRVR) defined as undetectable plasma HCV RNA at Week 4 and 12; and a partial response defined as EVR but not reaching undetectability while on treatment.</description>
  </secondary_outcome>
  <secondary_outcome>
    <measure>Virologic Response Parameters Following Treatment With TMC435 in Treatment-Experienced Hepatitis C Virus (HCV)-Infected Participants (Cohort 4, Panel C and Cohort 5, Panel D)</measure>
    <time_frame>Week 4 (RVR), Week 12 (EVR, cEVR, and partial response), and Week 4 and 12 (eRVR)</time_frame>
    <safety_issue>No</safety_issue>
    <description>The table below shows the number of treatment-experienced participants (non-responders and relapsers, see defined above) treated with TMC435 or placebo coadministered with ribavirin for 28 days + peginterferon alpha-2a (PegIFNα-2a) on Days 1, 8, 15, and 22 who met the following virologic response parameters: rapid virological response (RVR) defined as having undetectable plasma HCV ribonucleic acid (RNA) at Week 4; early virologic response (EVR) defined as change from baseline in plasma HCV RNA of greater than or equal to 2 log 10 at Week 12; a complete EVR (cEVR) defined as a EVR having undetectable plasma HCV RNA at Week 12; an extended RVR (eRVR) defined as undetectable plasma HCV RNA at Week 4 and 12; and a partial response defined as EVR but not reaching undetectability while on treatment.</description>
  </secondary_outcome>
  <secondary_outcome>
    <measure>Initial Suboptimal Responses Following Treatment With TMC435 in Treatment-Naïve Hepatitis C Virus (HCV)-Infected Participants (Cohort 1 and 2, Panel A)</measure>
    <time_frame>Day 2 or 3</time_frame>
    <safety_issue>No</safety_issue>
    <description>The table below shows the number of treatment-naïve participants with an initial suboptimal response defined as less than 2 log10 change in plasma level of hepatitis C virus (HCV) ribonucleic acid (RNA) on Day 2 or 3 (depending when visit was scheduled) following treatment with TMC435 or placebo for 7 days followed by TMC435 or placebo coadministered with ribavirin for 21 days + peginterferon alpha-2a (PegIFNα-2a) on Days 8, 15, and 22. See &quot;treatment-naive&quot; defined above.</description>
  </secondary_outcome>
  <secondary_outcome>
    <measure>Initial Suboptimal Responses Following Treatment With TMC435 in Treatment-Naïve Hepatitis C Virus (HCV)-Infected Participants (Cohort 1 and 2, Panel B)</measure>
    <time_frame>Day 2 or 3</time_frame>
    <safety_issue>No</safety_issue>
    <description>The table below shows the number of treatment-naïve participants with an initial suboptimal response defined as less than 2 log10 change in plasma plasma level of hepatitis C virus (HCV) ribonucleic acid (RNA) on Day 2 or 3 (depending when visit was scheduled) after treatment with TMC435 or placebo coadministered with ribavirin for 28 days + peginterferon alpha-2a (PegIFNα-2a) on Days 1, 8, 15, and 22. See &quot;treatment-naive&quot; defined above.</description>
  </secondary_outcome>
  <secondary_outcome>
    <measure>Initial Suboptimal Responses Following Treatment With TMC435 in Treatment-Experienced Hepatitis C Virus (HCV)-Infected Participants (Cohort 4, Panel C and Cohort 5, Panel D)</measure>
    <time_frame>Day 2 or 3</time_frame>
    <safety_issue>No</safety_issue>
    <description>The table below shows the number of treatment-experienced participants (non-responders and relapsers, see defined above) with an initial suboptimal response defined as less than 2 log10 change of plasma in plasma level of HCV ribonucleic acid (RNA) at Day 2 or 3 (depending when visit was scheduled) treated with TMC435 or placebo coadministered with ribavirin for 28 days + peginterferon alpha-2a (PegIFNα-2a) on Days 1, 8, 15, and 22.</description>
  </secondary_outcome>
  <secondary_outcome>
    <measure>Viral Breakthrough in Treatment-Naïve Hepatitis C Virus (HCV)-Infected Participants (Cohort 1, Panel A and B)</measure>
    <time_frame>4 Weeks (Wks), 44 Wks, and 48 Wks</time_frame>
    <safety_issue>No</safety_issue>
    <description>The table below shows the number of treatment-naïve participants with viral breakthrough, defined as a confirmed increase of greater than 1 log10 IU/mL in plasma HCV ribonucleic acid (RNA) level from the lowest level reached, or a confirmed plasma HCV RNA level of greater than 100 IU/mL in participants whose plasma HCV RNA had previously been below the limit of quantification (25 IU/mL detectable) or undetectable (less than 25 IU/mL undetectable) after treatment with TMC435 or placebo for 7 days followed by TMC435 or placebo coadministered with ribavirin for 21 days + peginterferon alpha-2a (PegIFNα-2a) on days 8, 15, and 22 (Panel A) and after treatment with TMC435 or placebo coadministered with ribavirin for 28 days + PegIFNα-2a on Days 1, 8, 15, and 22 (Panel B).</description>
  </secondary_outcome>
  <secondary_outcome>
    <measure>Viral Breakthrough in Treatment-Experienced Hepatitis C Virus (HCV)-Infected Participants (Cohort 4, Panel C and Cohort 5, Panel D)</measure>
    <time_frame>4 Weeks (Wks), 44 Wks, and 48 Wks</time_frame>
    <safety_issue>No</safety_issue>
    <description>The table below shows the number of treatment-experienced participants (non-responders and relapsers, see defined above) with viral breakthrough, defined as a confirmed increase of greater than 1 log10 IU/mL in plasma HCV ribonucleic acid (RNA) level from the lowest level reached), or a confirmed plasma HCV RNA level of greater than 100 IU/mL in participants whose plasma HCV RNA had previously been below the limit of quantification (25 IU/mL detectable) or undetectable (less than 25 IU/mL undetectable) treated with TMC435 or placebo coadministered with ribavirin for 28 days + peginterferon alpha-2a (PegIFNα-2a) on Days 1, 8, 15, and 22.</description>
  </secondary_outcome>
  <secondary_outcome>
    <measure>Viral Relapse in Treatment-Naïve Hepatitis C Virus (HCV)-Infected Participants (Cohort 1 and 2, Panel A and B Combined)</measure>
    <time_frame>Up to Week 72</time_frame>
    <safety_issue>No</safety_issue>
    <description>The table below shows the number of treatment-naïve participants with viral relapse (defined as having confirmed detectable plasma level of HCV ribonucleic acid [RNA] during the follow-up period in participants with undetectable plasma HCV RNA [less than 25 IU/mL undetectable] at the end of treatment) for the treatment groups in Cohort 1 (Panel A and B combined) and in Cohort 2 (Panel A and B combined). See &quot;treatment-naïve&quot; defined above.</description>
  </secondary_outcome>
  <secondary_outcome>
    <measure>Viral Relapse in Treatment-Experienced Hepatitis C Virus (HCV)-Infected Participants (Cohort 4, Panel C and Cohort 5, Panel D)</measure>
    <time_frame>Up to Week 72</time_frame>
    <safety_issue>No</safety_issue>
    <description>The table below shows the number of treatment-experienced participants combined (non-responders and relapsers, see defined above) with viral relapse, defined as having confirmed detectable plasma level of HCV ribonucleic acid (RNA) during the follow-up period in participants with undetectable plasma HCV RNA (less than 25 IU/mL undetectable) at the end of treatment who received TMC435 or placebo coadministered with ribavirin for 28 days + peginterferon alpha-2a (PegIFNα-2a) on Days 1, 8, 15, and 22.</description>
  </secondary_outcome>
  <secondary_outcome>
    <measure>Sustained Virologic Response (SVR) in Treatment-Naïve Hepatitis C Virus (HCV)-Infected Participants (Cohort 1 and 2, Panel A and B Combined)</measure>
    <time_frame>SVR4 (Week 52), SVR8 (Week 56), SVR12 (Week 60), and SVR24 (Week 72)</time_frame>
    <safety_issue>No</safety_issue>
    <description>The table below shows the number of treatment-naïve participants with an SVR to treatment (defined as having an undetectable plasma level of HCV ribonucleic acid after the last planned dose of treatment) for the treatment groups in Cohort 1 (Panel A and B combined) and in Cohort 2 (Panel A and B combined). SVR was measured at 4, 8, 12, and 24 weeks after the last dose of treatment (SVR4, SVR8, SVR12, and SVR24, respectively). See &quot;treatment-naïve&quot; defined above.</description>
  </secondary_outcome>
  <secondary_outcome>
    <measure>Sustained Virologic Response (SVR) in Treatment-Experienced Hepatitis C Virus (HCV)-Infected Participants (Cohort 4, Panel C and Cohort 5, Panel D)</measure>
    <time_frame>SVR4 (Week 52), SVR8 (Week 56), SVR12 (Week 60), and SVR24 (Week 72)</time_frame>
    <safety_issue>No</safety_issue>
    <description>The table below shows the number of treatment-experienced participants (non-responders and relapsers, see defined above) in each treatment group in Cohort 4, Panel C and in Cohort 5, Panel D with an SVR to treatment defined as having an undetectable plasma level of HCV ribonucleic acid after the last planned dose of the entire treatment regimen. SVR was measured at 4, 8, 12, and 24 weeks after the last dose of treatment (SVR4, SVR8, SVR12, and SVR24, respectively).</description>
  </secondary_outcome>
  <secondary_outcome>
    <measure>Maximum Plasma Concentration (Cmax) of TMC435 in Treatment-Naïve Hepatitis C Virus (HCV)-Infected Participants (Cohort 1 and 2, Panel A and B)</measure>
    <time_frame>Days 1 and 28 (predose and 0.5, 1, 2, 4, 6, 8, and 10 hours postdose)</time_frame>
    <safety_issue>No</safety_issue>
    <description>The table below shows the mean (standard deviation) Cmax for treatment-naïve participants at selected time points who were treated with TMC435 for 7 days followed by TMC435 coadministered with ribavirin for 21 days + peginterferon alpha-2a (PegIFNα-2a) on Days 8, 15, and 22 (Panel A) and with TMC435 coadministered with ribavirin for 28 days + PegIFNα-2a on Days 1, 8, 15, and 22 (Panel B). See &quot;treatment-naïve&quot; defined above. The number of participants analyzed at Day 28 in the 6 treatment groups listed below from left to right were 9, 8, 7, 9, 9, and 10.</description>
  </secondary_outcome>
  <secondary_outcome>
    <measure>Maximum Plasma Concentration (Cmax) of TMC435 in Treatment-Experienced Hepatitis C Virus (HCV)-Infected Participants (Cohort 4, Panel C and Cohort 5, Panel D)</measure>
    <time_frame>Days 1 and 28 (predose and 0.5, 1, 2, 4, 6, 8, and 10 hours postdose)</time_frame>
    <safety_issue>No</safety_issue>
    <description>The table below shows the mean (standard deviation) Cmax for treatment-experienced participants (non-responders and relapsers, see defined above) following treatment with TMC435 coadministered with ribavirin for 28 days + peginterferon alpha-2a (PegIFNα-2a) on Days 1, 8, 15, and 22. The number of participants analyzed at Day 28 in the 4 treatment groups listed below from left to right were 8, 8, 10, and 3.</description>
  </secondary_outcome>
  <secondary_outcome>
    <measure>Predose Plasma Concentration (C0h) of TMC435 in Treatment-Naïve Hepatitis C Virus (HCV)-Infected Participants (Cohort 1 and 2, Panel A and B)</measure>
    <time_frame>Day 2 (predose) and Day 28 (predose and 0.5, 1, 2, 4, 6, 8, and 10 hours postdose)</time_frame>
    <safety_issue>No</safety_issue>
    <description>The table below shows mean (standard deviation) of C0h of TMC435 at selected time points following treatment with TMC435 for 7 days followed by TMC435 coadministered with ribavirin for 21 days + peginterferon alpha-2a (PegIFNα-2a) on Days 8, 15, and 22 (Panel A) or with TMC435 coadministered with ribavirin for 28 days + PegIFNα-2a on Days 1, 8, 15, and 22 (Panel B) in treatment-naïve participants (see &quot;treatment-naïve&quot; defined above).The number of participants analyzed at Day 28 in the 6 treatment groups listed below from left to right were 9, 9, 8, 9, 9, and 10.</description>
  </secondary_outcome>
  <secondary_outcome>
    <measure>Predose Plasma Concentration (C0h) of TMC435 in Treatment-Experienced Hepatitis C Virus (HCV)-Infected Participants (Cohort 4, Panel C and Cohort 5, Panel D)</measure>
    <time_frame>Day 2 (predose) and Day 28 (predose and 0.5, 1, 2, 4, 6, 8, and 10 hours postdose)</time_frame>
    <safety_issue>No</safety_issue>
    <description>The table below shows mean (standard deviation) of C0h for treatment-experienced participants (non-responders and relapsers, see defined above) following treatment with TMC435 coadministered with ribavirin for 28 days + peginterferon alpha-2a (PegIFNα-2a) on Days 1, 8, 15, and 22. The number of participants analyzed at Day 2 and Day 28 differed as follows: At Day 2, the number of participants in the 4 treatment groups (from left to right) were 8, 7, 10, and 5; the number of participants analyzed at Day 28 in the 4 treatment groups (from left to right) were 9, 8, 10, and 4.</description>
  </secondary_outcome>
  <secondary_outcome>
    <measure>Average Steady-state Plasma Concentration (Css,av) of TMC435 in Treatment-Naïve Hepatitis C Virus (HCV)-Infected Participants (Cohort 1 and 2, Panel A and B)</measure>
    <time_frame>Day 7 (predose); Day 28 (predose and 0.5, 1, 2, 4, 6, 8, and 10 hours postdose) (Panel A, Cohorts 1 and 2) and Day 28 (predose and 0.5, 1, 2, 4, 6, 8, and 10 hours postdose) (Panel B, Cohorts 1 and 2)</time_frame>
    <safety_issue>No</safety_issue>
    <description>The table below shows mean (standard deviation)of Css,av for TMC435 in treatment-naïve HCV-infected participants at selected time points administered TMC435 for 7 days followed by TMC435 coadministered with ribavirin for 21 days + peginterferon alpha-2a (PegIFNα-2a) on Days 8, 15, and 22 (Panel A) and with TMC435 coadministered with ribavirin for 28 days + PegIFNα-2a on Days 1, 8, 15, and 22 (Panel B). See &quot;treatment-naïve&quot; defined above. The number of participants analyzed at Day 28 in the 6 treatment groups listed below from left to right were 9, 8, 7, 9, 9, and 10.</description>
  </secondary_outcome>
  <secondary_outcome>
    <measure>Average Steady-state Plasma Concentration (Css,av) of TMC435 in Treatment-Experienced Hepatitis C Virus (HCV)-Infected Participants (Cohort 4, Panel C and Cohort 5, Panel D)</measure>
    <time_frame>Day 28 (predose and 0.5, 1, 2, 4, 6, 8, and 10 hours postdose)</time_frame>
    <safety_issue>No</safety_issue>
    <description>The table below shows mean (standard deviation) of Css,av for TMC435 in treatment-experienced HCV-infected participants (non-responders and relapsers, see defined above) at selected time points following treatment with TMC435 coadministered with ribavirin for 28 days + peginterferon alpha-2a (PegIFNα-2a) on Days 1, 8, 15, and 22.</description>
  </secondary_outcome>
  <secondary_outcome>
    <measure>Area Under the Plasma Concentration-time Curve From the Time of Administration to 24 Hours After Dosing (AUC24h) of TMC435 in Treatment-Naïve Hepatitis C Virus (HCV)-Infected Participants (Cohort 1 and 2, Panel A and B)</measure>
    <time_frame>Days 1 and 28 (predose and 0.5, 1, 2, 4, 6, 8, and 10 hours postdose)</time_frame>
    <safety_issue>No</safety_issue>
    <description>The table below shows mean (standard deviation) values of the area under the plasma concentration-time curve from time of administration to 24 hours after dosing for TMC435 in treatment-naïve HCV-infected participants administered TMC435 for 7 days followed by TMC435 coadministered with ribavirin for 21 days + peginterferon alpha-2a (PegIFNα-2a) on Days 8, 15, and 22 (Panel A) and with TMC435 coadministered with ribavirin for 28 days + PegIFNα-2a on Days 1, 8, 15, and 22 (Panel B).The number of participants analyzed at Day 28 in the 6 treatment groups listed below from left to right were 9, 8, 7, 9, 9, and 10.</description>
  </secondary_outcome>
  <secondary_outcome>
    <measure>Area Under the Plasma Concentration-time Curve From the Time of Administration to 24 Hours After Dosing (AUC24h) of TMC435 in Treatment-Naïve Hepatitis C Virus (HCV)-Infected Participants (Cohort 4, Panel C and Cohort 5, Panel D)</measure>
    <time_frame>Days 1 and 28 (predose and 0.5, 1, 2, 4, 6, 8, and 10 hours postdose)</time_frame>
    <safety_issue>No</safety_issue>
    <description>The table below shows mean (standard deviation) values of the area under the plasma concentration-time curve from time of administration to 24 hours after dosing for TMC435 in treatment-experienced HCV-infected participants considered non-responders (participants who achieved less than a 2 log10 IU/mL decline from baseline in plasma HCV ribonucleic acid (RNA) levels after 12 weeks of previous interferon [IFN]-based therapy [pegylated or non-pegylated]) or relapsers (defined as a participant with undetectable plasma HCV RNA at the end of treatment of previous IFN-based therapy and subsequent confirmed detectable plasma HCV RNA levels during follow-up at selected time points following treatment with TMC435 coadministered with ribavirin (RBV) for 28 days + peginterferon alpha-2a (PegIFNα-2a) on Days 1, 8, 15, and 22. The number of participants analyzed at Day 28 in the 4 treatment groups listed below from left to right was 8, 7, 10, and 3.</description>
  </secondary_outcome>
  <number_of_arms>10</number_of_arms>
  <enrollment type="Actual">121</enrollment>
  <condition>Hepatitis C, Chronic</condition>
  <arm_group>
    <arm_group_label>TMC435 25 mg (Cohort 1/Panel A and B)</arm_group_label>
    <arm_group_type>Experimental</arm_group_type>
    <description>Treatment-naïve participants received TMC435 25 mg once daily for 7 days followed by TMC435 25 mg once daily coadministered with peginterferon alpha-2a (PegIFNα-2a) (P) and ribavirin (R) for 21 days (Panel A) OR TMC435 25 mg once daily coadministered with PR for 28 days (Panel B).</description>
  </arm_group>
  <arm_group>
    <arm_group_label>TMC435 75mg (Cohort 1/Panel A and B)</arm_group_label>
    <arm_group_type>Experimental</arm_group_type>
    <description>Treatment-naïve participants received TMC435 75 mg once daily for 7 days followed by TMC435 75 mg once daily for 21 days with PegIFNα-2a (P) and ribavirin (R) OR TMC435 75 mg once daily coadministered with PR for 28 days (Panel B).</description>
  </arm_group>
  <arm_group>
    <arm_group_label>Placebo (Cohort 1/Panel A and B)</arm_group_label>
    <arm_group_type>Placebo Comparator</arm_group_type>
    <description>Treatment-naïve participants received placebo (identical in appearance to TMC435 25/75 mg) once daily for 7 days followed by placebo once daily coadministered with PegIFNα-2a (P) and ribavirin (R) for 21 days (Panel A) OR and Placebo once daily coadministered with PR for 28 days (Panel B).</description>
  </arm_group>
  <arm_group>
    <arm_group_label>TMC435 200 mg (Cohort 2, Panel A and B)</arm_group_label>
    <arm_group_type>Experimental</arm_group_type>
    <description>Treatment-naïve participants received TMC435 200 mg once daily for 7 days followed by TMC435 200 mg once daily coadministered with PegIFNα-2a (P) and ribavirin (R) for 21 days (Panel A) OR TMC435 200 mg once daily coadministered with PR for 28 days (Panel B).</description>
  </arm_group>
  <arm_group>
    <arm_group_label>Placebo (Cohort 2/Panel A and B)</arm_group_label>
    <arm_group_type>Placebo Comparator</arm_group_type>
    <description>Treatment-naïve participants received placebo (identical in appearance to TMC435 200 mg) once daily for 7 days followed by placebo once daily coadministered with PegIFNα-2a (P) and ribavirin (R) for 21 days (Panel A) OR placebo once daily coadministered with PR for 28 days (Panel B).</description>
  </arm_group>
  <arm_group>
    <arm_group_label>TMC435 75 mg (Cohort 4/Panel C)</arm_group_label>
    <arm_group_type>Experimental</arm_group_type>
    <description>Treatment-experienced non-responders received TMC435 75 mg once daily coadministered with PegIFNα-2a and ribavirin for 28 days.</description>
  </arm_group>
  <arm_group>
    <arm_group_label>TMC435 150 mg (Cohort 4/Panel C)</arm_group_label>
    <arm_group_type>Experimental</arm_group_type>
    <description>Treatment-experienced non-responders received TMC435 150 mg once daily coadministered with PegIFNα-2a and ribavirin for 28 days.</description>
  </arm_group>
  <arm_group>
    <arm_group_label>TMC435 200 mg (Cohort 4/Panel C)</arm_group_label>
    <arm_group_type>Experimental</arm_group_type>
    <description>Treatment-experienced non-responders received TMC435 200 mg once daily coadministered with PegIFNα-2a and ribavirin for 28 days.</description>
  </arm_group>
  <arm_group>
    <arm_group_label>Placebo (Cohort 4/Panel C)</arm_group_label>
    <arm_group_type>Placebo Comparator</arm_group_type>
    <description>Treatment-experienced non-responders received placebo once daily coadministered with PegIFNα-2a and ribavirin for 28 days.</description>
  </arm_group>
  <arm_group>
    <arm_group_label>TMC435 200 mg (Cohort 5/Panel D)</arm_group_label>
    <arm_group_type>Experimental</arm_group_type>
    <description>Treatment-experienced relapsers received TMC435 200 mg once daily coadministered with PegIFNα-2a and ribavirin for 28 days.</description>
  </arm_group>
  <intervention>
    <intervention_type>Drug</intervention_type>
    <intervention_name>TMC435</intervention_name>
    <description>TMC435 25 mg, 75 mg, 150 mg, or 200 mg capsules taken orally (by mouth) once daily for 21 or 28 days.</description>
    <arm_group_label>TMC435 25 mg (Cohort 1/Panel A and B)</arm_group_label>
    <arm_group_label>TMC435 75mg (Cohort 1/Panel A and B)</arm_group_label>
    <arm_group_label>TMC435 200 mg (Cohort 2, Panel A and B)</arm_group_label>
    <arm_group_label>TMC435 75 mg (Cohort 4/Panel C)</arm_group_label>
    <arm_group_label>TMC435 150 mg (Cohort 4/Panel C)</arm_group_label>
    <arm_group_label>TMC435 200 mg (Cohort 4/Panel C)</arm_group_label>
    <arm_group_label>TMC435 200 mg (Cohort 5/Panel D)</arm_group_label>
  </intervention>
  <intervention>
    <intervention_type>Drug</intervention_type>
    <intervention_name>Placebo</intervention_name>
    <description>Placebo capsules identical in appearance to TMC435 capsules taken orally (by mouth) once daily for 28 days.</description>
    <arm_group_label>Placebo (Cohort 1/Panel A and B)</arm_group_label>
    <arm_group_label>Placebo (Cohort 2/Panel A and B)</arm_group_label>
    <arm_group_label>Placebo (Cohort 4/Panel C)</arm_group_label>
  </intervention>
  <intervention>
    <intervention_type>Drug</intervention_type>
    <intervention_name>Peginterferon (PegIFNα-2a)</intervention_name>
    <description>One subcutaneous (under the skin) injection containing 0.5 mL solution with 180 mcg PegIFNα-2a on Days 1, 8, 15, and 22</description>
    <arm_group_label>TMC435 25 mg (Cohort 1/Panel A and B)</arm_group_label>
    <arm_group_label>TMC435 75mg (Cohort 1/Panel A and B)</arm_group_label>
    <arm_group_label>Placebo (Cohort 1/Panel A and B)</arm_group_label>
    <arm_group_label>TMC435 200 mg (Cohort 2, Panel A and B)</arm_group_label>
    <arm_group_label>Placebo (Cohort 2/Panel A and B)</arm_group_label>
    <arm_group_label>TMC435 75 mg (Cohort 4/Panel C)</arm_group_label>
    <arm_group_label>TMC435 150 mg (Cohort 4/Panel C)</arm_group_label>
    <arm_group_label>TMC435 200 mg (Cohort 4/Panel C)</arm_group_label>
    <arm_group_label>Placebo (Cohort 4/Panel C)</arm_group_label>
    <arm_group_label>TMC435 200 mg (Cohort 5/Panel D)</arm_group_label>
    <other_name>PEGASYS</other_name>
  </intervention>
  <intervention>
    <intervention_type>Drug</intervention_type>
    <intervention_name>Ribavirin</intervention_name>
    <description>200-mg tablets of ribavirin (body-weight adjusted dose) taken orally (by mouth) twice daily for 21 or 28 days in Cohorts 1 and 2 and for 28 days in Cohorts 4 and 5.</description>
    <arm_group_label>TMC435 25 mg (Cohort 1/Panel A and B)</arm_group_label>
    <arm_group_label>TMC435 75mg (Cohort 1/Panel A and B)</arm_group_label>
    <arm_group_label>Placebo (Cohort 1/Panel A and B)</arm_group_label>
    <arm_group_label>TMC435 200 mg (Cohort 2, Panel A and B)</arm_group_label>
    <arm_group_label>Placebo (Cohort 2/Panel A and B)</arm_group_label>
    <arm_group_label>TMC435 75 mg (Cohort 4/Panel C)</arm_group_label>
    <arm_group_label>TMC435 150 mg (Cohort 4/Panel C)</arm_group_label>
    <arm_group_label>TMC435 200 mg (Cohort 4/Panel C)</arm_group_label>
    <arm_group_label>Placebo (Cohort 4/Panel C)</arm_group_label>
    <arm_group_label>TMC435 200 mg (Cohort 5/Panel D)</arm_group_label>
    <other_name>COPEGUS</other_name>
  </intervention>
  <eligibility>
    <criteria>
      <textblock>
        Inclusion Criteria: - Documented chronic genotype 1 Hepatitis C infection - Able to comply
        with the protocol requirements and having good accessible veins - Amount of virus in the
        blood (HCV RNA) &gt;= 10.000 IU/mL, at screening - Bodyweight as defined by a Quetelet Index
        (Body Mass Index [BMI]) between 18 and 32 kg/m², extremes included Exclusion Criteria: -
        Evidence of liver cirrhosis or decompensated liver disease or any other form of non-viral
        hepatitis - Participants receiving or having received treatment with polymerase inhibitor
        or protease inhibitor, or Standard of Care therapy with COPEGUS (ribavirin) and PEGASYS
        (peginterferon alpha-2a) for treatment for HCV during the 6 months before screening - Male
        participants with female partners of childbearing potential not agreeing to use a reliable
        birth control method, Female, except if postmenopausal for over 2 years, or
        posthysterectomy, or post-tubal ligation (without reversal operation) - History or
        evidence of current use of alcohol, barbiturate, amphetamine, recreational or narcotic
        drug use, which would compromise the participant 's safety and/or compliance. A positive
        urine drug test at screening. Urine will be tested to check the current use of
        amphetamines, cocaine, and opioids (with the exclusion of methadone) - Participants having
        at least one lab toxicity that is found to be clinically significant - Participants
        co-infected with HIV, or Hepatitis A or B, or hepatitis B surface antigen, or active
        tuberculosis at screening, participants with prolonged QTc (&gt;480 ms) value or any cardiac
        disease at screening, or any active clinically significant disease (e.g., cardiac
        dysfunction, cardio(myo)pathy, cardiac insufficiency), or medical history or physical
        examination findings during screening that, in the Investigator's opinion, would
        compromise the outcome of the trial - Participants having uncontrolled/unstable diabetes,
        epilepsy, a manifest psychiatric disease, non-stable methadone (or equivalent drug) use or
        participants having any other unstable disease, participants enrolled in another clinical
        trial within 90 days prior to screening
      </textblock>
    </criteria>
    <gender>Both</gender>
    <minimum_age>18 Years</minimum_age>
    <maximum_age>70 Years</maximum_age>
    <healthy_volunteers>No</healthy_volunteers>
  </eligibility>
  <overall_official>
    <last_name>Tibotec Pharmaceuticals, Ireland Clinical Trial</last_name>
    <role>Study Director</role>
    <affiliation>Tibotec Pharmaceuticals, Ireland</affiliation>
  </overall_official>
  <location>
    <facility>
      <address>
        <city>Brugge</city>
        <country>Belgium</country>
      </address>
    </facility>
  </location>
  <location>
    <facility>
      <address>
        <city>Brussels</city>
        <country>Belgium</country>
      </address>
    </facility>
  </location>
  <location>
    <facility>
      <address>
        <city>Bruxelles</city>
        <country>Belgium</country>
      </address>
    </facility>
  </location>
  <location>
    <facility>
      <address>
        <city>Edegem</city>
        <country>Belgium</country>
      </address>
    </facility>
  </location>
  <location>
    <facility>
      <address>
        <city>Gent</city>
        <country>Belgium</country>
      </address>
    </facility>
  </location>
  <location>
    <facility>
      <address>
        <city>Clichy</city>
        <country>France</country>
      </address>
    </facility>
  </location>
  <location>
    <facility>
      <address>
        <city>Lyon</city>
        <country>France</country>
      </address>
    </facility>
  </location>
  <location>
    <facility>
      <address>
        <city>Marseille</city>
        <country>France</country>
      </address>
    </facility>
  </location>
  <location>
    <facility>
      <address>
        <city>Paris Cedex 10</city>
        <country>France</country>
      </address>
    </facility>
  </location>
  <location>
    <facility>
      <address>
        <city>Paris</city>
        <country>France</country>
      </address>
    </facility>
  </location>
  <location>
    <facility>
      <address>
        <city>Pessac</city>
        <country>France</country>
      </address>
    </facility>
  </location>
  <location>
    <facility>
      <address>
        <city>Vandoeuvre Les Nancy</city>
        <country>France</country>
      </address>
    </facility>
  </location>
  <location>
    <facility>
      <address>
        <city>Berlin</city>
        <country>Germany</country>
      </address>
    </facility>
  </location>
  <location>
    <facility>
      <address>
        <city>Düsseldorf</city>
        <country>Germany</country>
      </address>
    </facility>
  </location>
  <location>
    <facility>
      <address>
        <city>Freiburg</city>
        <country>Germany</country>
      </address>
    </facility>
  </location>
  <location>
    <facility>
      <address>
        <city>Hamburg</city>
        <country>Germany</country>
      </address>
    </facility>
  </location>
  <location>
    <facility>
      <address>
        <city>Hannover</city>
        <country>Germany</country>
      </address>
    </facility>
  </location>
  <location>
    <facility>
      <address>
        <city>Kiel</city>
        <country>Germany</country>
      </address>
    </facility>
  </location>
  <location>
    <facility>
      <address>
        <city>Munchen</city>
        <country>Germany</country>
      </address>
    </facility>
  </location>
  <location>
    <facility>
      <address>
        <city>Amsterdam Zuidoost</city>
        <country>Netherlands</country>
      </address>
    </facility>
  </location>
  <location>
    <facility>
      <address>
        <city>Bialystok</city>
        <country>Poland</country>
      </address>
    </facility>
  </location>
  <location>
    <facility>
      <address>
        <city>Kielce</city>
        <country>Poland</country>
      </address>
    </facility>
  </location>
  <location>
    <facility>
      <address>
        <city>Lodz</city>
        <country>Poland</country>
      </address>
    </facility>
  </location>
  <location>
    <facility>
      <address>
        <city>Warszawa</city>
        <country>Poland</country>
      </address>
    </facility>
  </location>
  <location>
    <facility>
      <address>
        <city>London</city>
        <country>United Kingdom</country>
      </address>
    </facility>
  </location>
  <location>
    <facility>
      <address>
        <city>Plymouth</city>
        <country>United Kingdom</country>
      </address>
    </facility>
  </location>
  <location_countries>
    <country>Belgium</country>
    <country>France</country>
    <country>Germany</country>
    <country>Netherlands</country>
    <country>Poland</country>
    <country>United Kingdom</country>
  </location_countries>
  <verification_date>May 2014</verification_date>
  <lastchanged_date>May 14, 2014</lastchanged_date>
  <firstreceived_date>November 19, 2007</firstreceived_date>
  <firstreceived_results_date>December 18, 2013</firstreceived_results_date>
  <responsible_party>
    <responsible_party_type>Sponsor</responsible_party_type>
  </responsible_party>
  <keyword>Hepatitis C, Chronic</keyword>
  <keyword>Tibotec</keyword>
  <keyword>TMC435350-TiDP16-C201</keyword>
  <keyword>TMC435350-C201</keyword>
  <keyword>TMC435</keyword>
  <keyword>PEGASYS (peginterferon alpha-2a, PegIFNα-2a)</keyword>
  <keyword>COPEGUS (ribavirin)</keyword>
  <is_fda_regulated>Yes</is_fda_regulated>
  <is_section_801>Yes</is_section_801>
  <has_expanded_access>No</has_expanded_access>
  <condition_browse>
    <!-- CAUTION:  The following MeSH terms are assigned with an imperfect algorithm  -->
    <mesh_term>Hepatitis</mesh_term>
    <mesh_term>Hepatitis A</mesh_term>
    <mesh_term>Hepatitis C</mesh_term>
    <mesh_term>Hepatitis C, Chronic</mesh_term>
  </condition_browse>
  <intervention_browse>
    <!-- CAUTION:  The following MeSH terms are assigned with an imperfect algorithm  -->
    <mesh_term>Interferon-alpha</mesh_term>
    <mesh_term>Peginterferon alfa-2a</mesh_term>
    <mesh_term>Ribavirin</mesh_term>
    <mesh_term>Simeprevir</mesh_term>
  </intervention_browse>
  <!-- Results are available for this study                                           -->
</clinical_study>
