<?xml version="1.0" encoding="UTF-8"?>
<clinical_study rank="259">
  <!-- This xml conforms to an XML Schema at:
    https://clinicaltrials.gov/ct2/html/images/info/public.xsd
 and an XML DTD at:
    https://clinicaltrials.gov/ct2/html/images/info/public.dtd -->
  <required_header>
    <download_date>ClinicalTrials.gov processed this data on December 13, 2015</download_date>
    <link_text>Link to the current ClinicalTrials.gov record.</link_text>
    <url>https://clinicaltrials.gov/show/NCT00727077</url>
  </required_header>
  <id_info>
    <org_study_id>P04397</org_study_id>
    <nct_id>NCT00727077</nct_id>
  </id_info>
  <brief_title>Post-marketing Surveillance of Children With Chronic Hepatitis C Treated With Intron A (Vial or Pen) and Rebetol (Study P04397)(TERMINATED)</brief_title>
  <official_title>Treatment of Chronic Hepatitis C in Children With Intron Vial or Pen and Rebetol According to German Law (§ 67 Abs 6 AMG)</official_title>
  <sponsors>
    <lead_sponsor>
      <agency>Merck Sharp &amp; Dohme Corp.</agency>
      <agency_class>Industry</agency_class>
    </lead_sponsor>
  </sponsors>
  <source>Merck Sharp &amp; Dohme Corp.</source>
  <oversight_info>
    <authority>Germany: Federal Institute for Drugs and Medical Devices</authority>
    <has_dmc>No</has_dmc>
  </oversight_info>
  <brief_summary>
    <textblock>
      The objective of the study is to assess the safety and efficacy of Intron A (3 Mio I.E./m2,
      3 times per week) and Rebetol (15 mg/kg/day) in children aged 3 to 17, treated in common
      medical practice at 10 sites in Germany. The primary objective is to determine if there are
      any new severe adverse events observed with this recently approved dosing regimen. The study
      will also evaluate the rates of eradication of the HCV virus.

      This study was terminated due to low enrollment. At the time of termination, 3 participants
      had enrolled. Therefore, these 3 participants transferred into study P04538 (NCT00727077)
      and will be included in the P04538 (NCT00727077) data reporting.
    </textblock>
  </brief_summary>
  <overall_status>Terminated</overall_status>
  <why_stopped>
    Study halted due to low recruitment. The 3 participants at time of termination transferred
    into study P04538 (NCT00727077). See NCT00727077 for details/results.
  </why_stopped>
  <start_date>June 2006</start_date>
  <completion_date type="Actual">June 2007</completion_date>
  <primary_completion_date type="Actual">June 2007</primary_completion_date>
  <phase>N/A</phase>
  <study_type>Observational</study_type>
  <study_design>Observational Model: Case-Only, Time Perspective: Prospective</study_design>
  <primary_outcome>
    <measure>Incidence of serious adverse events</measure>
    <time_frame>After the inclusion of the subject in the study (defined as the time when the subject signs the informed consent) and up to 30 days after the subject completed or discontinued the study</time_frame>
    <safety_issue>Yes</safety_issue>
  </primary_outcome>
  <secondary_outcome>
    <measure>Sustained virologic response (defined as undetectable viral load at 24 weeks post-treatment)</measure>
    <time_frame>Assessed at the end of treatment and 24 weeks post-treatment</time_frame>
    <safety_issue>No</safety_issue>
  </secondary_outcome>
  <number_of_groups>1</number_of_groups>
  <enrollment type="Actual">3</enrollment>
  <condition>Hepatitis C, Chronic</condition>
  <condition>Hepatitis C</condition>
  <arm_group>
    <arm_group_label>IntronA/Rebetol</arm_group_label>
    <description>Children age 3 to 17, with chronic hepatitis C, treated in clinical practice at 10 German sites</description>
  </arm_group>
  <intervention>
    <intervention_type>Biological</intervention_type>
    <intervention_name>IntronA (interferon alfa-2b; SCH 30500)</intervention_name>
    <description>IntronA (3 Mio I.E./m2, 3 times per week) administered in accordance with the SPC and approved European labeling</description>
    <arm_group_label>IntronA/Rebetol</arm_group_label>
    <other_name>SCH 30500</other_name>
  </intervention>
  <intervention>
    <intervention_type>Drug</intervention_type>
    <intervention_name>Rebetol (ribavirin; SCH 18908)</intervention_name>
    <description>Rebetol (15 mg/kg/day) administered in accordance with the SPC and approved European labeling</description>
    <arm_group_label>IntronA/Rebetol</arm_group_label>
    <other_name>SCH 18908</other_name>
  </intervention>
  <eligibility>
    <study_pop>
      <textblock>
        Children age 3 to 17 years, with chronic hepatitis C, treated in clinical practice at 10
        German sites
      </textblock>
    </study_pop>
    <sampling_method>Non-Probability Sample</sampling_method>
    <criteria>
      <textblock>
        Inclusion Criteria:

          -  Patients with chronic hepatitis C (serum HCV-RNA-positive)

          -  Age 3 to 17 years

          -  Treatment-naïve

          -  Platelets &gt;= 100,000/mm^3

          -  Neutrophil counts &gt;= 1,500/ mm^3

          -  TSH must be within normal limits

          -  Hemoglobin &gt;=12 g/dL (females); &gt;=13 g/dL (males)

          -  Women of childbearing potential must have a routine pregnancy test performed monthly
             during treatment and for 7 months thereafter. Sexually active female subjects of
             childbearing potential must be practicing adequate contraception (intrauterine
             device, oral contraceptives, implanted contraceptives, surgical sterilization,
             barrier method, or monogamous relationship with a male partner who has had a
             vasectomy or is using a condom (+ spermicide) during the treatment period and for 7
             months after stopping treatment.

          -  Sexually active male subjects must be practicing acceptable methods of contraception
             (vasectomy, use of condom + spermicide, monogamous relationship with a female partner
             who practices an acceptable method of contraception) during the treatment period and
             for 7 months after stopping treatment.

        Exclusion Criteria:

          -  Contraindications according to the SPC and European approval

          -  Pretreatment of chronic hepatitis C

          -  Liver decompensation

          -  Hypersensitivity to the active substance or to any interferons or to any of the
             excipients

          -  Pregnant woman

          -  Woman who are breast feeding

          -  Existence of or history of psychiatric condition, in particular depression, suicidal
             ideation or suicide attempt

          -  A history of severe pre-existing cardiac disease, including unstable or uncontrolled
             cardiac disease in the previous six months

          -  Severe debilitating medical conditions, including patients with chronic renal failure
             or creatinine clearance &lt; 50 mlLmin

          -  Autoimmune hepatitis or history of autoimmune disease

          -  Severe hepatic dysfunction or decompensated cirrhosis of the liver

          -  Pre- existing thyroid disease unless it can be controlled with conventional therapy

          -  Epilepsy and/or compromised central nervous system function

          -  Individual decision of physician if patient suitable for treatment (e.g., disturbance
             of growth)
      </textblock>
    </criteria>
    <gender>Both</gender>
    <minimum_age>3 Years</minimum_age>
    <maximum_age>17 Years</maximum_age>
    <healthy_volunteers>No</healthy_volunteers>
  </eligibility>
  <verification_date>April 2015</verification_date>
  <lastchanged_date>April 7, 2015</lastchanged_date>
  <firstreceived_date>July 30, 2008</firstreceived_date>
  <responsible_party>
    <responsible_party_type>Sponsor</responsible_party_type>
  </responsible_party>
  <is_fda_regulated>Yes</is_fda_regulated>
  <is_section_801>No</is_section_801>
  <has_expanded_access>No</has_expanded_access>
  <condition_browse>
    <!-- CAUTION:  The following MeSH terms are assigned with an imperfect algorithm  -->
    <mesh_term>Hepatitis</mesh_term>
    <mesh_term>Hepatitis A</mesh_term>
    <mesh_term>Hepatitis C</mesh_term>
    <mesh_term>Hepatitis C, Chronic</mesh_term>
    <mesh_term>Hepatitis, Chronic</mesh_term>
  </condition_browse>
  <intervention_browse>
    <!-- CAUTION:  The following MeSH terms are assigned with an imperfect algorithm  -->
    <mesh_term>Interferon-alpha</mesh_term>
    <mesh_term>Ribavirin</mesh_term>
  </intervention_browse>
  <!-- Results have not yet been posted for this study                                -->
</clinical_study>
