<?xml version="1.0" encoding="UTF-8"?>
<clinical_study rank="588">
  <!-- This xml conforms to an XML Schema at:
    https://clinicaltrials.gov/ct2/html/images/info/public.xsd
 and an XML DTD at:
    https://clinicaltrials.gov/ct2/html/images/info/public.dtd -->
  <required_header>
    <download_date>ClinicalTrials.gov processed this data on December 13, 2015</download_date>
    <link_text>Link to the current ClinicalTrials.gov record.</link_text>
    <url>https://clinicaltrials.gov/show/NCT00866021</url>
  </required_header>
  <id_info>
    <org_study_id>GESIDA-5506</org_study_id>
    <secondary_id>2007-003544-30</secondary_id>
    <nct_id>NCT00866021</nct_id>
  </id_info>
  <brief_title>Treatment of HIV/HCV Coinfection With Peg-IFN and Ribavirin in Patients Receiving ART Monotherapy With Lopinavir/r</brief_title>
  <acronym>PEKARI</acronym>
  <official_title>A Multicenter, Randomized, Open Label, Pilot Study to Assess the Possibility of Concomitant Treatment of HCV/HIV co Infection With Peg-interferon + Ribavirin, and Lopinavir/r as a Single Antiretroviral Agent.</official_title>
  <sponsors>
    <lead_sponsor>
      <agency>Fundacion SEIMC-GESIDA</agency>
      <agency_class>Other</agency_class>
    </lead_sponsor>
    <collaborator>
      <agency>Abbott</agency>
      <agency_class>Industry</agency_class>
    </collaborator>
  </sponsors>
  <source>Fundacion SEIMC-GESIDA</source>
  <oversight_info>
    <authority>Spain: Spanish Agency of Medicines</authority>
    <has_dmc>No</has_dmc>
  </oversight_info>
  <brief_summary>
    <textblock>
      The aim of this study is to assess the efficacy of lopinavir/r in monotherapy and
      peg-interferon plus ribavirin for the control of both HIV and HCV infection respectively
      after 12 months of active treatment for HCV.
    </textblock>
  </brief_summary>
  <detailed_description>
    <textblock>
      Viral hepatitis, mainly when caused by the hepatitis C virus (HCV), is highly significant in
      the setting of infection by the human immunodeficiency virus (HIV) because high activity
      antiretroviral therapy (HAART) has a very favorable impact upon morbidity and mortality of
      this disease. HAART has achieved disease control, significantly increasing survival and
      improving the quality of life of subjects with HIV infection.

      Spain has one of the highest prevalences of HIV-HCV co-infection because both HCV and HIV
      infection are strongly associated to being or having been an intravenous drug user (IDU);
      thus, from 61% to 69% of these subjects infected by HIV in Spain are also infected by HCV.

      From 1998, standard treatment for chronic C hepatitis consists of the combination of
      interferon alpha and ribavirin, based on an increased efficacy versus interferon
      monotherapy; however, development of pegylated interferon, with a more convenient
      bioavailability as compared to conventional interferon alpha, has allowed for developing
      even more effective combined therapies and the possibility of improving response prediction
      based on changes in viremia within the first few weeks of treatment. However, treatment of
      HCV infection usually involves severe side effects, which often lead to treatment
      discontinuation or to the need for adjusting drug dosage, in which case treatment efficacy
      may decrease.

      HCV+ subjects who, because of HIV co-infection, should also receive HAART, may have an
      increased number or increased severity of adverse reactions due to interactions occurring
      with drug co-administration.

      Lopinavir/ritonavir (LPV/r) is a potent HIV protease inhibitor and is characterized by a
      very high pharmacological and genetic barrier.

      Different studies (subject cohorts, uncontrolled studies) during the past years have
      appeared in the literature showing the efficacy of LPV/r or controlling viral replication.

      Most studies were conducted with the soft gel capsule formulation of LPV/r. In this study,
      the new formulation of LPV/r (Kaletra) as tablets approved by the FDA and EMEA (Spain
      authorization 30th Oct 2006) will be used. This new formulation will provide additional
      benefits to this strategy that has only been studied to date with soft gel capsules.

      Based on the foregoing and on the additional cost savings involved in this strategy, we
      think that LPV/r, as single antiretroviral agent concomitantly administered with treatment
      for hepatitis C virus infection may provide significant benefits because it would prevent
      interactions between NRTIs and ribavirin, thus being potentially able to decrease the
      adverse events derived from mitochondrial toxicity and minimizing the possibility of anemia.
      In addition, replacement of NNRTIs by LPV/r may significantly decrease CNS involvement that
      may be enhanced by co-administration of efavirenz and peg-interferon, or minimize the risk
      of hepatotoxicity caused by nevirapine.
    </textblock>
  </detailed_description>
  <overall_status>Completed</overall_status>
  <start_date>February 2008</start_date>
  <completion_date type="Actual">October 2012</completion_date>
  <primary_completion_date type="Actual">June 2012</primary_completion_date>
  <phase>Phase 4</phase>
  <study_type>Interventional</study_type>
  <study_design>Allocation: Randomized, Endpoint Classification: Safety/Efficacy Study, Intervention Model: Parallel Assignment, Masking: Open Label, Primary Purpose: Treatment</study_design>
  <primary_outcome>
    <measure>Assess efficacy of concomitant treatment with lopinavir/r monotherapy and PEG-INF plus RBV for the control of both HIV and HCV infection respectively after 12 months of active treatment for HCV</measure>
    <time_frame>80 weeks</time_frame>
    <safety_issue>Yes</safety_issue>
  </primary_outcome>
  <secondary_outcome>
    <measure>Tolerability and safety of concomitant treatment with LPV/r, PEG-INF and RBV</measure>
    <time_frame>80 weeks</time_frame>
    <safety_issue>Yes</safety_issue>
  </secondary_outcome>
  <secondary_outcome>
    <measure>CD4</measure>
    <time_frame>80 weeks</time_frame>
    <safety_issue>Yes</safety_issue>
  </secondary_outcome>
  <secondary_outcome>
    <measure>Efficacy</measure>
    <time_frame>80 weeks</time_frame>
    <safety_issue>Yes</safety_issue>
  </secondary_outcome>
  <secondary_outcome>
    <measure>Adherence</measure>
    <time_frame>80 weeks</time_frame>
    <safety_issue>Yes</safety_issue>
  </secondary_outcome>
  <number_of_arms>2</number_of_arms>
  <enrollment type="Actual">68</enrollment>
  <condition>HIV/HCV Co-infection</condition>
  <condition>HIV Infections</condition>
  <arm_group>
    <arm_group_label>1</arm_group_label>
    <arm_group_type>Experimental</arm_group_type>
    <description>Lopinavir/ritonavir (LPV/r) as single antiretroviral administered concomitantly with peg-interferon and ribavirin</description>
  </arm_group>
  <arm_group>
    <arm_group_label>2</arm_group_label>
    <arm_group_type>Active Comparator</arm_group_type>
    <description>Lopinavir/ritonavir (LPV/r) with 2 NRTIs, administered concomitantly with peg-interferon and ribavirin</description>
  </arm_group>
  <intervention>
    <intervention_type>Drug</intervention_type>
    <intervention_name>Lopinavir/ritonavir</intervention_name>
    <description>NRTI sparing-regimen</description>
    <arm_group_label>1</arm_group_label>
    <other_name>Kaletra</other_name>
  </intervention>
  <intervention>
    <intervention_type>Drug</intervention_type>
    <intervention_name>Lopinavir/ritonavir with two nucleoside analogs</intervention_name>
    <description>LPV/r plus 2NRTIs + PEG-INF + RBV</description>
    <arm_group_label>2</arm_group_label>
  </intervention>
  <eligibility>
    <criteria>
      <textblock>
        Inclusion Criteria:

        Subjects must meet all the following criteria in the 30 days prior to study inclusion.

          1. Subject consent to participate in this study after being informed of all trial
             aspects that may influence his/her decision, given by signing and dating the informed
             consent form approved by the CREC of the corresponding center.

          2. Subject is at least 18 years old, is co-infected by HIV and HCV, and has been
             recommended treatment for HCV infection.

          3. Liver biopsy confirming the presence of chronic hepatitis performed within one year
             of patient entry into the study.

          4. Undetectable viral load (&lt;50 cop/mL) during at least the 6 last months (confirmed).
             At least two viral load determinations lower than 50 cop/mL 6 months apart are
             required. The inclusion of patients showing one single &quot;blip&quot; during the
             pre-enrollment past 6 months is allowed. A &quot;blip&quot; is defined as a HIV viral load
             greater or equal to 50 cop/mL both preceded and followed of viral loads inferior to
             50 cop/mL without changes in the antiretroviral treatment.

          5. CD4 at screening should be at least or greater to 350 cells/microl

          6. Subject on continued, uninterrupted antiretroviral therapy for the past 6 months with

               1. LPV/r + 2 NRTIs/NtRTIs for at least 4 weeks;

               2. 1 NNRTI + 2 NRTIs

               3. 3 NRTIs Only changes in protease inhibitor due solely to toxicity,
                  simplification, or optimization are acceptable

          7. Subject has not been treated for an active opportunistic infection within 30 days of
             the baseline visit.

          8. Subject has a Karnofsky index &gt;-70.

          9. Throughout the study, the patient does not require and agrees not to take any of the
             following drugs, that are contraindicated with Kaletra: astemizole, terfenadine,
             midazolam, triazolam, cisapride, certain ergot derivatives (ergotamine,
             dihydroergotamine, ergonovine, methylergonovine), pimozide, propafenone, and
             flecainide. Rifampin, a potent enzyme inducer, should not be administered with the
             study medication due to the possibility of a significant decrease in Kaletra
             concentrations during concomitant administration.

         10. Subject agrees not to take any medication, including over-the-counter medicines,
             alcohol, drugs, or herbal preparations without the knowledge and approval of the
             principal investigator.

         11. Laboratory tests have been made in the subject in the past 30 days.

         12. Hemoglobin &gt;8.0 g/dL Absolute neutrophil count &gt;750 cells/microL Platelet count
             &gt;20.000/microL ALT or AST &lt;5 x upper normal limit (UNL) Creatinine &lt;1.5 x UNL

         13. Triglycerides &lt;750 mg/dL.

         14. For women with childbearing potential, a negative result of a pregnancy test is
             available and they agree to use throughout the study at least two contraceptive
             methods (including a barrier one) of proven reliability in the investigator's
             opinion.

         15. In the case of men subjects, they are agreed to use during the hepatitis C treatment
             with ribavirin at least two contraceptive methods (including a barrier one).

        Exclusion Criteria:

        Subjects will be excluded from study participation if they meet any of the following
        criteria:

          1. Subjects in whom a switch in protease inhibitor has ever been made due to suspected
             or documented virological failure.

          2. Subjects requiring treatment with drugs whose association with LPV/r is
             contraindicated based on Kaletra prescribing information..

          3. Active drug addiction or psychiatric disease that may prevent protocol compliance.
             Use of cannabis or being on methadone treatment are excepted, provided protocol
             compliance is not compromised in the investigator's opinion.

          4. Pregnancy or nursing, and in women of childbearing age, if they do not agree to use
             throughout the study a barrier contraceptive method of proven reliability in the
             investigator's opinion.

          5. In the opinion of the principal investigator, patient is unlikely to comply with the
             study protocol, or the patient was not eligible for any other reason.

          6. Subjects infected by the hepatitis B virus and who are being treated with tenofovir
             (TDF) or lamivudine (3TC).

          7. Prior treatment with interferon (pegylated or not) and/or ribavirin.
      </textblock>
    </criteria>
    <gender>Both</gender>
    <minimum_age>18 Years</minimum_age>
    <maximum_age>N/A</maximum_age>
    <healthy_volunteers>No</healthy_volunteers>
  </eligibility>
  <overall_official>
    <last_name>Enrique Ortega</last_name>
    <role>Study Chair</role>
    <affiliation>Hospital General de Valencia</affiliation>
  </overall_official>
  <location>
    <facility>
      <name>Hospital Germans Trias i Pujol</name>
      <address>
        <city>Badalona</city>
        <state>Barcelona</state>
        <zip>08910</zip>
        <country>Spain</country>
      </address>
    </facility>
  </location>
  <location>
    <facility>
      <name>Hospital Donostia</name>
      <address>
        <city>San Sebastian</city>
        <state>Guipuzcoa</state>
        <country>Spain</country>
      </address>
    </facility>
  </location>
  <location>
    <facility>
      <name>Hospital General Sta. Mª del Rosell</name>
      <address>
        <city>Cartagena</city>
        <state>Murcia</state>
        <zip>30203</zip>
        <country>Spain</country>
      </address>
    </facility>
  </location>
  <location>
    <facility>
      <name>Hospital General de Castellón</name>
      <address>
        <city>Castellón</city>
        <zip>12004</zip>
        <country>Spain</country>
      </address>
    </facility>
  </location>
  <location>
    <facility>
      <name>Hospital Gregorio Marañón</name>
      <address>
        <city>Madrid</city>
        <zip>28007</zip>
        <country>Spain</country>
      </address>
    </facility>
  </location>
  <location>
    <facility>
      <name>Hospital la Paz</name>
      <address>
        <city>Madrid</city>
        <zip>28046</zip>
        <country>Spain</country>
      </address>
    </facility>
  </location>
  <location>
    <facility>
      <name>Hospital La Princesa</name>
      <address>
        <city>Madrid</city>
        <country>Spain</country>
      </address>
    </facility>
  </location>
  <location>
    <facility>
      <name>Hospital Ramón y Cajal</name>
      <address>
        <city>Madrid</city>
        <zip>28034</zip>
        <country>Spain</country>
      </address>
    </facility>
  </location>
  <location>
    <facility>
      <name>Hospital General Universitario de Valencia</name>
      <address>
        <city>Valencia</city>
        <zip>46014</zip>
        <country>Spain</country>
      </address>
    </facility>
  </location>
  <location>
    <facility>
      <name>Hospital La Fe</name>
      <address>
        <city>Valencia</city>
        <zip>46009</zip>
        <country>Spain</country>
      </address>
    </facility>
  </location>
  <location_countries>
    <country>Spain</country>
  </location_countries>
  <verification_date>March 2013</verification_date>
  <lastchanged_date>March 21, 2013</lastchanged_date>
  <firstreceived_date>March 18, 2009</firstreceived_date>
  <responsible_party>
    <responsible_party_type>Sponsor</responsible_party_type>
  </responsible_party>
  <keyword>HIV infection</keyword>
  <keyword>HCV infection</keyword>
  <keyword>treatment experienced</keyword>
  <is_fda_regulated>No</is_fda_regulated>
  <has_expanded_access>No</has_expanded_access>
  <condition_browse>
    <!-- CAUTION:  The following MeSH terms are assigned with an imperfect algorithm  -->
    <mesh_term>Coinfection</mesh_term>
    <mesh_term>Communicable Diseases</mesh_term>
    <mesh_term>HIV Infections</mesh_term>
    <mesh_term>Infection</mesh_term>
  </condition_browse>
  <intervention_browse>
    <!-- CAUTION:  The following MeSH terms are assigned with an imperfect algorithm  -->
    <mesh_term>Lopinavir</mesh_term>
    <mesh_term>Ribavirin</mesh_term>
    <mesh_term>Ritonavir</mesh_term>
  </intervention_browse>
  <!-- Results have not yet been posted for this study                                -->
</clinical_study>
