<?xml version="1.0" encoding="UTF-8"?>
<clinical_study rank="195">
  <!-- This xml conforms to an XML Schema at:
    https://clinicaltrials.gov/ct2/html/images/info/public.xsd
 and an XML DTD at:
    https://clinicaltrials.gov/ct2/html/images/info/public.dtd -->
  <required_header>
    <download_date>ClinicalTrials.gov processed this data on December 13, 2015</download_date>
    <link_text>Link to the current ClinicalTrials.gov record.</link_text>
    <url>https://clinicaltrials.gov/show/NCT00553930</url>
  </required_header>
  <id_info>
    <org_study_id>SAEI_IFN_1</org_study_id>
    <nct_id>NCT00553930</nct_id>
  </id_info>
  <brief_title>Low Dose Peginterferon-α 2a for Chronic Hepatitis C, Genotypes 2 or 3, in HIV-coinfected Patients</brief_title>
  <acronym>SAEI_IFN_1</acronym>
  <official_title>Efficacy of Low Dose Pegylated Interferon-α 2a Plus Ribavirin for the Treatment of Chronic Hepatitis C, Genotypes 2 or 3, in HIV-coinfected Patients.</official_title>
  <sponsors>
    <lead_sponsor>
      <agency>Sociedad Andaluza de Enfermedades Infecciosas</agency>
      <agency_class>Other</agency_class>
    </lead_sponsor>
  </sponsors>
  <source>Sociedad Andaluza de Enfermedades Infecciosas</source>
  <oversight_info>
    <authority>Spain: Spanish Agency of Medicines</authority>
    <has_dmc>Yes</has_dmc>
  </oversight_info>
  <brief_summary>
    <textblock>
      Hypothesis: A regimen of low dose of peginterferon alfa-2a plus ribavirin may be as
      effective as currently recommended regimen for chronic hepatitis C in HIV-coinfected
      patients.

      Objective: To evaluate the efficacy of lower dose of pegylated interferon-α 2a (135 µg
      weekly) plus ribavirin and a shorter duration of treatment (20 weeks after achieving an
      undetectable plasmatic HCV-RNA)than the current recommended in patients with chronic
      hepatitis or compensated cirrhosis by hepatitis C virus, genotypes 2 or 3, in HIV-coinfected
      patients in real use conditions.

      Method: Phase IV, postautorization, open labelled multicenter trial with a planned duration
      of 118 weeks in which 71 patients from several hospitals of the Servicio Andaluz de Salud
      will be enrolled. The usual clinical and analytical follow up will be performed but
      additional blood samples will be obtained for determination of interferon and ribavirin
      plasma levels. The primary end point wall be a sustained virologic response (defined as an
      undetectable serum HCV-RNA after 24 weeks after the cessation of treatment). Likewise, rapid
      virological response (at 4 weeks of treatment), early virological response (at 12 weeks),
      and end of treatment response rates will be evaluated as well as their relationships with
      the plasma interferon an ribavirin concentrations determined by ELISA and HPLC,
      respectively. The safety and tolerability of the studied medications will be evaluated by
      means of clinical adverse events, physical examination and laboratory results.
    </textblock>
  </brief_summary>
  <overall_status>Completed</overall_status>
  <start_date>November 2007</start_date>
  <completion_date type="Actual">May 2010</completion_date>
  <primary_completion_date type="Actual">May 2010</primary_completion_date>
  <phase>Phase 4</phase>
  <study_type>Interventional</study_type>
  <study_design>Allocation: Non-Randomized, Endpoint Classification: Pharmacokinetics/Dynamics Study, Intervention Model: Single Group Assignment, Masking: Open Label, Primary Purpose: Treatment</study_design>
  <primary_outcome>
    <measure>Sustained viral response(undetectable serum HCV-RNA)</measure>
    <time_frame>24 weeks after the cessation of treatment</time_frame>
    <safety_issue>No</safety_issue>
  </primary_outcome>
  <secondary_outcome>
    <measure>Relationships between the plasma interferon an ribavirin concentrations and efficacy. The safety and tolerability of the studied medications will be evaluated by means of clinical adverse events, physical examination and laboratory results.</measure>
    <time_frame>Throughout treatment and 24 weeks after finishing it</time_frame>
    <safety_issue>No</safety_issue>
  </secondary_outcome>
  <number_of_arms>1</number_of_arms>
  <enrollment type="Anticipated">71</enrollment>
  <condition>Hepatitis C, Chronic</condition>
  <condition>HIV Infections</condition>
  <arm_group>
    <arm_group_label>G 2/3</arm_group_label>
    <arm_group_type>Experimental</arm_group_type>
    <description>Patients with chronic hepatitis or compensated cirrhosis by hepatitis C virus, genotypes 2 or 3, and HIV-coinfected.</description>
  </arm_group>
  <intervention>
    <intervention_type>Drug</intervention_type>
    <intervention_name>Pegylated interferon alfa-2a and Ribavirin</intervention_name>
    <description>All patients will be treated with the combination of pegIFN-α 2a (135 μg per week)plus oral Ribavirin at a dose of 800 mg per day. The treatment will be continued up to 20 weeks after reaching an undetectable plasma RNA-HCV. Treatment will be discontinued for patients who did not achieve a reduction of al least 2 log10 IU/ml in plasma HCV RNA levels with respect to baseline at week 12 and will be considered as viral failures.</description>
    <arm_group_label>G 2/3</arm_group_label>
    <other_name>Pegasys</other_name>
    <other_name>Copegus</other_name>
  </intervention>
  <intervention>
    <intervention_type>Drug</intervention_type>
    <intervention_name>Pegylated interferon alfa 2a and Ribavirin</intervention_name>
    <description>Pegylated interferon alfa 2a (135 ug/week)and Ribavirin (800 mg/day). Duration: 20 weeks after reaching an undetectable plasma RNA_HCV. Treatment will be discontinued for patients who did not achieve a decrease of &gt;= 2 log10 IU/ml in plasma HCV RNA levels with respect to baseline at week 12 of treatment or earlier and will be considered as viral failures.</description>
    <arm_group_label>G 2/3</arm_group_label>
    <other_name>Pegasis (TM)</other_name>
    <other_name>Copegus (TM)</other_name>
  </intervention>
  <eligibility>
    <criteria>
      <textblock>
        Inclusion Criteria:

          -  Age older than 18 years

          -  HIV infected, diagnosed with chronic hepatitis or compensated cirrhosis by hepatitis
             C virus (both anti-HCV antibodies and HCV RNA levels detectable in serum) not
             previously treated.

          -  Women of child-bearing age: negative pregnancy test

          -  Ability to understand and sign a written consent form

        Exclusion Criteria:

          -  Previous interferon treatment

          -  Pregnancy or breastfeeding

          -  Acute or chronic hepatitis B infection (positivity for hepatitis B surface antigen or
             plasma DNA)

          -  Creatinine clearance &lt; 50 ml/min, according to Cockcroft-Gault

          -  Decompensated liver disease

          -  History of organ transplantation

          -  Concomitant treatment with immunomodulators or didanosine

          -  Alcohol abuse or use of other recreational drugs

          -  History of severe psychiatric conditions

          -  Autoimmune diseases

          -  Inability to understand and sign a written consent form
      </textblock>
    </criteria>
    <gender>Both</gender>
    <minimum_age>18 Years</minimum_age>
    <maximum_age>N/A</maximum_age>
    <healthy_volunteers>No</healthy_volunteers>
  </eligibility>
  <overall_official>
    <last_name>Luis F Lopez-Cortes, MD, PhD</last_name>
    <role>Study Director</role>
    <affiliation>Infectious Disease Service. Hospitales Universitarios Virgen del Rocio. Sevilla. Spain</affiliation>
  </overall_official>
  <overall_official>
    <last_name>Antonio Rivero, MD, PhD</last_name>
    <role>Principal Investigator</role>
    <affiliation>Hospital Universitario Reina Sofía. Córdoba. Spain</affiliation>
  </overall_official>
  <overall_official>
    <last_name>Mercedes Gonzalez, MD, PhD</last_name>
    <role>Principal Investigator</role>
    <affiliation>Hospital Universitario Virgen de la Victoria. Malaga. Spain</affiliation>
  </overall_official>
  <overall_official>
    <last_name>Angel Garcia, MD</last_name>
    <role>Principal Investigator</role>
    <affiliation>Hospital Universitario de Valme. Sevilla. Spain</affiliation>
  </overall_official>
  <location>
    <facility>
      <name>Infectious Diseases Service.Hospitales Universitarios Virgen del Rocio</name>
      <address>
        <city>Sevilla</city>
        <zip>41013</zip>
        <country>Spain</country>
      </address>
    </facility>
  </location>
  <location_countries>
    <country>Spain</country>
  </location_countries>
  <verification_date>May 2010</verification_date>
  <lastchanged_date>May 16, 2010</lastchanged_date>
  <firstreceived_date>November 3, 2007</firstreceived_date>
  <responsible_party>
    <name_title>Luis F. Lopez-Cortes</name_title>
    <organization>Servicio Andaluz de Salud. Hospitales Universitarios Virgen del Rocio</organization>
  </responsible_party>
  <keyword>HCV/HIV-coinfected patients</keyword>
  <keyword>Peginterferon alfa-2a</keyword>
  <is_fda_regulated>No</is_fda_regulated>
  <has_expanded_access>No</has_expanded_access>
  <condition_browse>
    <!-- CAUTION:  The following MeSH terms are assigned with an imperfect algorithm  -->
    <mesh_term>Hepatitis</mesh_term>
    <mesh_term>Hepatitis A</mesh_term>
    <mesh_term>Hepatitis C</mesh_term>
    <mesh_term>Hepatitis C, Chronic</mesh_term>
    <mesh_term>Hepatitis, Chronic</mesh_term>
  </condition_browse>
  <intervention_browse>
    <!-- CAUTION:  The following MeSH terms are assigned with an imperfect algorithm  -->
    <mesh_term>Interferon-alpha</mesh_term>
    <mesh_term>Interferons</mesh_term>
    <mesh_term>Peginterferon alfa-2a</mesh_term>
    <mesh_term>Ribavirin</mesh_term>
  </intervention_browse>
  <!-- Results have not yet been posted for this study                                -->
</clinical_study>
