<?xml version="1.0" encoding="UTF-8"?>
<clinical_study rank="848">
  <!-- This xml conforms to an XML Schema at:
    https://clinicaltrials.gov/ct2/html/images/info/public.xsd
 and an XML DTD at:
    https://clinicaltrials.gov/ct2/html/images/info/public.dtd -->
  <required_header>
    <download_date>ClinicalTrials.gov processed this data on December 13, 2015</download_date>
    <link_text>Link to the current ClinicalTrials.gov record.</link_text>
    <url>https://clinicaltrials.gov/show/NCT00565539</url>
  </required_header>
  <id_info>
    <org_study_id>526F06</org_study_id>
    <nct_id>NCT00565539</nct_id>
  </id_info>
  <brief_title>Study of PEG-rIL-29 (or PEG-IFN Lambda) in Subjects With Chronic Hepatitis C Virus Infection</brief_title>
  <official_title>A Phase 1 Study to Assess the Safety and Antiviral Activity of PEG-rIL-29 Administered as a Single Agent and in Combination With Ribavirin in Treatment-Relapsed and Treatment-Naive Subjects With Chronic Hepatitis C Virus Infection</official_title>
  <sponsors>
    <lead_sponsor>
      <agency>ZymoGenetics</agency>
      <agency_class>Industry</agency_class>
    </lead_sponsor>
  </sponsors>
  <source>ZymoGenetics</source>
  <oversight_info>
    <authority>United States: Food and Drug Administration</authority>
    <has_dmc>Yes</has_dmc>
  </oversight_info>
  <brief_summary>
    <textblock>
      Interleukin 29 (IL-29) is a substance that is produced in the body to help fight viral
      infections. The purpose of this study is to test the safety and antiviral effects of
      PEG-rIL-29 (a man-made form of IL-29) when it is given either by itself at different doses
      or in combination with the approved dose of ribavirin (an antiviral drug) to subjects with
      hepatitis C infection who have received no prior treatment for this disease or who have
      relapsed following previous treatment with PEGylated interferon alpha (PEG-IFN-α), or other
      form of IFN-α, and ribavirin.
    </textblock>
  </brief_summary>
  <detailed_description>
    <textblock>
      This is a 3-part study of PEG-rIL-29 in subjects with chronic genotype 1 hepatitis C virus
      infection who have either received no prior treatment with a PEGylated IFN-α (or other form
      of IFN-α) or who have relapsed following prior treatment with a PEGylated IFN-α (or other
      form of IFN-α) and ribavirin. Part 1 of the study will evaluate the safety and tolerability
      of escalating doses of PEG-rIL-29 when given as a single agent either every other week or
      weekly over a 4-week period to treatment-relapsed subjects. Part 2 of the study will
      evaluate dose levels and/or schedules of PEG-rIL-29 in combination with daily oral ribavirin
      administered over a 4-week period to treatment-relapsed subjects. Part 3 of the study will
      evaluate dose levels and/or schedules of PEG-rIL-29 in combination with daily oral ribavirin
      administered over a 4-week period to subjects who have received no prior treatment.
    </textblock>
  </detailed_description>
  <overall_status>Completed</overall_status>
  <start_date>December 2007</start_date>
  <completion_date type="Actual">October 2009</completion_date>
  <primary_completion_date type="Actual">October 2009</primary_completion_date>
  <phase>Phase 1</phase>
  <study_type>Interventional</study_type>
  <study_design>Endpoint Classification: Safety Study, Intervention Model: Single Group Assignment, Masking: Open Label, Primary Purpose: Treatment</study_design>
  <primary_outcome>
    <measure>Adverse events and standard clinical laboratory abnormalities</measure>
    <time_frame>Day 59</time_frame>
    <safety_issue>Yes</safety_issue>
  </primary_outcome>
  <secondary_outcome>
    <measure>HCV RNA levels, serum concentrations of PEG-rIL-29, serum beta2-microglobulin (B2M) levels, serum 2'5' oligoadenylate synthetase (OAS) levels, the presence of anti-PEG-rIL-29 antibodies</measure>
    <time_frame>Day 59</time_frame>
    <safety_issue>No</safety_issue>
  </secondary_outcome>
  <number_of_arms>1</number_of_arms>
  <enrollment type="Actual">56</enrollment>
  <condition>Hepatitis C, Chronic</condition>
  <intervention>
    <intervention_type>Drug</intervention_type>
    <intervention_name>PEGylated recombinant interleukin 29 (PEG-rIL-29)</intervention_name>
    <description>subcutaneous administration either weekly or every other week</description>
    <other_name>PEGylated interferon lambda (PEG-IFN lambda)</other_name>
  </intervention>
  <eligibility>
    <criteria>
      <textblock>
        Inclusion Criteria:

          -  Relapsed subjects (Parts 1 and 2) -- Prior treatment for HCV with PEG-IFN-alpha (or
             other IFN-alpha) and ribavirin for at least 12 weeks. Naive subjects (Part 3) -- No
             prior treatment with PEG-IFN-alpha (or other IFN-alpha)

          -  Genotype 1 HCV RNA greater than or equal to 100,000 IU/mL. Mixed genotype HCV
             infection is not allowed

          -  Documented liver biopsy ≤2 years of study enrollment with Ishak score ≤4

          -  No evidence of hepatocellular carcinoma documented by abdominal imaging within 12
             months of study entry

          -  no evidence of clinically significant diastolic or systolic dysfunction or other
             clinically significant abnormalities on echocardiogram or ECG

          -  Negative drug and alcohol tests except for physician prescribed or approved
             medication

          -  If male, or female of child-bearing potential, agrees to use 2 forms of medically
             accepted contraception while on study

        Exclusion Criteria:

          -  Evidence of decompensated liver disease

          -  History of hypersensitivity to IFN-alpha or ribavirin

          -  Active substance abuse, such as alcohol, inhaled or injection drugs within the
             previous 6 months

          -  Undergone surgery or received blood products within 30 days prior to study enrollment

          -  Prior history of cardiomyopathy, coronary artery disease including angina,
             interventive procedure for coronary artery disease including angioplasty, stent
             procedure or cardiac bypass surgery, prior myocardial infarction, or ventricular
             tachycardia

          -  Prior or current history of hemoglobinopathy or hemolytic anemia
      </textblock>
    </criteria>
    <gender>Both</gender>
    <minimum_age>18 Years</minimum_age>
    <maximum_age>70 Years</maximum_age>
    <healthy_volunteers>No</healthy_volunteers>
  </eligibility>
  <overall_official>
    <last_name>Diana F Hausman, MD</last_name>
    <role>Study Director</role>
    <affiliation>ZymoGenetics</affiliation>
  </overall_official>
  <location>
    <facility>
      <name>Northwestern Memorial Hospital</name>
      <address>
        <city>Chicago</city>
        <state>Illinois</state>
        <zip>60611</zip>
        <country>United States</country>
      </address>
    </facility>
  </location>
  <location>
    <facility>
      <name>Henry Ford Health System</name>
      <address>
        <city>Detroit</city>
        <state>Michigan</state>
        <zip>48202</zip>
        <country>United States</country>
      </address>
    </facility>
  </location>
  <location>
    <facility>
      <name>Mayo Clinic</name>
      <address>
        <city>Rochester</city>
        <state>Minnesota</state>
        <zip>55905</zip>
        <country>United States</country>
      </address>
    </facility>
  </location>
  <location>
    <facility>
      <name>University Hospital (UMDNJ)</name>
      <address>
        <city>Newark</city>
        <state>New Jersey</state>
        <zip>07103</zip>
        <country>United States</country>
      </address>
    </facility>
  </location>
  <location>
    <facility>
      <name>Duke University Medical Center</name>
      <address>
        <city>Durham</city>
        <state>North Carolina</state>
        <zip>27705</zip>
        <country>United States</country>
      </address>
    </facility>
  </location>
  <location>
    <facility>
      <name>Oregon Health Sciences University</name>
      <address>
        <city>Portland</city>
        <state>Oregon</state>
        <zip>97239</zip>
        <country>United States</country>
      </address>
    </facility>
  </location>
  <location>
    <facility>
      <name>Michael E. DeBakey Veterans Affairs Medical Center, Baylor College of Medicine</name>
      <address>
        <city>Houston</city>
        <state>Texas</state>
        <zip>77030</zip>
        <country>United States</country>
      </address>
    </facility>
  </location>
  <location>
    <facility>
      <name>St. Luke's Advanced Liver Therapies</name>
      <address>
        <city>Houston</city>
        <state>Texas</state>
        <zip>77030</zip>
        <country>United States</country>
      </address>
    </facility>
  </location>
  <location>
    <facility>
      <name>Alamo Medical Research</name>
      <address>
        <city>San Antonio</city>
        <state>Texas</state>
        <zip>77030</zip>
        <country>United States</country>
      </address>
    </facility>
  </location>
  <location>
    <facility>
      <name>VCUHS Hepatology Research Division</name>
      <address>
        <city>Richmond</city>
        <state>Virginia</state>
        <zip>23249</zip>
        <country>United States</country>
      </address>
    </facility>
  </location>
  <location>
    <facility>
      <name>London Health Sciences Center</name>
      <address>
        <city>London</city>
        <state>Ontario</state>
        <zip>N6A 5A5</zip>
        <country>Canada</country>
      </address>
    </facility>
  </location>
  <location_countries>
    <country>Canada</country>
    <country>United States</country>
  </location_countries>
  <verification_date>October 2009</verification_date>
  <lastchanged_date>October 6, 2009</lastchanged_date>
  <firstreceived_date>November 29, 2007</firstreceived_date>
  <responsible_party>
    <name_title>Sherri Souza, Clinical Trial Manager</name_title>
    <organization>ZymoGenetics</organization>
  </responsible_party>
  <keyword>PEGylated recombinant interleukin 29</keyword>
  <keyword>interferon lambda</keyword>
  <keyword>interleukin 29</keyword>
  <keyword>hepatitis C</keyword>
  <keyword>virus</keyword>
  <keyword>infection</keyword>
  <keyword>liver</keyword>
  <is_fda_regulated>Yes</is_fda_regulated>
  <is_section_801>No</is_section_801>
  <has_expanded_access>No</has_expanded_access>
  <condition_browse>
    <!-- CAUTION:  The following MeSH terms are assigned with an imperfect algorithm  -->
    <mesh_term>Hepatitis</mesh_term>
    <mesh_term>Hepatitis A</mesh_term>
    <mesh_term>Hepatitis C</mesh_term>
    <mesh_term>Hepatitis C, Chronic</mesh_term>
    <mesh_term>Hepatitis, Chronic</mesh_term>
    <mesh_term>Virus Diseases</mesh_term>
  </condition_browse>
  <!-- Results have not yet been posted for this study                                -->
</clinical_study>
