<?xml version="1.0" encoding="UTF-8"?>
<clinical_study rank="8">
  <!-- This xml conforms to an XML Schema at:
    https://clinicaltrials.gov/ct2/html/images/info/public.xsd
 and an XML DTD at:
    https://clinicaltrials.gov/ct2/html/images/info/public.dtd -->
  <required_header>
    <download_date>ClinicalTrials.gov processed this data on December 13, 2015</download_date>
    <link_text>Link to the current ClinicalTrials.gov record.</link_text>
    <url>https://clinicaltrials.gov/show/NCT00723879</url>
  </required_header>
  <id_info>
    <org_study_id>P04206</org_study_id>
    <nct_id>NCT00723879</nct_id>
  </id_info>
  <brief_title>Adherence in Patients Receiving PegIntron and Rebetol for Hepatitis C in Conjunction With a Patient Assistance Program (Study P04206)</brief_title>
  <official_title>Evaluation of Adherence Rate in Patients Receiving PegIntron / Rebetol (Weight Based) for Hepatitis C in Conjunction With a Patient Assistance Program.</official_title>
  <sponsors>
    <lead_sponsor>
      <agency>Merck Sharp &amp; Dohme Corp.</agency>
      <agency_class>Industry</agency_class>
    </lead_sponsor>
  </sponsors>
  <source>Merck Sharp &amp; Dohme Corp.</source>
  <oversight_info>
    <authority>Saudi Arabia: College of Medicine Research Center (CMRC)</authority>
    <has_dmc>No</has_dmc>
  </oversight_info>
  <brief_summary>
    <textblock>
      Patients receiving a patient assistance program during therapy for Hepatitis C will be
      enrolled into this study. All patients will receive PegIntron and Rebetol (according to the
      label) and the patient assistance program, which includes (1) medications used for treatment
      (psychiatric medications); (2) other interventions (nurse support); and (3) educational
      literature. This study will be compared to similar studies from other clinics using various
      patient support programs for the purpose of designing future comparative phase IV studies.
    </textblock>
  </brief_summary>
  <overall_status>Terminated</overall_status>
  <why_stopped>
    Because of slow recruitment; Despite the study was started long time ago (Oct 2004), we have
    not reached the projected number of patients (150 patients)
  </why_stopped>
  <start_date>October 2004</start_date>
  <completion_date type="Actual">July 2008</completion_date>
  <primary_completion_date type="Actual">July 2008</primary_completion_date>
  <phase>N/A</phase>
  <study_type>Observational</study_type>
  <study_design>Observational Model: Cohort, Time Perspective: Prospective</study_design>
  <primary_outcome>
    <measure>Proportion of patients who complete treatment with PegIntron plus Rebetol therapy for hepatitis C when administered with a patient assistance program.</measure>
    <time_frame>NA (i.e. the study was terminated)</time_frame>
    <safety_issue>No</safety_issue>
  </primary_outcome>
  <primary_outcome>
    <measure>Average length of treatment for patients receiving a patient assistance program as part of their treatment for hepatitis C with PegIntron plus Rebetol.</measure>
    <time_frame>NA (i.e. the study was terminated)</time_frame>
    <safety_issue>No</safety_issue>
  </primary_outcome>
  <number_of_groups>1</number_of_groups>
  <enrollment type="Actual">115</enrollment>
  <condition>Hepatitis C, Chronic</condition>
  <condition>Hepacivirus</condition>
  <arm_group>
    <arm_group_label>Patients with hepatitis C</arm_group_label>
    <description>Patients receiving a patient assistance program during therapy for hepatitis C will be enrolled into this study. All patients will receive PegIntron plus Rebetol (according to the label) and the patient assistance program.</description>
  </arm_group>
  <intervention>
    <intervention_type>Biological</intervention_type>
    <intervention_name>Peginterferon alfa-2b (SCH 54031)</intervention_name>
    <description>Peginterferon alfa-2b and ribavirin will be administered according to the products' labeling.</description>
    <arm_group_label>Patients with hepatitis C</arm_group_label>
    <other_name>PegIntron</other_name>
  </intervention>
  <intervention>
    <intervention_type>Drug</intervention_type>
    <intervention_name>Ribavirin (SCH 18908)</intervention_name>
    <description>Peginterferon alfa-2b and ribavirin will be administered according to the products' labeling.</description>
    <arm_group_label>Patients with hepatitis C</arm_group_label>
    <other_name>Rebetol</other_name>
  </intervention>
  <intervention>
    <intervention_type>Behavioral</intervention_type>
    <intervention_name>Patient assistance program</intervention_name>
    <description>Patient assistance programs will be classified as follows:
medications, including psychiatric medications (antidepressants);
other interventions, including nurse telephone calls and nurse support in the office: and
educational literature about hepatitis C containing information about the disease, mode of transmission, complications, and treatment and treatment drawbacks that will be given to each patient at the start of treatment.</description>
    <arm_group_label>Patients with hepatitis C</arm_group_label>
  </intervention>
  <eligibility>
    <study_pop>
      <textblock>
        Patients receiving a patient assistance program during therapy for Hepatitis C will be
        enrolled into this study. All patients will receive PegIntron and Rebetol (according to
        the label) and the patient assistance program, which includes (1) medications used for
        treatment (psychiatric medications); (2) other interventions (nurse support); and (3)
        educational literature.
      </textblock>
    </study_pop>
    <sampling_method>Probability Sample</sampling_method>
    <criteria>
      <textblock>
        Inclusion Criteria:

          -  Patients with chronic hepatitis C naive to treatment

        Exclusion Criteria:
      </textblock>
    </criteria>
    <gender>Both</gender>
    <minimum_age>18 Years</minimum_age>
    <maximum_age>N/A</maximum_age>
    <healthy_volunteers>No</healthy_volunteers>
  </eligibility>
  <verification_date>November 2015</verification_date>
  <lastchanged_date>November 2, 2015</lastchanged_date>
  <firstreceived_date>July 25, 2008</firstreceived_date>
  <responsible_party>
    <responsible_party_type>Sponsor</responsible_party_type>
  </responsible_party>
  <is_fda_regulated>Yes</is_fda_regulated>
  <is_section_801>No</is_section_801>
  <has_expanded_access>No</has_expanded_access>
  <condition_browse>
    <!-- CAUTION:  The following MeSH terms are assigned with an imperfect algorithm  -->
    <mesh_term>Hepatitis</mesh_term>
    <mesh_term>Hepatitis A</mesh_term>
    <mesh_term>Hepatitis C</mesh_term>
    <mesh_term>Hepatitis C, Chronic</mesh_term>
  </condition_browse>
  <intervention_browse>
    <!-- CAUTION:  The following MeSH terms are assigned with an imperfect algorithm  -->
    <mesh_term>Interferon-alpha</mesh_term>
    <mesh_term>Peginterferon alfa-2b</mesh_term>
    <mesh_term>Ribavirin</mesh_term>
  </intervention_browse>
  <!-- Results have not yet been posted for this study                                -->
</clinical_study>
