<?xml version="1.0" encoding="UTF-8"?>
<clinical_study rank="72">
  <!-- This xml conforms to an XML Schema at:
    https://clinicaltrials.gov/ct2/html/images/info/public.xsd
 and an XML DTD at:
    https://clinicaltrials.gov/ct2/html/images/info/public.dtd -->
  <required_header>
    <download_date>ClinicalTrials.gov processed this data on December 13, 2015</download_date>
    <link_text>Link to the current ClinicalTrials.gov record.</link_text>
    <url>https://clinicaltrials.gov/show/NCT00752544</url>
  </required_header>
  <id_info>
    <org_study_id>CR015418</org_study_id>
    <nct_id>NCT00752544</nct_id>
  </id_info>
  <brief_title>TMC435350-TiDP16-C109: A Safety Study for TMC435350 in an Oral Solution Containing Either 100, 200 or 400 mg Equivalent of TMC435350 or Placebo in Healthy Japanese Male Volunteers</brief_title>
  <official_title>Phase I, Double-blind, Randomized, Placebo-controlled Trial to Examine the Safety, Tolerability and Plasma Pharmacokinetics of Ascending Oral Doses of TMC435350 After Single and Repeated Dosing in Healthy Japanese Male Subjects</official_title>
  <sponsors>
    <lead_sponsor>
      <agency>Tibotec Pharmaceuticals, Ireland</agency>
      <agency_class>Industry</agency_class>
    </lead_sponsor>
  </sponsors>
  <source>Tibotec Pharmaceuticals, Ireland</source>
  <oversight_info>
    <authority>United States: Food and Drug Administration</authority>
    <authority>Ireland: Irish Agriculture and Food Development Authority</authority>
  </oversight_info>
  <brief_summary>
    <textblock>
      The purpose of this study is to evaluate the safety and tolerability of three different
      doses of TMC435350 compared to placebo in healthy Japanese males.
    </textblock>
  </brief_summary>
  <detailed_description>
    <textblock>
      This is a Phase I, double-blind (neither the physician or the volunteer knows the dose of
      the study medication), randomized (study medication assigned by chance), placebo-controlled
      (dose without the study medication present) trial to determine the safety, tolerability and
      plasma pharmacokinetics (amount of medication in the blood) of TMC435350 after single and
      multiple oral doses in healthy male Japanese volunteers. 100 mg, 200 mg and 400 mg doses
      will be given as an oral solution. Six (6) doses will be given with a 3 day follow-up
      between the first and second dose. Additional follow-up will be done for 3 days after the
      last dose and at approximately 2 and 4 weeks after the last dose.
    </textblock>
  </detailed_description>
  <overall_status>Completed</overall_status>
  <start_date>August 2008</start_date>
  <completion_date type="Actual">November 2008</completion_date>
  <primary_completion_date type="Actual">November 2008</primary_completion_date>
  <phase>Phase 1</phase>
  <study_type>Interventional</study_type>
  <study_design>Allocation: Randomized, Endpoint Classification: Safety Study, Intervention Model: Single Group Assignment, Masking: Double-Blind, Primary Purpose: Treatment</study_design>
  <primary_outcome>
    <measure>Determine the short-term safety and tolerability of TMC435350 in healthy Japanese male volunteers after single and multiple doses and determine the plasma pharmacokinetics of TMC435350 after single and multiple doses.</measure>
  </primary_outcome>
  <enrollment type="Actual">30</enrollment>
  <condition>HCV</condition>
  <intervention>
    <intervention_type>Drug</intervention_type>
    <intervention_name>TMC435350</intervention_name>
  </intervention>
  <eligibility>
    <criteria>
      <textblock>
        Inclusion Criteria:

          -  Healthy Japanese male volunteers between the ages of 20 and 55 years

          -  Japanese healthy volunteers who have resided outside of Japan for no more than five
             years and whose parents and maternal and paternal grandparents are Japanese

          -  Non-smoking or smoking no more than 10 cigarettes, or 2 cigars, or 2 pipes per day
             for at least 3 months prior to selection

          -  Normal weight as defined by a Body Mass Index (BMI: weight in kg divided by square of
             height in meters) of 18.0 to 30.0 kg/m2

          -  Body weight above 50 kg at screening

          -  Informed Consent Form (ICF) signed voluntarily before any trial-related activity

          -  Normal 12-lead electrocardiogram (ECG) at screening

          -  Healthy on the basis of a medical evaluation that reveals the absence of any
             clinically relevant abnormality.

        Exclusion Criteria:

          -  Healthy volunteers must not have any of the following characteristics: Past history
             of heart arrhythmias (extrasystoli, tachycardia at rest) or having baseline
             prolongation of QTc interval &gt; 450 ms, history of risk factors for Torsade de Pointes
             syndrome (hypokalemia, hypomagnesemia, family history of long QT Syndrome) or
             echographically suspected cardiomyopathy

          -  History or evidence of current use of alcohol, barbiturate, amphetamine, recreational
             or narcotic drug use which in the investigator's opinion would compromise healthy
             volunteer's safety and/or compliance with the trial procedures

          -  Hepatitis A, B, or C infection (confirmed by hepatitis A antibody, hepatitis B
             surface antigen, or hepatitis C virus antibody, respectively) or human
             immunodeficiency virus - type 1 (HIV-1) or HIV-2 infection at screening

          -  A positive urine drug test at screening. Urine will be tested for the presence of
             amphetamines, benzodiazepines, cocaine, cannabinoids, and opioids

          -  Currently active or underlying gastrointestinal, cardiovascular, neurologic,
             psychiatric, metabolic, renal, hepatic, respiratory, inflammatory, or infectious
             disease

          -  Any history of clinically relevant skin disease such as, but not limited to,
             dermatitis, eczema, drug rash, drug allergy, psoriasis, food allergy, urticaria

          -  History of drug allergy such as, but not limited to, sulfonamides and penicillins, or
             drug allergy

          -  Use of concomitant medication, including herbal medications and dietary supplements
             and products containing Hypericum perforatum (e.g. St. John's wort), except for
             paracetamol (acetaminophen) or ibuprofen in a period of 14 days before the first
             trial medication intake

          -  Participation in another investigational drug trial within 30 days prior to the first
             intake of trial medication

          -  Donation of blood or plasma within 60 days preceding the first intake of trial
             medication
      </textblock>
    </criteria>
    <gender>Male</gender>
    <minimum_age>20 Years</minimum_age>
    <maximum_age>55 Years</maximum_age>
    <healthy_volunteers>Accepts Healthy Volunteers</healthy_volunteers>
  </eligibility>
  <overall_official>
    <last_name>Tibotec Pharmaceuticals Limited Clinical Trial</last_name>
    <role>Study Director</role>
    <affiliation>Tibotec Pharmaceutical Limited</affiliation>
  </overall_official>
  <removed_countries>
    <country>United States</country>
  </removed_countries>
  <verification_date>April 2010</verification_date>
  <lastchanged_date>April 26, 2010</lastchanged_date>
  <firstreceived_date>September 11, 2008</firstreceived_date>
  <keyword>TMC435350</keyword>
  <keyword>HCV</keyword>
  <keyword>Hepatitis C</keyword>
  <keyword>TMC435350-TiDP16-C109</keyword>
  <keyword>TMC435350-C109</keyword>
  <intervention_browse>
    <!-- CAUTION:  The following MeSH terms are assigned with an imperfect algorithm  -->
    <mesh_term>Simeprevir</mesh_term>
  </intervention_browse>
  <!-- Results have not yet been posted for this study                                -->
</clinical_study>
