<?xml version="1.0" encoding="UTF-8"?>
<clinical_study rank="71">
  <!-- This xml conforms to an XML Schema at:
    https://clinicaltrials.gov/ct2/html/images/info/public.xsd
 and an XML DTD at:
    https://clinicaltrials.gov/ct2/html/images/info/public.dtd -->
  <required_header>
    <download_date>ClinicalTrials.gov processed this data on December 13, 2015</download_date>
    <link_text>Link to the current ClinicalTrials.gov record.</link_text>
    <url>https://clinicaltrials.gov/show/NCT00035360</url>
  </required_header>
  <id_info>
    <org_study_id>P00738</org_study_id>
    <nct_id>NCT00035360</nct_id>
  </id_info>
  <brief_title>Phase III PEG-Intron in HIV-infected Patients (Study P00738)</brief_title>
  <official_title>Phase 3 Study of PEG-Intron in Heavily Treatment-experienced, HIV-infected Patients</official_title>
  <sponsors>
    <lead_sponsor>
      <agency>Merck Sharp &amp; Dohme Corp.</agency>
      <agency_class>Industry</agency_class>
    </lead_sponsor>
  </sponsors>
  <source>Merck Sharp &amp; Dohme Corp.</source>
  <oversight_info>
    <authority>United States: Food and Drug Administration</authority>
  </oversight_info>
  <brief_summary>
    <textblock>
      This is a randomized, double-blind, multicenter trial testing 2 doses of PEG-Intron,
      1.0mcg/kg/week and 3.0mcg/kg/week in heavily treatment-experienced HIV-infected patients
      compared to placebo. The study will evaluate the efficacy and safety of PEG-Intron when
      added to stable optimized background antiretroviral therapy in this patient population.
    </textblock>
  </brief_summary>
  <detailed_description>
    <textblock>
      This study will randomize 675 patients (225 in each of the 3 arms) to either: PEG-Intron
      1mcg; 3mcg or Placebo, at 90 centers worldwide. Each center will enroll approximately 10
      patients.

      Study drug will be added to optimized background anti-retroviral therapy of patients whose
      HIV RNA is incompletely suppressed by their therapy (HIV RNA 400-50,000 copies/ML) after 2-6
      months.

      A single dose reduction of 50% will be allowed for toxicity. An Interim Analysis will be
      conducted when 50% of patients have completed 24 weeks of therapy. The study treatment phase
      will be 48 weeks with monthly visits for virologic virologic and safety monitoring. The
      primary endpoint is change in HIV RNA from baseline to week to assess efficacy. Durability
      of response will be assessed at 48 weeks.
    </textblock>
  </detailed_description>
  <overall_status>Completed</overall_status>
  <start_date>March 2002</start_date>
  <completion_date type="Actual">October 2003</completion_date>
  <primary_completion_date type="Actual">October 2003</primary_completion_date>
  <phase>Phase 3</phase>
  <study_type>Interventional</study_type>
  <study_design>Allocation: Randomized, Endpoint Classification: Safety/Efficacy Study, Intervention Model: Parallel Assignment, Masking: Double-Blind, Primary Purpose: Treatment</study_design>
  <enrollment type="Actual">49</enrollment>
  <condition>HIV Infections</condition>
  <condition>AIDS</condition>
  <intervention>
    <intervention_type>Drug</intervention_type>
    <intervention_name>PEG-Intron</intervention_name>
  </intervention>
  <eligibility>
    <criteria>
      <textblock>
        Inclusion Criteria:

          -  HIV positive

          -  History of virologic failure on at least 2 antiretroviral regimens including exposure
             to at least one NRTI, one NNRTI and one PI

          -  HIV RNA &gt;400-&lt;50,000 copies/mL

          -  Laboratory parameters: platelet count (75,000u/L, hemoglobin &gt;9gm/dl, absolute
             neutrophil count &gt;1,000/uL, SGOT/SGPT&lt;5xULN.

        Exclusion Criteria:

          -  Current ribavirin therapy

          -  Subjects with a recent diagnosis or history of moderate or severe depression
             requiring ongoing psychiatric intervention

          -  Females of childbearing potential who are breastfeeding, who are pregnant, or not
             using adequate birth control measures

          -  Concomitant use of immunosuppressants or cytotoxic agents

          -  History of seizure disorder requiring use of anticonvulsants
      </textblock>
    </criteria>
    <gender>Both</gender>
    <minimum_age>18 Years</minimum_age>
    <maximum_age>N/A</maximum_age>
    <healthy_volunteers>No</healthy_volunteers>
  </eligibility>
  <removed_countries>
    <country>Argentina</country>
    <country>Brazil</country>
    <country>Mexico</country>
    <country>Peru</country>
    <country>Puerto Rico</country>
    <country>Singapore</country>
    <country>South Africa</country>
    <country>Spain</country>
    <country>United States</country>
  </removed_countries>
  <verification_date>October 2015</verification_date>
  <lastchanged_date>October 7, 2015</lastchanged_date>
  <firstreceived_date>May 2, 2002</firstreceived_date>
  <responsible_party>
    <responsible_party_type>Sponsor</responsible_party_type>
  </responsible_party>
  <keyword>PEG-Intron</keyword>
  <keyword>treatment experienced</keyword>
  <intervention_browse>
    <!-- CAUTION:  The following MeSH terms are assigned with an imperfect algorithm  -->
    <mesh_term>Peginterferon alfa-2b</mesh_term>
  </intervention_browse>
  <!-- Results have not yet been posted for this study                                -->
</clinical_study>
