<?xml version="1.0" encoding="UTF-8"?>
<clinical_study rank="511">
  <!-- This xml conforms to an XML Schema at:
    https://clinicaltrials.gov/ct2/html/images/info/public.xsd
 and an XML DTD at:
    https://clinicaltrials.gov/ct2/html/images/info/public.dtd -->
  <required_header>
    <download_date>ClinicalTrials.gov processed this data on December 13, 2015</download_date>
    <link_text>Link to the current ClinicalTrials.gov record.</link_text>
    <url>https://clinicaltrials.gov/show/NCT00115908</url>
  </required_header>
  <id_info>
    <org_study_id>ALFR-HC-04</org_study_id>
    <nct_id>NCT00115908</nct_id>
  </id_info>
  <brief_title>A Study of Albuferon and Ribavirin in Interferon Naive Subjects With Chronic Hepatitis C Genotype 1</brief_title>
  <official_title>A Phase 2b, Randomized, Multi-Center, Active-Controlled, Open-Label Study to Evaluate the Efficacy and Safety of Albuferon (Recombinant Human Albumin-Interferon Alfa Fusion Protein) in Combination With Ribavirin in Interferon Alfa Naive Subjects With Chronic Hepatitis C Genotype 1</official_title>
  <sponsors>
    <lead_sponsor>
      <agency>Human Genome Sciences Inc.</agency>
      <agency_class>Industry</agency_class>
    </lead_sponsor>
  </sponsors>
  <source>Human Genome Sciences Inc.</source>
  <oversight_info>
    <authority>Israel: Israeli Health Ministry Pharmaceutical Administration</authority>
    <authority>Australia: Department of Health and Ageing Therapeutic Goods Administration</authority>
    <authority>Canada: Health Canada</authority>
    <authority>Czech Republic: State Institute for Drug Control</authority>
    <authority>France: Afssaps - Agence française de sécurité sanitaire des produits de santé (Saint-Denis)</authority>
    <authority>Germany: Federal Institute for Drugs and Medical Devices</authority>
    <authority>Poland: Ministry of Health</authority>
    <authority>Romania: State Institute for Drug Control</authority>
    <has_dmc>Yes</has_dmc>
  </oversight_info>
  <brief_summary>
    <textblock>
      The purpose of the study is to evaluate the efficacy and safety of Albuferon in combination
      with ribavirin in interferon (IFN) alfa treatment-naïve subjects with chronic hepatitis C
      genotype 1. The study will randomize subjects to 1 of 4 treatment groups including 3
      different Albuferon groups or to the active control group, peginterferon alfa-2a (PEGASYS,
      PEG-IFNalfa-2a). All subjects will also receive oral daily ribavirin.
    </textblock>
  </brief_summary>
  <overall_status>Completed</overall_status>
  <start_date>May 2005</start_date>
  <completion_date type="Actual">May 2007</completion_date>
  <primary_completion_date type="Actual">May 2007</primary_completion_date>
  <phase>Phase 2</phase>
  <study_type>Interventional</study_type>
  <study_design>Allocation: Randomized, Endpoint Classification: Safety/Efficacy Study, Intervention Model: Parallel Assignment, Masking: Open Label, Primary Purpose: Treatment</study_design>
  <primary_outcome>
    <measure>Sustained virologic response (SVR), defined as undetectable HCV RNA at 24 weeks after the end of therapy.</measure>
  </primary_outcome>
  <secondary_outcome>
    <measure>Virologic response at Week 4 (VR4), defined as undetectable HCV RNA or a &gt; 2-log reduction in HCV RNA.</measure>
  </secondary_outcome>
  <secondary_outcome>
    <measure>Early virologic response at Week 12 (EVR12), defined as undetectable HCV RNA or a &gt; 2-log reduction in HCV RNA.</measure>
  </secondary_outcome>
  <secondary_outcome>
    <measure>Undetectable HCV RNA at Week 24.</measure>
  </secondary_outcome>
  <secondary_outcome>
    <measure>End of treatment response (ETR), defined as undetectable HCV RNA at Week 48</measure>
  </secondary_outcome>
  <enrollment type="Actual">458</enrollment>
  <condition>Hepatitis C, Chronic</condition>
  <intervention>
    <intervention_type>Drug</intervention_type>
    <intervention_name>Albuferon</intervention_name>
  </intervention>
  <intervention>
    <intervention_type>Drug</intervention_type>
    <intervention_name>Ribavirin</intervention_name>
  </intervention>
  <intervention>
    <intervention_type>Drug</intervention_type>
    <intervention_name>PEG-IFNalfa2a</intervention_name>
  </intervention>
  <eligibility>
    <criteria>
      <textblock>
        Key Inclusion Criteria:

          -  Interferon treatment naive subjects with chronic hepatitis C, HCV genotype 1.

          -  Compensated liver disease

        Key Exclusion Criteria:

          -  Pregnant or lactating female or males with a pregnant partner.

          -  A positive test for serum antibodies to the human immunodeficiency virus (HIV-1) or
             serum hepatitis B virus surface antigen (HBsAg).

          -  A history of moderate, severe or uncontrolled psychiatric disease.

          -  A history of immunologically mediated disease, seizure disorder, chronic cardiac
             disease, chronic pulmonary disease, hemoglobinopathy, coagulopathy, or malignancy.
      </textblock>
    </criteria>
    <gender>Both</gender>
    <minimum_age>18 Years</minimum_age>
    <maximum_age>65 Years</maximum_age>
    <healthy_volunteers>No</healthy_volunteers>
  </eligibility>
  <overall_official>
    <last_name>GSK Clinical Trials</last_name>
    <role>Study Director</role>
    <affiliation>GlaxoSmithKline</affiliation>
  </overall_official>
  <location>
    <facility>
      <name>Royal Prince Alfred Hospital</name>
      <address>
        <city>Camperdown</city>
        <state>New South Wales</state>
        <zip>2050</zip>
        <country>Australia</country>
      </address>
    </facility>
  </location>
  <location>
    <facility>
      <name>Concord Repatriation General Hospital</name>
      <address>
        <city>Concord</city>
        <state>New South Wales</state>
        <zip>2139</zip>
        <country>Australia</country>
      </address>
    </facility>
  </location>
  <location>
    <facility>
      <name>John Hunter Hospital</name>
      <address>
        <city>New Lambton Heights</city>
        <state>New South Wales</state>
        <zip>2305</zip>
        <country>Australia</country>
      </address>
    </facility>
  </location>
  <location>
    <facility>
      <name>Westmead Hospital</name>
      <address>
        <city>Westmead</city>
        <state>New South Wales</state>
        <zip>2145</zip>
        <country>Australia</country>
      </address>
    </facility>
  </location>
  <location>
    <facility>
      <name>Princess Alexandra Hospital</name>
      <address>
        <city>Brisbane</city>
        <state>Queensland</state>
        <zip>4102</zip>
        <country>Australia</country>
      </address>
    </facility>
  </location>
  <location>
    <facility>
      <name>Royal Brisbane Hospital</name>
      <address>
        <city>Herston</city>
        <state>Queensland</state>
        <zip>4029</zip>
        <country>Australia</country>
      </address>
    </facility>
  </location>
  <location>
    <facility>
      <name>Royal Adelaide Hospital</name>
      <address>
        <city>Adelaide</city>
        <state>South Australia</state>
        <zip>5000</zip>
        <country>Australia</country>
      </address>
    </facility>
  </location>
  <location>
    <facility>
      <name>Monash Medical Centre</name>
      <address>
        <city>Clayton</city>
        <state>Victoria</state>
        <zip>3168</zip>
        <country>Australia</country>
      </address>
    </facility>
  </location>
  <location>
    <facility>
      <name>St. Vincents Hospital</name>
      <address>
        <city>East Melbourne</city>
        <state>Victoria</state>
        <zip>3002</zip>
        <country>Australia</country>
      </address>
    </facility>
  </location>
  <location>
    <facility>
      <name>Western Hospital</name>
      <address>
        <city>Footscray</city>
        <state>Victoria</state>
        <zip>3011</zip>
        <country>Australia</country>
      </address>
    </facility>
  </location>
  <location>
    <facility>
      <name>Austin Health</name>
      <address>
        <city>Heidelberg</city>
        <state>Victoria</state>
        <zip>3081</zip>
        <country>Australia</country>
      </address>
    </facility>
  </location>
  <location>
    <facility>
      <name>Royal Melbourne Hospital</name>
      <address>
        <city>Melbourne</city>
        <state>Victoria</state>
        <zip>3050</zip>
        <country>Australia</country>
      </address>
    </facility>
  </location>
  <location>
    <facility>
      <name>The Alfred</name>
      <address>
        <city>Melbourne</city>
        <state>Victoria</state>
        <zip>3004</zip>
        <country>Australia</country>
      </address>
    </facility>
  </location>
  <location>
    <facility>
      <name>Fremantle Hospital</name>
      <address>
        <city>Fremantle</city>
        <state>Western Australia</state>
        <zip>6160</zip>
        <country>Australia</country>
      </address>
    </facility>
  </location>
  <location>
    <facility>
      <name>Sir Charles Gairdner Hospital</name>
      <address>
        <city>Nedlands</city>
        <state>Western Australia</state>
        <zip>6009</zip>
        <country>Australia</country>
      </address>
    </facility>
  </location>
  <location>
    <facility>
      <name>Royal Perth Hospital</name>
      <address>
        <city>Perth</city>
        <state>Western Australia</state>
        <zip>6000</zip>
        <country>Australia</country>
      </address>
    </facility>
  </location>
  <location>
    <facility>
      <name>University of Calgary</name>
      <address>
        <city>Calgary</city>
        <state>Alberta</state>
        <zip>T2N 4N1</zip>
        <country>Canada</country>
      </address>
    </facility>
  </location>
  <location>
    <facility>
      <name>University of Alberta- Liver Unit</name>
      <address>
        <city>Edmonton</city>
        <state>Alberta</state>
        <zip>T6G 2C8</zip>
        <country>Canada</country>
      </address>
    </facility>
  </location>
  <location>
    <facility>
      <name>University of Alberta</name>
      <address>
        <city>Edmonton</city>
        <state>Alberta</state>
        <zip>T5H 4B9</zip>
        <country>Canada</country>
      </address>
    </facility>
  </location>
  <location>
    <facility>
      <name>University of British Columbia</name>
      <address>
        <city>Vancouver</city>
        <state>British Columbia</state>
        <zip>V6T 1Z4</zip>
        <country>Canada</country>
      </address>
    </facility>
  </location>
  <location>
    <facility>
      <name>University of Manitoba</name>
      <address>
        <city>Winnipeg</city>
        <state>Manitoba</state>
        <zip>R3E 3P4</zip>
        <country>Canada</country>
      </address>
    </facility>
  </location>
  <location>
    <facility>
      <name>Dalhousie University</name>
      <address>
        <city>Halifax</city>
        <state>Nova Scotia</state>
        <zip>B3H2Y9</zip>
        <country>Canada</country>
      </address>
    </facility>
  </location>
  <location>
    <facility>
      <name>McMaster Clinic - Hamilton General Hospital</name>
      <address>
        <city>Hamilton</city>
        <state>Ontario</state>
        <zip>L8L 2X2</zip>
        <country>Canada</country>
      </address>
    </facility>
  </location>
  <location>
    <facility>
      <name>University of Western Ontario</name>
      <address>
        <city>London</city>
        <state>Ontario</state>
        <zip>N6A5A5</zip>
        <country>Canada</country>
      </address>
    </facility>
  </location>
  <location>
    <facility>
      <name>Ottawa Civic Hospital</name>
      <address>
        <city>Ottawa</city>
        <state>Ontario</state>
        <zip>K1S 0W8</zip>
        <country>Canada</country>
      </address>
    </facility>
  </location>
  <location>
    <facility>
      <name>Toronto General Hospital</name>
      <address>
        <city>Toronto</city>
        <state>Ontario</state>
        <zip>M5G 2C4</zip>
        <country>Canada</country>
      </address>
    </facility>
  </location>
  <location>
    <facility>
      <name>Toronto Western Hospital</name>
      <address>
        <city>Toronto</city>
        <state>Ontario</state>
        <zip>M5T 2S8</zip>
        <country>Canada</country>
      </address>
    </facility>
  </location>
  <location>
    <facility>
      <name>University of Saskatchewan</name>
      <address>
        <city>Saskatoon</city>
        <state>Saskatchewan</state>
        <zip>S7N 0W8</zip>
        <country>Canada</country>
      </address>
    </facility>
  </location>
  <location>
    <facility>
      <name>FN Bohunice</name>
      <address>
        <city>Brno</city>
        <zip>62500</zip>
        <country>Czech Republic</country>
      </address>
    </facility>
  </location>
  <location>
    <facility>
      <name>Klinika infekcnich nemoci</name>
      <address>
        <city>Hradec Kralove</city>
        <zip>50005</zip>
        <country>Czech Republic</country>
      </address>
    </facility>
  </location>
  <location>
    <facility>
      <name>Nemocnice s poliklinikou Melnik</name>
      <address>
        <city>Melnik</city>
        <zip>27601</zip>
        <country>Czech Republic</country>
      </address>
    </facility>
  </location>
  <location>
    <facility>
      <name>Slezska nemocnice</name>
      <address>
        <city>Opava</city>
        <zip>74601</zip>
        <country>Czech Republic</country>
      </address>
    </facility>
  </location>
  <location>
    <facility>
      <name>Fakultni Thomayerova nemocnice</name>
      <address>
        <city>Prague</city>
        <zip>14059</zip>
        <country>Czech Republic</country>
      </address>
    </facility>
  </location>
  <location>
    <facility>
      <name>Nuselska poliklinika - Remedis</name>
      <address>
        <city>Prague</city>
        <zip>14000</zip>
        <country>Czech Republic</country>
      </address>
    </facility>
  </location>
  <location>
    <facility>
      <name>Vseobecna fakultni nemocnice</name>
      <address>
        <city>Prague</city>
        <zip>12808</zip>
        <country>Czech Republic</country>
      </address>
    </facility>
  </location>
  <location>
    <facility>
      <name>Ambulance pro interni a infekcni nemoci</name>
      <address>
        <city>Usti nad labem</city>
        <zip>40001</zip>
        <country>Czech Republic</country>
      </address>
    </facility>
  </location>
  <location>
    <facility>
      <name>University of Angers, CHU Angers</name>
      <address>
        <city>Angers</city>
        <zip>49033</zip>
        <country>France</country>
      </address>
    </facility>
  </location>
  <location>
    <facility>
      <name>University of Clichy, Hopital Beaujon</name>
      <address>
        <city>Clichy</city>
        <zip>92110</zip>
        <country>France</country>
      </address>
    </facility>
  </location>
  <location>
    <facility>
      <name>University of Creteil, Hopital Henri Mondor</name>
      <address>
        <city>Creteil</city>
        <zip>94010</zip>
        <country>France</country>
      </address>
    </facility>
  </location>
  <location>
    <facility>
      <name>University of Grenoble, Hopital Nord</name>
      <address>
        <city>Grenoble</city>
        <zip>38043</zip>
        <country>France</country>
      </address>
    </facility>
  </location>
  <location>
    <facility>
      <name>University of Lille, Hopital Claude Huriez</name>
      <address>
        <city>Lille</city>
        <zip>59037</zip>
        <country>France</country>
      </address>
    </facility>
  </location>
  <location>
    <facility>
      <name>University of Lyon, Hopital de l'Hotel Dieu</name>
      <address>
        <city>Lyon</city>
        <zip>69288</zip>
        <country>France</country>
      </address>
    </facility>
  </location>
  <location>
    <facility>
      <name>University of Marseille, Hopital Saint Joseph</name>
      <address>
        <city>Marseille</city>
        <zip>13285</zip>
        <country>France</country>
      </address>
    </facility>
  </location>
  <location>
    <facility>
      <name>University of Nice, Hopital de l'Archet</name>
      <address>
        <city>Nice</city>
        <zip>06202</zip>
        <country>France</country>
      </address>
    </facility>
  </location>
  <location>
    <facility>
      <name>University of Orleans, Hopital de la Source</name>
      <address>
        <city>Orleans</city>
        <zip>45100</zip>
        <country>France</country>
      </address>
    </facility>
  </location>
  <location>
    <facility>
      <name>University of Paris, Hopital Necker</name>
      <address>
        <city>Paris</city>
        <zip>75743</zip>
        <country>France</country>
      </address>
    </facility>
  </location>
  <location>
    <facility>
      <name>University of Paris, Hopital Pitie-Salpetriere</name>
      <address>
        <city>Paris</city>
        <zip>75013</zip>
        <country>France</country>
      </address>
    </facility>
  </location>
  <location>
    <facility>
      <name>University of Paris, Hopital Saint-Antoine</name>
      <address>
        <city>Paris</city>
        <zip>75012</zip>
        <country>France</country>
      </address>
    </facility>
  </location>
  <location>
    <facility>
      <name>Hopital Haut-Leveque</name>
      <address>
        <city>Pessac</city>
        <zip>33600</zip>
        <country>France</country>
      </address>
    </facility>
  </location>
  <location>
    <facility>
      <name>University of Toulouse, Clinique Dieulafoy</name>
      <address>
        <city>Toulouse</city>
        <zip>31059</zip>
        <country>France</country>
      </address>
    </facility>
  </location>
  <location>
    <facility>
      <name>Hopital de Brabois</name>
      <address>
        <city>Vandoeuvre</city>
        <zip>54511</zip>
        <country>France</country>
      </address>
    </facility>
  </location>
  <location>
    <facility>
      <name>University of Berlin, Charite Campus Virchow Klinikum</name>
      <address>
        <city>Berlin</city>
        <zip>13353</zip>
        <country>Germany</country>
      </address>
    </facility>
  </location>
  <location>
    <facility>
      <name>University of Bochum, Kliniken Bergmannsheil</name>
      <address>
        <city>Bochum</city>
        <zip>44892</zip>
        <country>Germany</country>
      </address>
    </facility>
  </location>
  <location>
    <facility>
      <name>University of Duesseldorf</name>
      <address>
        <city>Duesseldorf</city>
        <zip>40255</zip>
        <country>Germany</country>
      </address>
    </facility>
  </location>
  <location>
    <facility>
      <name>University of Essen</name>
      <address>
        <city>Essen</city>
        <zip>45122</zip>
        <country>Germany</country>
      </address>
    </facility>
  </location>
  <location>
    <facility>
      <name>University of Frankfurt</name>
      <address>
        <city>Frankfurt</city>
        <zip>60590</zip>
        <country>Germany</country>
      </address>
    </facility>
  </location>
  <location>
    <facility>
      <name>University of Freiburg</name>
      <address>
        <city>Freiburg</city>
        <zip>79106</zip>
        <country>Germany</country>
      </address>
    </facility>
  </location>
  <location>
    <facility>
      <name>University of Hamburg, Hospital Hamburg Eppendorf</name>
      <address>
        <city>Hamburg</city>
        <zip>20246</zip>
        <country>Germany</country>
      </address>
    </facility>
  </location>
  <location>
    <facility>
      <name>University of Hannover</name>
      <address>
        <city>Hannover</city>
        <zip>30625</zip>
        <country>Germany</country>
      </address>
    </facility>
  </location>
  <location>
    <facility>
      <name>University of Heidelberg</name>
      <address>
        <city>Heidelberg</city>
        <zip>69120</zip>
        <country>Germany</country>
      </address>
    </facility>
  </location>
  <location>
    <facility>
      <name>University of Saarland</name>
      <address>
        <city>Homburg</city>
        <zip>66421</zip>
        <country>Germany</country>
      </address>
    </facility>
  </location>
  <location>
    <facility>
      <name>University of Kiel</name>
      <address>
        <city>Kiel</city>
        <zip>24105</zip>
        <country>Germany</country>
      </address>
    </facility>
  </location>
  <location>
    <facility>
      <name>University of Leipzig</name>
      <address>
        <city>Leipzig</city>
        <zip>04103</zip>
        <country>Germany</country>
      </address>
    </facility>
  </location>
  <location>
    <facility>
      <name>University of Mainz</name>
      <address>
        <city>Mainz</city>
        <zip>55131</zip>
        <country>Germany</country>
      </address>
    </facility>
  </location>
  <location>
    <facility>
      <name>University of Tuebingen</name>
      <address>
        <city>Tuebingen</city>
        <zip>72076</zip>
        <country>Germany</country>
      </address>
    </facility>
  </location>
  <location>
    <facility>
      <name>B´nai-Zion Medical Center</name>
      <address>
        <city>Haifa</city>
        <zip>31048</zip>
        <country>Israel</country>
      </address>
    </facility>
  </location>
  <location>
    <facility>
      <name>Rambam Medical Center</name>
      <address>
        <city>Haifa</city>
        <zip>31096</zip>
        <country>Israel</country>
      </address>
    </facility>
  </location>
  <location>
    <facility>
      <name>Hadassah Medical Organization</name>
      <address>
        <city>Jerusalem</city>
        <zip>91120</zip>
        <country>Israel</country>
      </address>
    </facility>
  </location>
  <location>
    <facility>
      <name>Holy Family Hospital</name>
      <address>
        <city>Nazareth</city>
        <zip>16100</zip>
        <country>Israel</country>
      </address>
    </facility>
  </location>
  <location>
    <facility>
      <name>Rabin Medical Center, Beilinson Campus</name>
      <address>
        <city>Petah Tiqwa</city>
        <zip>49100</zip>
        <country>Israel</country>
      </address>
    </facility>
  </location>
  <location>
    <facility>
      <name>Tel Aviv Sourasky Medical Center</name>
      <address>
        <city>Tel Aviv</city>
        <zip>64239</zip>
        <country>Israel</country>
      </address>
    </facility>
  </location>
  <location>
    <facility>
      <name>Oddzial Chorob Watroby</name>
      <address>
        <city>Bialystok</city>
        <zip>15-540</zip>
        <country>Poland</country>
      </address>
    </facility>
  </location>
  <location>
    <facility>
      <name>Katedra i Klinika Chorob Zakaznych i Hepatologii</name>
      <address>
        <city>Bydgoszcz</city>
        <zip>85-030</zip>
        <country>Poland</country>
      </address>
    </facility>
  </location>
  <location>
    <facility>
      <name>Katedra i Oddzial Kliniczny Chorob Zakaznych</name>
      <address>
        <city>Chorzow</city>
        <zip>41-500</zip>
        <country>Poland</country>
      </address>
    </facility>
  </location>
  <location>
    <facility>
      <name>Wojewodzki Szpital Zespolony</name>
      <address>
        <city>Kielce</city>
        <zip>24-317</zip>
        <country>Poland</country>
      </address>
    </facility>
  </location>
  <location>
    <facility>
      <name>Szpital Uniwersytecki w Krakowie</name>
      <address>
        <city>Krakow</city>
        <zip>31-531</zip>
        <country>Poland</country>
      </address>
    </facility>
  </location>
  <location>
    <facility>
      <name>Klinika Obserwacyjno Zakazna</name>
      <address>
        <city>Lodz</city>
        <zip>91-347</zip>
        <country>Poland</country>
      </address>
    </facility>
  </location>
  <location>
    <facility>
      <name>Oddzial Zakazny</name>
      <address>
        <city>Poznan</city>
        <zip>61-003</zip>
        <country>Poland</country>
      </address>
    </facility>
  </location>
  <location>
    <facility>
      <name>Katedra i Klinika Chorob Zakaznych</name>
      <address>
        <city>Szczecin</city>
        <zip>71-455</zip>
        <country>Poland</country>
      </address>
    </facility>
  </location>
  <location>
    <facility>
      <name>I Oddzial Dzienny SPZOZ</name>
      <address>
        <city>Warsaw</city>
        <zip>01-201</zip>
        <country>Poland</country>
      </address>
    </facility>
  </location>
  <location>
    <facility>
      <name>Klinika Hepatologii i Nabytych Niedoborow Immunologicznych</name>
      <address>
        <city>Warsaw</city>
        <zip>01-201</zip>
        <country>Poland</country>
      </address>
    </facility>
  </location>
  <location>
    <facility>
      <name>Katedra i Klinika Chorob Zakaznych</name>
      <address>
        <city>Wroclaw</city>
        <zip>51-149</zip>
        <country>Poland</country>
      </address>
    </facility>
  </location>
  <location>
    <facility>
      <name>Institutul Clinic Fundeni</name>
      <address>
        <city>Bucharest</city>
        <zip>22328</zip>
        <country>Romania</country>
      </address>
    </facility>
  </location>
  <location>
    <facility>
      <name>Spitalul Clinic Colentina</name>
      <address>
        <city>Bucharest</city>
        <zip>20125</zip>
        <country>Romania</country>
      </address>
    </facility>
  </location>
  <location>
    <facility>
      <name>Spitalul de Boli Infectioase si Tropicale &quot;Dr. Victor Babes&quot;</name>
      <address>
        <city>Bucharest</city>
        <zip>30303</zip>
        <country>Romania</country>
      </address>
    </facility>
  </location>
  <location>
    <facility>
      <name>Spitalul Clinic de Adulti Cluj-Napoca</name>
      <address>
        <city>Cluj-Napoca</city>
        <zip>400162</zip>
        <country>Romania</country>
      </address>
    </facility>
  </location>
  <location>
    <facility>
      <name>Institutul de Gastroenterologie si Hepatologie</name>
      <address>
        <city>Iasi</city>
        <zip>700111</zip>
        <country>Romania</country>
      </address>
    </facility>
  </location>
  <location_countries>
    <country>Australia</country>
    <country>Canada</country>
    <country>Czech Republic</country>
    <country>France</country>
    <country>Germany</country>
    <country>Israel</country>
    <country>Poland</country>
    <country>Romania</country>
  </location_countries>
  <verification_date>November 2013</verification_date>
  <lastchanged_date>November 5, 2013</lastchanged_date>
  <firstreceived_date>June 26, 2005</firstreceived_date>
  <responsible_party>
    <responsible_party_type>Sponsor</responsible_party_type>
  </responsible_party>
  <keyword>Hepatitis C</keyword>
  <is_fda_regulated>Yes</is_fda_regulated>
  <is_section_801>Yes</is_section_801>
  <has_expanded_access>No</has_expanded_access>
  <condition_browse>
    <!-- CAUTION:  The following MeSH terms are assigned with an imperfect algorithm  -->
    <mesh_term>Hepatitis</mesh_term>
    <mesh_term>Hepatitis A</mesh_term>
    <mesh_term>Hepatitis C</mesh_term>
    <mesh_term>Hepatitis C, Chronic</mesh_term>
    <mesh_term>Hepatitis, Chronic</mesh_term>
  </condition_browse>
  <intervention_browse>
    <!-- CAUTION:  The following MeSH terms are assigned with an imperfect algorithm  -->
    <mesh_term>Ribavirin</mesh_term>
  </intervention_browse>
  <!-- Results have not yet been posted for this study                                -->
</clinical_study>
