<?xml version="1.0" encoding="UTF-8"?>
<clinical_study rank="80">
  <!-- This xml conforms to an XML Schema at:
    https://clinicaltrials.gov/ct2/html/images/info/public.xsd
 and an XML DTD at:
    https://clinicaltrials.gov/ct2/html/images/info/public.dtd -->
  <required_header>
    <download_date>ClinicalTrials.gov processed this data on December 13, 2015</download_date>
    <link_text>Link to the current ClinicalTrials.gov record.</link_text>
    <url>https://clinicaltrials.gov/show/NCT00495391</url>
  </required_header>
  <id_info>
    <org_study_id>RM01-2025</org_study_id>
    <nct_id>NCT00495391</nct_id>
  </id_info>
  <brief_title>Study of Nitazoxanide, Peginterferon Alfa-2a and Ribavirin for the Treatment of Hepatitis C</brief_title>
  <acronym>STEALTHC-2</acronym>
  <official_title>Phase II, Randomized, Double-blind, Placebo-controlled Study of Nitazoxanide in Combination With Peginterferon Alfa-2a and Ribavirin in Patients With Hepatitis C Who Have Failed to Respond to a Prior Course of Peginterferon and Ribavirin</official_title>
  <sponsors>
    <lead_sponsor>
      <agency>Romark Laboratories L.C.</agency>
      <agency_class>Industry</agency_class>
    </lead_sponsor>
  </sponsors>
  <source>Romark Laboratories L.C.</source>
  <oversight_info>
    <authority>United States: Food and Drug Administration</authority>
    <has_dmc>Yes</has_dmc>
  </oversight_info>
  <brief_summary>
    <textblock>
      The purpose of this study is to determine if nitazoxanide in combination with peginterferon
      alfa-2a and ribavirin is safe and effective in treating chronic hepatitis C in patients that
      have previously failed to respond to treatment with peginterferon and ribavirin.
    </textblock>
  </brief_summary>
  <overall_status>Completed</overall_status>
  <start_date>July 2007</start_date>
  <completion_date type="Actual">February 2010</completion_date>
  <primary_completion_date type="Actual">February 2010</primary_completion_date>
  <phase>Phase 2</phase>
  <study_type>Interventional</study_type>
  <study_design>Allocation: Randomized, Endpoint Classification: Safety/Efficacy Study, Intervention Model: Parallel Assignment, Masking: Double Blind (Subject, Investigator), Primary Purpose: Treatment</study_design>
  <primary_outcome>
    <measure>Sustained Virologic Response (HCV RNA Below Lower Limit of Detection)</measure>
    <time_frame>24 weeks after end of treatment</time_frame>
    <safety_issue>No</safety_issue>
    <description>Hepatitis C Virus Ribonucleic Acid (HCV RNA) below lower limit of detection 24 weeks after the end of treatment. All others were considered non-responders.</description>
  </primary_outcome>
  <secondary_outcome>
    <measure>End of Treatment Response (HCV RNA Below Lower Limit of Detection)</measure>
    <time_frame>At end of treatment</time_frame>
    <safety_issue>No</safety_issue>
    <description>Hepatitis C Virus Ribonucleic Acid (HCV RNA) below lower limit of detection at the end of treatment. All others were considered non-responders.</description>
  </secondary_outcome>
  <secondary_outcome>
    <measure>Early Virologic Response (HCV RNA Below Lower Limit of Detection)</measure>
    <time_frame>After 12 weeks combination treatment</time_frame>
    <safety_issue>No</safety_issue>
    <description>Hepatitis C Virus Ribonucleic Acid (HCV RNA) below lower limit of detection after 12 weeks of combination therapy.</description>
  </secondary_outcome>
  <secondary_outcome>
    <measure>Rapid Virologic Response (HCV RNA Below Lower Limit of Detection)</measure>
    <time_frame>After 4 weeks combination treatment</time_frame>
    <safety_issue>No</safety_issue>
    <description>Hepatitis C Virus Ribonucleic Acid (HCV RNA) below lower limit of detection after 4 weeks of combination therapy.</description>
  </secondary_outcome>
  <secondary_outcome>
    <measure>Changes in ALT</measure>
    <time_frame>From baseline to week 8</time_frame>
    <safety_issue>No</safety_issue>
    <description>This analysis was conducted using a comparison of changes in Alanine aminotransferase (ALT) from baseline through week 8, week 16, end of treatment and end of follow up.</description>
  </secondary_outcome>
  <secondary_outcome>
    <measure>Changes in ALT</measure>
    <time_frame>From baseline to week 16</time_frame>
    <safety_issue>No</safety_issue>
    <description>This analysis was conducted using a comparison of changes in Alanine aminotransferase (ALT) from baseline through week 8, week 16, end of treatment and end of follow up.</description>
  </secondary_outcome>
  <secondary_outcome>
    <measure>Changes in ALT</measure>
    <time_frame>From baseline to end of treatment</time_frame>
    <safety_issue>No</safety_issue>
    <description>This analysis was conducted using a comparison of changes in Alanine aminotransferase (ALT) from baseline through week 8, week 16, end of treatment and end of follow up.</description>
  </secondary_outcome>
  <secondary_outcome>
    <measure>Changes in ALT</measure>
    <time_frame>From baseline to end of follow up</time_frame>
    <safety_issue>No</safety_issue>
    <description>This analysis was conducted using a comparison of changes in Alanine aminotransferase (ALT) from baseline through week 8, week 16, end of treatment and end of follow up.</description>
  </secondary_outcome>
  <number_of_arms>2</number_of_arms>
  <enrollment type="Actual">64</enrollment>
  <condition>Chronic Hepatitis C</condition>
  <arm_group>
    <arm_group_label>1</arm_group_label>
    <arm_group_type>Active Comparator</arm_group_type>
    <description>Oral 500 mg nitazoxanide twice daily for 4 weeks followed by oral 500 mg nitazoxanide twice daily plus weekly injections of peginterferon alfa-2a plus oral ribavirin (1000 mg if &lt;75 kg body weight or 1200 mg if ≥75 kg body weight) in daily divided doses for 48 weeks.</description>
  </arm_group>
  <arm_group>
    <arm_group_label>2</arm_group_label>
    <arm_group_type>Placebo Comparator</arm_group_type>
    <description>Oral placebo twice daily for 4 weeks followed by oral placebo twice daily plus weekly injections of peginterferon alfa-2a plus oral ribavirin (1000 mg if &lt;75 kg body weight or 1200 mg if ≥75 kg body weight) in daily divided doses for 48 weeks.</description>
  </arm_group>
  <intervention>
    <intervention_type>Drug</intervention_type>
    <intervention_name>Nitazoxanide</intervention_name>
    <description>One oral 500 mg nitazoxanide tablet twice daily for 52 weeks.</description>
    <arm_group_label>1</arm_group_label>
    <other_name>Alinia</other_name>
  </intervention>
  <intervention>
    <intervention_type>Drug</intervention_type>
    <intervention_name>Placebo</intervention_name>
    <description>One oral placebo tablet twice daily for 52 weeks.</description>
    <arm_group_label>2</arm_group_label>
  </intervention>
  <intervention>
    <intervention_type>Biological</intervention_type>
    <intervention_name>Peginterferon alfa-2a</intervention_name>
    <description>Weekly injections of 180µg peginterferon alfa-2a for 48 weeks.</description>
    <arm_group_label>1</arm_group_label>
    <arm_group_label>2</arm_group_label>
    <other_name>PEGASYS</other_name>
  </intervention>
  <intervention>
    <intervention_type>Drug</intervention_type>
    <intervention_name>Ribavirin</intervention_name>
    <description>1000 mg (if &lt;75 kg body weight) or 1200 mg (if ≥75 kg body weight) ribavirin in divided daily doses for 48 weeks.</description>
    <arm_group_label>1</arm_group_label>
    <arm_group_label>2</arm_group_label>
    <other_name>COPEGUS</other_name>
  </intervention>
  <eligibility>
    <criteria>
      <textblock>
        Inclusion Criteria:

          -  Chronic hepatitis C genotype 1.

          -  Failed to respond to ≥12 weeks of peginterferon and ribavirin (&lt;2 log10 drop in
             Hepatitis C Virus Ribonucleic Acid (HCV RNA) at week 12 or detectable Hepatitis C
             Virus Ribonucleic Acid (HCV RNA) at week 24).

        Exclusion Criteria:

          -  Females of child-bearing age who are either pregnant, breast-feeding or not using
             birth control and are sexually active.

          -  Males whose female partners are either pregnant or of child-bearing potential or not
             using birth control and are sexually active.

          -  Other causes of liver disease including autoimmune hepatitis.

          -  Transplant recipients receiving immune suppression therapy.

          -  Screening tests positive for Anti-Hepatitis A Virus Immunoglobulin M Antibody
             (anti-HAV IgM Ab), Hepatitis B's antigen (HBsAg), Anti-Hepatitis B core antigen
             Immunoglobulin M Antibody (anti-HBc IgM Ab) or Anti-Human Immunodeficiency Virus
             Antibody (anti-HIV Ab).

          -  Decompensated cirrhosis, history of variceal bleeding, ascites, hepatic
             encephalopathy, Child-Turcotte-Pugh (CTP) score &gt;6 or Model for End-stage Liver
             Disease (MELD) score &gt;8.

          -  Alcohol consumption of &gt;40 grams per day or an alcohol use pattern that will
             interfere with the study.

          -  Absolute neutrophil count &lt;1500 cells/mm3; platelet count &lt;135,000 cells/mm3;
             hemoglobin &lt;12 g/dL for women and &lt;13 g/dL for men; or serum creatinine concentration
             ≥1.5 times Upper Limit of Normal (ULN).

          -  Hypothyroidism or hyperthyroidism not effectively treated with medication.

          -  Hemoglobin A1C (HgbA1c) &gt;7.5 or history of diabetes mellitus.

          -  Body Mass Index (BMI) &gt;28.

          -  History or other clinical evidence of significant or unstable cardiac disease.

          -  History or other clinical evidence of chronic pulmonary disease associated with
             functional impairment.

          -  Serious or severe bacterial infection(s).

          -  Ulcerative or hemorrhagic/ischemic colitis.

          -  Pancreatitis.

          -  History of severe or uncontrolled psychiatric disease, including severe depression,
             history of suicidal ideation, suicidal attempts or psychosis requiring medication
             and/or hospitalization.

          -  History of uncontrolled severe seizure disorder.

          -  Requires concomitant theophylline or methadone.

          -  History of immunologically mediated disease requiring more than intermittent
             anti-inflammatory medications for management or that requires frequent or prolonged
             use of corticosteroids.

          -  History or other evidence of severe retinopathy or clinically relevant
             ophthalmological disorder due to diabetes mellitus or hypertension.

          -  Hemoglobinopathies.

          -  History of hypersensitivity or intolerance to nitazoxanide or any of the excipients
             comprising the nitazoxanide tablets, peginterferon alfa-2a injectable solution or
             ribavirin tablets.
      </textblock>
    </criteria>
    <gender>Both</gender>
    <minimum_age>18 Years</minimum_age>
    <maximum_age>N/A</maximum_age>
    <healthy_volunteers>No</healthy_volunteers>
  </eligibility>
  <overall_official>
    <last_name>David Nelson, MD</last_name>
    <role>Principal Investigator</role>
    <affiliation>University of Florida Hepatology</affiliation>
  </overall_official>
  <overall_official>
    <last_name>Stephen Harrison, MD</last_name>
    <role>Principal Investigator</role>
    <affiliation>Brooke Army Medical Center</affiliation>
  </overall_official>
  <overall_official>
    <last_name>Arthur Berman, DO</last_name>
    <role>Principal Investigator</role>
    <affiliation>Florida Center for Gastroenterology</affiliation>
  </overall_official>
  <overall_official>
    <last_name>Ronald Pruitt, MD</last_name>
    <role>Principal Investigator</role>
    <affiliation>Nashville Medical Research Institute</affiliation>
  </overall_official>
  <overall_official>
    <last_name>Ahmed Aijaz, MD</last_name>
    <role>Principal Investigator</role>
    <affiliation>Stanford University</affiliation>
  </overall_official>
  <overall_official>
    <last_name>Ramsey Cheung, MD</last_name>
    <role>Principal Investigator</role>
    <affiliation>VA Palo Alto Healthcare System</affiliation>
  </overall_official>
  <overall_official>
    <last_name>Ira Jacobson, MD</last_name>
    <role>Principal Investigator</role>
    <affiliation>Weill Medical College of Cornell University</affiliation>
  </overall_official>
  <overall_official>
    <last_name>Mitchell Shiffman, MD</last_name>
    <role>Principal Investigator</role>
    <affiliation>McGuire VA Medical Center</affiliation>
  </overall_official>
  <overall_official>
    <last_name>Joseph Lim, MD</last_name>
    <role>Principal Investigator</role>
    <affiliation>Yale University Digestive Diseases</affiliation>
  </overall_official>
  <overall_official>
    <last_name>Norman Gitlin, MD</last_name>
    <role>Principal Investigator</role>
    <affiliation>Atlanta Gastroenterology Associates</affiliation>
  </overall_official>
  <location>
    <facility>
      <name>VA Palo Alto Healthcare System</name>
      <address>
        <city>Palo Alto</city>
        <state>California</state>
        <zip>94304</zip>
        <country>United States</country>
      </address>
    </facility>
  </location>
  <location>
    <facility>
      <name>Stanford University School of Medicine</name>
      <address>
        <city>Stanford</city>
        <state>California</state>
        <zip>94305</zip>
        <country>United States</country>
      </address>
    </facility>
  </location>
  <location>
    <facility>
      <name>Yale University Digestive Diseases</name>
      <address>
        <city>New Haven</city>
        <state>Connecticut</state>
        <zip>06520</zip>
        <country>United States</country>
      </address>
    </facility>
  </location>
  <location>
    <facility>
      <name>University of Florida Hepatology</name>
      <address>
        <city>Gainesville</city>
        <state>Florida</state>
        <zip>32610</zip>
        <country>United States</country>
      </address>
    </facility>
  </location>
  <location>
    <facility>
      <name>Florida Center for Gastroenterology</name>
      <address>
        <city>Largo</city>
        <state>Florida</state>
        <zip>33777</zip>
        <country>United States</country>
      </address>
    </facility>
  </location>
  <location>
    <facility>
      <name>Atlanta Gastroenterology Associates</name>
      <address>
        <city>Atlanta</city>
        <state>Georgia</state>
        <zip>30308</zip>
        <country>United States</country>
      </address>
    </facility>
  </location>
  <location>
    <facility>
      <name>Weill Cornell Medical College</name>
      <address>
        <city>New York</city>
        <state>New York</state>
        <zip>10021</zip>
        <country>United States</country>
      </address>
    </facility>
  </location>
  <location>
    <facility>
      <name>Nashville Medical Research Institute</name>
      <address>
        <city>Nashville</city>
        <state>Tennessee</state>
        <zip>37205</zip>
        <country>United States</country>
      </address>
    </facility>
  </location>
  <location>
    <facility>
      <name>Brooke Army Medical Center</name>
      <address>
        <city>Fort Sam Houston</city>
        <state>Texas</state>
        <zip>78234</zip>
        <country>United States</country>
      </address>
    </facility>
  </location>
  <location>
    <facility>
      <name>McGuire VA Medical Center</name>
      <address>
        <city>Richmond</city>
        <state>Virginia</state>
        <zip>23249</zip>
        <country>United States</country>
      </address>
    </facility>
  </location>
  <location_countries>
    <country>United States</country>
  </location_countries>
  <verification_date>April 2014</verification_date>
  <lastchanged_date>April 8, 2014</lastchanged_date>
  <firstreceived_date>July 2, 2007</firstreceived_date>
  <firstreceived_results_date>November 18, 2013</firstreceived_results_date>
  <responsible_party>
    <responsible_party_type>Sponsor</responsible_party_type>
  </responsible_party>
  <keyword>Hepatitis C, Chronic</keyword>
  <is_fda_regulated>Yes</is_fda_regulated>
  <is_section_801>Yes</is_section_801>
  <has_expanded_access>No</has_expanded_access>
  <condition_browse>
    <!-- CAUTION:  The following MeSH terms are assigned with an imperfect algorithm  -->
    <mesh_term>Hepatitis</mesh_term>
    <mesh_term>Hepatitis A</mesh_term>
    <mesh_term>Hepatitis C</mesh_term>
    <mesh_term>Hepatitis C, Chronic</mesh_term>
    <mesh_term>Hepatitis, Chronic</mesh_term>
  </condition_browse>
  <intervention_browse>
    <!-- CAUTION:  The following MeSH terms are assigned with an imperfect algorithm  -->
    <mesh_term>Interferon-alpha</mesh_term>
    <mesh_term>Nitazoxanide</mesh_term>
    <mesh_term>Peginterferon alfa-2a</mesh_term>
    <mesh_term>Ribavirin</mesh_term>
  </intervention_browse>
  <!-- Results are available for this study                                           -->
</clinical_study>
