<?xml version="1.0" encoding="UTF-8"?>
<clinical_study rank="164">
  <!-- This xml conforms to an XML Schema at:
    https://clinicaltrials.gov/ct2/html/images/info/public.xsd
 and an XML DTD at:
    https://clinicaltrials.gov/ct2/html/images/info/public.dtd -->
  <required_header>
    <download_date>ClinicalTrials.gov processed this data on December 13, 2015</download_date>
    <link_text>Link to the current ClinicalTrials.gov record.</link_text>
    <url>https://clinicaltrials.gov/show/NCT00087594</url>
  </required_header>
  <id_info>
    <org_study_id>ML17251</org_study_id>
    <nct_id>NCT00087594</nct_id>
  </id_info>
  <brief_title>A Study of PEGASYS (Peginterferon Alfa-2a (40KD)) in Combination With Copegus (Ribavirin) in Patients With Chronic Hepatitis C (CHC) Enrolled in a Methadone Maintenance Treatment Program.</brief_title>
  <official_title>Open Label, Multi-center, Randomized Safety, Feasibility and Tolerability Pilot Study of Pegasys® (Peginterferon Alfa-2a) Copegus® (Ribavirin) in Previous Intravenous Drug Users Who Are Currently Enrolled in a Methadone Maintenance Treatment Program.</official_title>
  <sponsors>
    <lead_sponsor>
      <agency>Hoffmann-La Roche</agency>
      <agency_class>Industry</agency_class>
    </lead_sponsor>
  </sponsors>
  <source>Hoffmann-La Roche</source>
  <oversight_info>
    <authority>United States: Food and Drug Administration</authority>
  </oversight_info>
  <brief_summary>
    <textblock>
      This study will evaluate the safety and tolerability of PEGASYS plus ribavirin in previous
      intravenous (iv) drug users who have CHC and are currently enrolled in a methadone
      maintenance treatment program. The anticipated time on study treatment is 1-2 years, and the
      target sample size is &lt;100 individuals.
    </textblock>
  </brief_summary>
  <overall_status>Completed</overall_status>
  <start_date>November 2003</start_date>
  <completion_date type="Actual">October 2006</completion_date>
  <primary_completion_date type="Actual">October 2006</primary_completion_date>
  <phase>Phase 4</phase>
  <study_type>Interventional</study_type>
  <study_design>Allocation: Non-Randomized, Endpoint Classification: Safety Study, Intervention Model: Parallel Assignment, Masking: Open Label, Primary Purpose: Treatment</study_design>
  <primary_outcome>
    <measure>Treatment completion rate\n</measure>
    <time_frame>Week 24/48</time_frame>
    <safety_issue>No</safety_issue>
  </primary_outcome>
  <primary_outcome>
    <measure>AEs, laboratory parameters.</measure>
    <time_frame>Throughout study</time_frame>
    <safety_issue>No</safety_issue>
  </primary_outcome>
  <secondary_outcome>
    <measure>Beck Depression Inventory, HQLQ, SVR, biochemical response.</measure>
    <time_frame>Throughout study</time_frame>
    <safety_issue>No</safety_issue>
  </secondary_outcome>
  <number_of_arms>2</number_of_arms>
  <enrollment type="Actual">48</enrollment>
  <condition>Hepatitis C, Chronic</condition>
  <arm_group>
    <arm_group_label>1</arm_group_label>
    <arm_group_type>Experimental</arm_group_type>
  </arm_group>
  <arm_group>
    <arm_group_label>2</arm_group_label>
    <arm_group_type>Experimental</arm_group_type>
  </arm_group>
  <intervention>
    <intervention_type>Drug</intervention_type>
    <intervention_name>peginterferon alfa-2a [Pegasys]</intervention_name>
    <description>180 micrograms sc weekly for 24 weeks (G 2/3) or 48 weeks (G 1)</description>
    <arm_group_label>1</arm_group_label>
    <arm_group_label>2</arm_group_label>
  </intervention>
  <intervention>
    <intervention_type>Drug</intervention_type>
    <intervention_name>ribavirin</intervention_name>
    <description>1000/1200mg po daily for 24 weeks (G 2/3) or 48 weeks (G 1)</description>
    <arm_group_label>1</arm_group_label>
    <arm_group_label>2</arm_group_label>
  </intervention>
  <eligibility>
    <criteria>
      <textblock>
        Inclusion Criteria:

          -  adult patients at least 18 years of age

          -  CHC infection, genotype 1, 2, or 3

          -  naive to treatment for CHC infection

          -  enrolled in a methadone maintenance program with documented attendance for at least 3
             months

          -  use of 2 forms of contraception during the study on both men and women

        Exclusion Criteria:

          -  previous treatment for CHC infection

          -  co-infection with human immunodeficiency virus (HIV)

          -  current use of IV or other illicit drugs

          -  decompensated cirrhosis

          -  women who are pregnant or breastfeeding
      </textblock>
    </criteria>
    <gender>Both</gender>
    <minimum_age>18 Years</minimum_age>
    <maximum_age>N/A</maximum_age>
    <healthy_volunteers>No</healthy_volunteers>
  </eligibility>
  <overall_official>
    <last_name>Clinical Trials</last_name>
    <role>Study Director</role>
    <affiliation>Hoffmann-La Roche</affiliation>
  </overall_official>
  <location>
    <facility>
      <address>
        <city>San Francisco</city>
        <state>California</state>
        <zip>94121</zip>
        <country>United States</country>
      </address>
    </facility>
  </location>
  <location>
    <facility>
      <address>
        <city>Farmington</city>
        <state>Connecticut</state>
        <zip>06030</zip>
        <country>United States</country>
      </address>
    </facility>
  </location>
  <location>
    <facility>
      <address>
        <city>Honolulu</city>
        <state>Hawaii</state>
        <zip>96813</zip>
        <country>United States</country>
      </address>
    </facility>
  </location>
  <location>
    <facility>
      <address>
        <city>Downers Grove</city>
        <state>Illinois</state>
        <zip>60515</zip>
        <country>United States</country>
      </address>
    </facility>
  </location>
  <location>
    <facility>
      <address>
        <city>Baltimore</city>
        <state>Maryland</state>
        <zip>21205</zip>
        <country>United States</country>
      </address>
    </facility>
  </location>
  <location>
    <facility>
      <address>
        <city>New York</city>
        <state>New York</state>
        <zip>10003</zip>
        <country>United States</country>
      </address>
    </facility>
  </location>
  <location>
    <facility>
      <address>
        <city>Richmond</city>
        <state>Virginia</state>
        <zip>23249</zip>
        <country>United States</country>
      </address>
    </facility>
  </location>
  <location_countries>
    <country>United States</country>
  </location_countries>
  <verification_date>October 2015</verification_date>
  <lastchanged_date>October 1, 2015</lastchanged_date>
  <firstreceived_date>July 12, 2004</firstreceived_date>
  <responsible_party>
    <responsible_party_type>Sponsor</responsible_party_type>
  </responsible_party>
  <is_fda_regulated>Yes</is_fda_regulated>
  <is_section_801>Yes</is_section_801>
  <has_expanded_access>No</has_expanded_access>
  <condition_browse>
    <!-- CAUTION:  The following MeSH terms are assigned with an imperfect algorithm  -->
    <mesh_term>Hepatitis</mesh_term>
    <mesh_term>Hepatitis C</mesh_term>
    <mesh_term>Hepatitis C, Chronic</mesh_term>
  </condition_browse>
  <intervention_browse>
    <!-- CAUTION:  The following MeSH terms are assigned with an imperfect algorithm  -->
    <mesh_term>Interferon-alpha</mesh_term>
    <mesh_term>Peginterferon alfa-2a</mesh_term>
    <mesh_term>Ribavirin</mesh_term>
  </intervention_browse>
  <!-- Results have not yet been posted for this study                                -->
</clinical_study>
