<?xml version="1.0" encoding="UTF-8"?>
<clinical_study rank="947">
  <!-- This xml conforms to an XML Schema at:
    https://clinicaltrials.gov/ct2/html/images/info/public.xsd
 and an XML DTD at:
    https://clinicaltrials.gov/ct2/html/images/info/public.dtd -->
  <required_header>
    <download_date>ClinicalTrials.gov processed this data on December 13, 2015</download_date>
    <link_text>Link to the current ClinicalTrials.gov record.</link_text>
    <url>https://clinicaltrials.gov/show/NCT00778843</url>
  </required_header>
  <id_info>
    <org_study_id>VIU-CHC-08</org_study_id>
    <nct_id>NCT00778843</nct_id>
  </id_info>
  <brief_title>Antioxidant and Immunomodulator Properties of Viusid in Patients With Chronic Hepatitis C</brief_title>
  <official_title>Efficacy and Safety of Viusid as Antioxidant and Immunomodulator Nutritional Supplement in Patients With Chronic Hepatitis C and Non-responders to Standard Antiviral Therapy. A Randomized and Double Blind Controlled Trial</official_title>
  <sponsors>
    <lead_sponsor>
      <agency>Catalysis SL</agency>
      <agency_class>Industry</agency_class>
    </lead_sponsor>
  </sponsors>
  <source>Catalysis SL</source>
  <oversight_info>
    <authority>Cuba: Ministry of Public Health</authority>
    <has_dmc>No</has_dmc>
  </oversight_info>
  <brief_summary>
    <textblock>
      The pathogenesis of chronic hepatitis C (CHC) is associated to severe oxidative stress and
      non-selective immunological disturbance that leads to necro-inflammation and progression of
      fibrosis. Previous trials suggested that antioxidant and inmunostimulant therapies may have
      a beneficial effect. The purpose of the study is to evaluate whether Viusid, a nutritional
      supplement with hepatoprotective properties, could ameliorate the oxidative stress and
      modulate the immune response in patients with CHC and non-responders to pegylated interferon
      plus ribavirin, during 24 weeks of treatment.
    </textblock>
  </brief_summary>
  <overall_status>Completed</overall_status>
  <start_date>October 2008</start_date>
  <completion_date type="Actual">May 2009</completion_date>
  <primary_completion_date type="Actual">May 2009</primary_completion_date>
  <phase>Phase 3</phase>
  <study_type>Interventional</study_type>
  <study_design>Allocation: Randomized, Endpoint Classification: Safety/Efficacy Study, Intervention Model: Parallel Assignment, Masking: Double Blind (Subject, Caregiver, Investigator, Outcomes Assessor), Primary Purpose: Treatment</study_design>
  <primary_outcome>
    <measure>The improvement of serum parameters related to oxidative stress (SOD, AT, MDA, MDA/HNE, GPx, GR, AOP, MPO, PAOP, GSH) at 24 weeks (end of the treatment).</measure>
    <time_frame>6 months</time_frame>
    <safety_issue>No</safety_issue>
  </primary_outcome>
  <primary_outcome>
    <measure>The improvement of serum parameters related to immune response (IFN alpha, IFN gamma, IL-1 alpha, IL-2, IL-6, IL-10, IL-12, TNF alpha, Anti TNF alpha, Cathepsin L) at 24 weeks (end of the treatment).</measure>
    <time_frame>6 months</time_frame>
    <safety_issue>No</safety_issue>
  </primary_outcome>
  <secondary_outcome>
    <measure>Improvement of aminotransferase levels (ALAT and ASAT) at 24 weeks (end of the treatment).</measure>
    <time_frame>6 months</time_frame>
    <safety_issue>No</safety_issue>
  </secondary_outcome>
  <secondary_outcome>
    <measure>Improvement of clinical symptoms and signs at 24 weeks (end of the treatment).</measure>
    <time_frame>6 months</time_frame>
    <safety_issue>No</safety_issue>
  </secondary_outcome>
  <number_of_arms>2</number_of_arms>
  <enrollment type="Actual">60</enrollment>
  <condition>Chronic Hepatitis C</condition>
  <arm_group>
    <arm_group_label>Viusid</arm_group_label>
    <arm_group_type>Experimental</arm_group_type>
  </arm_group>
  <arm_group>
    <arm_group_label>Placebo</arm_group_label>
    <arm_group_type>Placebo Comparator</arm_group_type>
    <description>Placebo three oral sachets daily during 24 weeks</description>
  </arm_group>
  <intervention>
    <intervention_type>Dietary Supplement</intervention_type>
    <intervention_name>Viusid</intervention_name>
    <description>Viusid, three oral sachets daily during 24 weeks</description>
    <arm_group_label>Viusid</arm_group_label>
  </intervention>
  <intervention>
    <intervention_type>Other</intervention_type>
    <intervention_name>Placebo</intervention_name>
    <description>Placebo three oral sachets daily during 24 weeks</description>
    <arm_group_label>Placebo</arm_group_label>
  </intervention>
  <eligibility>
    <criteria>
      <textblock>
        Inclusion Criteria:

          -  HCV infection confirmed on a positive test for anti-HCV antibody and HCV RNA
             detectable in serum by Polymerase Chain Reaction.

          -  Histological diagnosis of chronic hepatitis.

          -  Patients who were non-responders to previous treatment with pegylated interferon and
             ribavirin or who had contraindicated the antiviral treatment.

          -  Age between 18 and 65 years.

          -  Ability to provide informed consent.

          -  Absence of significant alcohol ingestion (weekly ethanol consumption of less than 40
             g)

        Exclusion Criteria:

          -  Presence of other form of liver diseases (viral or autoimmune hepatitis, drug-induced
             liver disease, nonalcoholic steatohepatitis, metabolic and hereditary liver disease
             and α-1 antitrypsin deficiency).

          -  Pregnancy or lactation.

          -  Decompensated cirrhosis.

          -  Absence of clinical and ultrasonographic evidence of liver cancer, with α-fetoprotein
             levels ≤ 200 ng/ml.

          -  Refusal to participate in the study.

          -  Concomitant disease with reduced life expectancy.

          -  Severe psychiatric conditions.

          -  Drug dependence.

          -  Co-infection with hepatitis A or B or HIV.

          -  Pregnancy.
      </textblock>
    </criteria>
    <gender>Both</gender>
    <minimum_age>18 Years</minimum_age>
    <maximum_age>65 Years</maximum_age>
    <healthy_volunteers>No</healthy_volunteers>
  </eligibility>
  <overall_official>
    <last_name>Eduardo Vilar Gomez, Ph.D</last_name>
    <role>Principal Investigator</role>
    <affiliation>National Institute of Gastroenterology</affiliation>
  </overall_official>
  <location>
    <facility>
      <name>National Institute of Gastroenterology</name>
      <address>
        <city>Vedado</city>
        <state>Havana</state>
        <zip>10400</zip>
        <country>Cuba</country>
      </address>
    </facility>
  </location>
  <location_countries>
    <country>Cuba</country>
  </location_countries>
  <link>
    <url>http://www.viusid.com</url>
  </link>
  <results_reference>
    <citation>Vilar Gomez E, Gra Oramas B, Soler E, Llanio Navarro R, Ruenes Domech C. Viusid, a nutritional supplement, in combination with interferon alpha-2b and ribavirin in patients with chronic hepatitis C. Liver Int. 2007 Mar;27(2):247-59.</citation>
    <PMID>17311621</PMID>
  </results_reference>
  <verification_date>May 2012</verification_date>
  <lastchanged_date>May 2, 2012</lastchanged_date>
  <firstreceived_date>October 21, 2008</firstreceived_date>
  <responsible_party>
    <responsible_party_type>Sponsor</responsible_party_type>
  </responsible_party>
  <keyword>Chronic hepatitis C</keyword>
  <keyword>Oxidative stress</keyword>
  <keyword>Antioxidant</keyword>
  <keyword>Cytokines</keyword>
  <keyword>Nutritional supplement</keyword>
  <is_fda_regulated>No</is_fda_regulated>
  <has_expanded_access>No</has_expanded_access>
  <condition_browse>
    <!-- CAUTION:  The following MeSH terms are assigned with an imperfect algorithm  -->
    <mesh_term>Hepatitis</mesh_term>
    <mesh_term>Hepatitis A</mesh_term>
    <mesh_term>Hepatitis C</mesh_term>
    <mesh_term>Hepatitis C, Chronic</mesh_term>
    <mesh_term>Hepatitis, Chronic</mesh_term>
  </condition_browse>
  <intervention_browse>
    <!-- CAUTION:  The following MeSH terms are assigned with an imperfect algorithm  -->
    <mesh_term>Adjuvants, Immunologic</mesh_term>
    <mesh_term>Antioxidants</mesh_term>
  </intervention_browse>
  <!-- Results have not yet been posted for this study                                -->
</clinical_study>
