<?xml version="1.0" encoding="UTF-8"?>
<clinical_study rank="574">
  <!-- This xml conforms to an XML Schema at:
    https://clinicaltrials.gov/ct2/html/images/info/public.xsd
 and an XML DTD at:
    https://clinicaltrials.gov/ct2/html/images/info/public.dtd -->
  <required_header>
    <download_date>ClinicalTrials.gov processed this data on December 13, 2015</download_date>
    <link_text>Link to the current ClinicalTrials.gov record.</link_text>
    <url>https://clinicaltrials.gov/show/NCT00266318</url>
  </required_header>
  <id_info>
    <org_study_id>164-04</org_study_id>
    <nct_id>NCT00266318</nct_id>
  </id_info>
  <brief_title>Study of High Dosage CIFN Plus RBV for HCV Genotype 1 Infected Patients Who Are Nonresponders to Prior Therapy</brief_title>
  <official_title>A Phase 4 Open-Label Pilot Study of the Safety and Tolerability of High Dosage of CIFN Plus RBV Administered Daily for 48 Weeks in HCV Genotype 1 Infected Patients Who Are Nonresponders to Prior Pegylated Interferon Alfa Plus RBV Therapy</official_title>
  <sponsors>
    <lead_sponsor>
      <agency>Beth Israel Medical Center</agency>
      <agency_class>Other</agency_class>
    </lead_sponsor>
    <collaborator>
      <agency>InterMune</agency>
      <agency_class>Industry</agency_class>
    </collaborator>
  </sponsors>
  <source>Beth Israel Medical Center</source>
  <oversight_info>
    <authority>United States: Food and Drug Administration</authority>
  </oversight_info>
  <brief_summary>
    <textblock>
      The main purpose of this study is to evaluate the safety and tolerability of combination
      therapy of daily interferon alfacon-1 (Infergen, CIFN) at high dosage (24 mcg) with
      ribavirin (based on body weight) for 48 weeks in HCV genotype 1 infected subjects, who are
      non-responders to previous pegylated interferon alfa plus ribavirin therapy.

      This is an open-label, multicenter study. All subjects will receive Infergen 24 mcg
      administered by injection daily plus ribavirin 800-1400 mg (based on body weight)
      administered by mouth daily for 48 weeks

      * If any 5 of the first 10 subjects can not tolerate the 24 mcg daily dosage of Infergen by
      week 4, as determined by the principal investigator, then the dosage of Infergen will be
      changed to 15 mcg administered by injection daily plus ribavirin 800-1400 mg (based on body
      weight) administered by mouth daily for 48 weeks
    </textblock>
  </brief_summary>
  <overall_status>Completed</overall_status>
  <start_date>December 2005</start_date>
  <completion_date type="Actual">May 2007</completion_date>
  <primary_completion_date type="Actual">May 2007</primary_completion_date>
  <phase>Phase 4</phase>
  <study_type>Interventional</study_type>
  <study_design>Allocation: Non-Randomized, Endpoint Classification: Safety Study, Intervention Model: Single Group Assignment, Masking: Open Label, Primary Purpose: Treatment</study_design>
  <primary_outcome>
    <measure>*Assessment of safety and tolerability of high dosage Infergen plus ribavirin including adverse events;study medication dose reduction, interruptions, and discontinuations; and BDI-II scores</measure>
  </primary_outcome>
  <secondary_outcome>
    <measure>*Sustained viral response defined as the absence of detectable HCV RNA at week 72</measure>
  </secondary_outcome>
  <enrollment>40</enrollment>
  <condition>Hepatitis C</condition>
  <intervention>
    <intervention_type>Drug</intervention_type>
    <intervention_name>Interferon Alfacon-1 and Ribavirin</intervention_name>
  </intervention>
  <eligibility>
    <criteria>
      <textblock>
        Inclusion Criteria:

          -  Must have documented failure to respond to past treatment with a Pegylated IFN + RBV.
             Failure to respond to past treatment is defined as positive HCV RNA at 12 weeks and
             less than a 2 log drop from baseline; OR positive HCV RNA and greater than 2 log drop
             from baseline at week 12 and must have received 24 weeks of therapy and still have a
             positive HCV RNA

          -  Must have tolerated previous hepatitis C therapy

          -  Must be off hepatitis C therapy for 3 months prior to study participation

          -  Must have had a liver biopsy within the past 5 years

        Exclusion Criteria:

          -  Decompensated liver disease

          -  Laboratory abnormalities as per protocol

          -  HIV+

          -  Autoimmune disease

          -  Unstable or deteriorating cardiovascular or cerebrovascular disease

          -  History of seizures in past 5 years

          -  Alcohol or drug abuse in past year

          -  Pregnant or lactating women
      </textblock>
    </criteria>
    <gender>Both</gender>
    <minimum_age>18 Years</minimum_age>
    <maximum_age>70 Years</maximum_age>
    <healthy_volunteers>Accepts Healthy Volunteers</healthy_volunteers>
  </eligibility>
  <overall_official>
    <last_name>Henry C. Bodenheimer, M.D.</last_name>
    <role>Principal Investigator</role>
    <affiliation>Beth Israel Medical Center</affiliation>
  </overall_official>
  <location>
    <facility>
      <name>Beth Israel Medical Center</name>
      <address>
        <city>New York</city>
        <state>New York</state>
        <zip>10003</zip>
        <country>United States</country>
      </address>
    </facility>
  </location>
  <location_countries>
    <country>United States</country>
  </location_countries>
  <reference>
    <citation>Cornberg M, Hadem J, Schuppert F, Reiser M, Schmidt H, Marschal O, et al. 2002. Retreatment of hepatitis C nonresponder patients with consensus interferon and ribavirin: a randomized controlled multicenter study. Hepatology 36(4 pt 2): 575A.</citation>
  </reference>
  <results_reference>
    <citation>Barbaro G, Barbarini G. Consensus interferon for chronic hepatitis C patients with genotype 1 who failed to respond to, or relapsed after, interferon alpha-2b and ribavirin in combination: an Italian pilot study. Eur J Gastroenterol Hepatol. 2002 May;14(5):477-83.</citation>
    <PMID>11984144</PMID>
  </results_reference>
  <results_reference>
    <citation>da Silva LC, Bassit L, Ono-Nita SK, Pinho JR, Nishiya A, Madruga CL, Carrilho FJ. High rate of sustained response to consensus interferon plus ribavirin in chronic hepatitis C patients resistant to alpha-interferon and ribavirin: a pilot study. J Gastroenterol. 2002;37(9):732-6.</citation>
    <PMID>12375147</PMID>
  </results_reference>
  <results_reference>
    <citation>Buggisch P, Seegers B, Hinrichsen H, Hueppe D, Reiser M, de Heer G, et al. 2002. Combination treatment with consensus-interferon and ribavirin for chronic hepatitis C patients with non-response relapse to previous treatment with alpha-interferon and ribavirin. Hepatology 36 (4 pt 2): 363A.</citation>
  </results_reference>
  <results_reference>
    <citation>Kaiser S, Hass H, Gregor M. 2002A. high dose induction therapy with consensus interferon and ribavirin for treatment naive patients with hepatitis C. Hepatology 36(4 pt 2): 362A.</citation>
  </results_reference>
  <results_reference>
    <citation>Kaiser S, Hass H, gregor M. 2002B. High viral response rates in previous interferon/ribavirin nonresponder patients with chronic hepatitis C retreated with consensus interferon. Hepatology 36(4 pt 2): 358A.</citation>
  </results_reference>
  <results_reference>
    <citation>Kaiser S, Hass H, Gregor M. 2003. Successful retreatment of Peginterferon nonresponder patients with chronic hepatitis C with high dose consensus interferon induction therapy. Gastroenterology 124(4):A214.</citation>
  </results_reference>
  <verification_date>April 2008</verification_date>
  <lastchanged_date>April 16, 2008</lastchanged_date>
  <firstreceived_date>December 14, 2005</firstreceived_date>
  <keyword>Hepatitis C Nonresponder</keyword>
  <keyword>Genotype 1</keyword>
  <keyword>Interferon Alfacon-1</keyword>
  <keyword>Consensus Interferon</keyword>
  <keyword>CIFN</keyword>
  <keyword>Infergen</keyword>
  <keyword>Ribavirin</keyword>
  <condition_browse>
    <!-- CAUTION:  The following MeSH terms are assigned with an imperfect algorithm  -->
    <mesh_term>Hepatitis C</mesh_term>
  </condition_browse>
  <intervention_browse>
    <!-- CAUTION:  The following MeSH terms are assigned with an imperfect algorithm  -->
    <mesh_term>Interferon alfacon-1</mesh_term>
    <mesh_term>Interferon-alpha</mesh_term>
    <mesh_term>Interferons</mesh_term>
    <mesh_term>Ribavirin</mesh_term>
  </intervention_browse>
  <!-- Results have not yet been posted for this study                                -->
</clinical_study>
