<?xml version="1.0" encoding="UTF-8"?>
<clinical_study rank="119">
  <!-- This xml conforms to an XML Schema at:
    https://clinicaltrials.gov/ct2/html/images/info/public.xsd
 and an XML DTD at:
    https://clinicaltrials.gov/ct2/html/images/info/public.dtd -->
  <required_header>
    <download_date>ClinicalTrials.gov processed this data on December 13, 2015</download_date>
    <link_text>Link to the current ClinicalTrials.gov record.</link_text>
    <url>https://clinicaltrials.gov/show/NCT00614471</url>
  </required_header>
  <id_info>
    <org_study_id>ML20742</org_study_id>
    <nct_id>NCT00614471</nct_id>
  </id_info>
  <brief_title>A Study of PEGASYS (Peginterferon Alfa-2a (40KD)) Plus Entecavir in Treatment-Naive Patients With HBeAg-Positive Chronic Hepatitis B.</brief_title>
  <official_title>A Randomized, Open Label Study of the Effect of Peginterferon Alfa-2a (40KD) (PEGASYS®) Plus Entecavir (Baraclude®) Combination Therapy on Quantitative Changes in HBeAg in Treatment-naive Patients With HBeAg Positive Chronic Hepatitis B</official_title>
  <sponsors>
    <lead_sponsor>
      <agency>Hoffmann-La Roche</agency>
      <agency_class>Industry</agency_class>
    </lead_sponsor>
  </sponsors>
  <source>Hoffmann-La Roche</source>
  <oversight_info>
    <authority>China: Food and Drug Administration</authority>
  </oversight_info>
  <brief_summary>
    <textblock>
      This 3 arm study will assess the efficacy and safety of PEGASYS + entecavir combination
      therapy in treatment-naive patients with HBeAg positive chronic hepatitis B. Patients will
      be randomized to receive 1)PEGASYS 180 micrograms s.c./week for 48 weeks, 2)PEGASYS 180
      micrograms s.c./week for 48 weeks + entecavir 0.5mg p.o. once daily from week 13 to week 36
      or 3) entecavir 0.5mg p.o. once daily for 24 weeks + PEGASYS 180 micrograms s.c./week from
      week 21 to 68. Treatment will be followed by 24 weeks treatment-free follow up. The
      anticipated time on study treatment is 3-12 months for groups 1 and 2, and 1-2 years for
      group 3, and the target sample size is 100-500 individuals.
    </textblock>
  </brief_summary>
  <overall_status>Completed</overall_status>
  <start_date>August 2007</start_date>
  <completion_date type="Actual">October 2009</completion_date>
  <primary_completion_date type="Actual">October 2009</primary_completion_date>
  <phase>Phase 4</phase>
  <study_type>Interventional</study_type>
  <study_design>Allocation: Randomized, Endpoint Classification: Safety/Efficacy Study, Intervention Model: Parallel Assignment, Masking: Open Label, Primary Purpose: Treatment</study_design>
  <primary_outcome>
    <measure>Log change in quantitative HBeAg from baseline to 24 weeks after end of treatment.</measure>
    <time_frame>Week 72 for Arms 1 and 2. Week 92 for Arm 3.</time_frame>
    <safety_issue>No</safety_issue>
  </primary_outcome>
  <secondary_outcome>
    <measure>HBeAg seroconversion, HBV-DNA &lt;1000 copies/mL, loss of HBeAg, HBV DNA reduction, ALT normalization, loss of HBsAg seroconversion, reduction of HBsAg 24 weeks after end of treatment.</measure>
    <time_frame>Week 72 for Arms 1 and 2. Week 92 for Arm 3.</time_frame>
    <safety_issue>No</safety_issue>
  </secondary_outcome>
  <secondary_outcome>
    <measure>AEs, laboratory parameters.</measure>
    <time_frame>Throughout study</time_frame>
    <safety_issue>No</safety_issue>
  </secondary_outcome>
  <number_of_arms>3</number_of_arms>
  <enrollment type="Actual">219</enrollment>
  <condition>Hepatitis B, Chronic</condition>
  <arm_group>
    <arm_group_label>1</arm_group_label>
    <arm_group_type>Active Comparator</arm_group_type>
  </arm_group>
  <arm_group>
    <arm_group_label>2</arm_group_label>
    <arm_group_type>Experimental</arm_group_type>
  </arm_group>
  <arm_group>
    <arm_group_label>3</arm_group_label>
    <arm_group_type>Experimental</arm_group_type>
  </arm_group>
  <intervention>
    <intervention_type>Drug</intervention_type>
    <intervention_name>Entecavir</intervention_name>
    <description>0.5mg po daily for 24 weeks</description>
    <arm_group_label>3</arm_group_label>
  </intervention>
  <intervention>
    <intervention_type>Drug</intervention_type>
    <intervention_name>Entecavir</intervention_name>
    <description>0.5mg po daily from week 13 to week 36</description>
    <arm_group_label>2</arm_group_label>
  </intervention>
  <intervention>
    <intervention_type>Drug</intervention_type>
    <intervention_name>peginterferon alfa-2a [Pegasys]</intervention_name>
    <description>180 micrograms sc/week for 48 weeks</description>
    <arm_group_label>1</arm_group_label>
    <arm_group_label>2</arm_group_label>
  </intervention>
  <intervention>
    <intervention_type>Drug</intervention_type>
    <intervention_name>peginterferon alfa-2a [Pegasys]</intervention_name>
    <description>180 micrograms sc/week from week 21 to week 68</description>
    <arm_group_label>3</arm_group_label>
  </intervention>
  <eligibility>
    <criteria>
      <textblock>
        Inclusion Criteria:

          -  adult patients, 18-65 years of age;

          -  HBsAg positive, HBeAg positive and anti-HBe negative for at least 6 months, anti-HBs
             negative;

          -  absence of cirrhosis confirmed by liver biopsy in previous 12 months.

        Exclusion Criteria:

          -  previous treatment for chronic hepatitis B within previous 6 months;

          -  antiviral, anti-neoplastic or immunomodulatory treatment in previous 6 months;

          -  co-infection with active hepatitis A, hepatitis C, hepatitis D or HIV;

          -  history or other evidence of a medical condition associated with chronic liver
             disease other than viral hepatitis.
      </textblock>
    </criteria>
    <gender>Both</gender>
    <minimum_age>18 Years</minimum_age>
    <maximum_age>65 Years</maximum_age>
    <healthy_volunteers>No</healthy_volunteers>
  </eligibility>
  <overall_official>
    <last_name>Clinical Trials</last_name>
    <role>Study Director</role>
    <affiliation>Hoffmann-La Roche</affiliation>
  </overall_official>
  <location>
    <facility>
      <address>
        <city>Beijing</city>
        <zip>100011</zip>
        <country>China</country>
      </address>
    </facility>
  </location>
  <location>
    <facility>
      <address>
        <city>Hangzhou</city>
        <zip>310003</zip>
        <country>China</country>
      </address>
    </facility>
  </location>
  <location>
    <facility>
      <address>
        <city>Shanghai</city>
        <zip>200021</zip>
        <country>China</country>
      </address>
    </facility>
  </location>
  <location>
    <facility>
      <address>
        <city>Shanghai</city>
        <zip>200025</zip>
        <country>China</country>
      </address>
    </facility>
  </location>
  <location>
    <facility>
      <address>
        <city>Shanghai</city>
        <zip>200235</zip>
        <country>China</country>
      </address>
    </facility>
  </location>
  <location>
    <facility>
      <address>
        <city>Xi'an</city>
        <zip>710038</zip>
        <country>China</country>
      </address>
    </facility>
  </location>
  <location>
    <facility>
      <address>
        <city>Zhengzhou</city>
        <zip>450052</zip>
        <country>China</country>
      </address>
    </facility>
  </location>
  <location>
    <facility>
      <address>
        <city>Hong Kong</city>
        <country>Hong Kong</country>
      </address>
    </facility>
  </location>
  <location_countries>
    <country>China</country>
    <country>Hong Kong</country>
  </location_countries>
  <verification_date>December 2015</verification_date>
  <lastchanged_date>December 1, 2015</lastchanged_date>
  <firstreceived_date>January 30, 2008</firstreceived_date>
  <responsible_party>
    <responsible_party_type>Sponsor</responsible_party_type>
  </responsible_party>
  <is_fda_regulated>No</is_fda_regulated>
  <has_expanded_access>No</has_expanded_access>
  <condition_browse>
    <!-- CAUTION:  The following MeSH terms are assigned with an imperfect algorithm  -->
    <mesh_term>Hepatitis</mesh_term>
    <mesh_term>Hepatitis A</mesh_term>
    <mesh_term>Hepatitis B</mesh_term>
    <mesh_term>Hepatitis B, Chronic</mesh_term>
    <mesh_term>Hepatitis, Chronic</mesh_term>
  </condition_browse>
  <intervention_browse>
    <!-- CAUTION:  The following MeSH terms are assigned with an imperfect algorithm  -->
    <mesh_term>Entecavir</mesh_term>
    <mesh_term>Interferon-alpha</mesh_term>
    <mesh_term>Peginterferon alfa-2a</mesh_term>
  </intervention_browse>
  <!-- Results have not yet been posted for this study                                -->
</clinical_study>
