<?xml version="1.0" encoding="UTF-8"?>
<clinical_study rank="130">
  <!-- This xml conforms to an XML Schema at:
    https://clinicaltrials.gov/ct2/html/images/info/public.xsd
 and an XML DTD at:
    https://clinicaltrials.gov/ct2/html/images/info/public.dtd -->
  <required_header>
    <download_date>ClinicalTrials.gov processed this data on December 13, 2015</download_date>
    <link_text>Link to the current ClinicalTrials.gov record.</link_text>
    <url>https://clinicaltrials.gov/show/NCT00630058</url>
  </required_header>
  <id_info>
    <org_study_id>G060-A5</org_study_id>
    <nct_id>NCT00630058</nct_id>
  </id_info>
  <brief_title>A Phase 1 Study of MP-424, Peginterferon Alfa 2b, and Ribavirin in Hepatitis C</brief_title>
  <official_title>A Phase I, Open-Label, Two-Arm Study of MP-424 in Combination With Peginterferon Alfa 2b and Ribavirin in Patients With Genotype 1b Hepatitis C</official_title>
  <sponsors>
    <lead_sponsor>
      <agency>Mitsubishi Tanabe Pharma Corporation</agency>
      <agency_class>Industry</agency_class>
    </lead_sponsor>
    <collaborator>
      <agency>Vertex Pharmaceuticals Incorporated</agency>
      <agency_class>Industry</agency_class>
    </collaborator>
  </sponsors>
  <source>Mitsubishi Tanabe Pharma Corporation</source>
  <oversight_info>
    <authority>Japan: Ministry of Health, Labor and Welfare</authority>
    <has_dmc>No</has_dmc>
  </oversight_info>
  <brief_summary>
    <textblock>
      The purpose of this study is to assess the safety, pharmacokinetics, HCV RNA kinetics, and
      other viral characteristics after administration of two arms of MP-424 in combination with
      Peginterferon Alfa 2b (PEG-IFN-a-2b) and Ribavirin (RBV) to patients with chronic hepatitis
      C.
    </textblock>
  </brief_summary>
  <overall_status>Completed</overall_status>
  <start_date>April 2008</start_date>
  <completion_date type="Actual">March 2009</completion_date>
  <primary_completion_date type="Actual">March 2009</primary_completion_date>
  <phase>Phase 1</phase>
  <study_type>Interventional</study_type>
  <study_design>Allocation: Randomized, Endpoint Classification: Pharmacokinetics/Dynamics Study, Intervention Model: Parallel Assignment, Masking: Open Label</study_design>
  <primary_outcome>
    <measure>Cmax (Maximum Observed Concentration in Plasma) of MP-424</measure>
    <time_frame>Data were collected at Day1 to Day85</time_frame>
    <safety_issue>No</safety_issue>
    <description>Data were collected before the first dose in the morning, and at 1, 2.5, 4, 6, 8, 12, 16 and 24 h after the first dose on days 1, 14 and 85.
Data as pre-dose were collected at Day3, Day8, Day29, Day43 and Day57.</description>
  </primary_outcome>
  <primary_outcome>
    <measure>Tmax (Time of Maximum Concentration in Plasma) of MP-424</measure>
    <time_frame>Data were collected at Day1 to Day85</time_frame>
    <safety_issue>No</safety_issue>
    <description>Data were collected before the first dose in the morning, and at 1, 2.5, 4, 6, 8, 12, 16 and 24 h after the first dose on days 1, 14 and 85.
Data as pre-dose were collected at Day3, Day8, Day29, Day43 and Day57.</description>
  </primary_outcome>
  <primary_outcome>
    <measure>AUC 0-8h (Area Under the Concentration-time Curve From Time Zero to 8 Hours) of MP-424</measure>
    <time_frame>Data were collected at Day1 to Day85</time_frame>
    <safety_issue>No</safety_issue>
    <description>Data were collected before the first dose in the morning, and at 1, 2.5, 4, 6, 8, 12, 16 and 24 h after the first dose on days 1, 14 and 85.
Data as pre-dose were collected at Day3, Day8, Day29, Day43 and Day57.</description>
  </primary_outcome>
  <primary_outcome>
    <measure>Ctrough (Minimum Observed Concentration in Plasma) of MP-424</measure>
    <time_frame>Data were collected at Day1 to Day85</time_frame>
    <safety_issue>No</safety_issue>
    <description>Data were collected before the first dose in the morning, and at 1, 2.5, 4, 6, 8, 12, 16 and 24 h after the first dose on days 1, 14 and 85.
Data as pre-dose were collected at Day3, Day8, Day29, Day43 and Day57.</description>
  </primary_outcome>
  <primary_outcome>
    <measure>T1/2(Time of Half-Life) of MP-424</measure>
    <time_frame>Data were collected at Day1 to Day85</time_frame>
    <safety_issue>No</safety_issue>
    <description>Data were collected before the first dose in the morning, and at 1, 2.5, 4, 6, 8, 12, 16 and 24 h after the first dose on days 1, 14 and 85.
Data as pre-dose were collected at Day3, Day8, Day29, Day43 and Day57.</description>
  </primary_outcome>
  <secondary_outcome>
    <measure>Antiviral Effects of TVR on HCV Were Assessed by Measuring Plasma HCV RNA Levels</measure>
    <time_frame>37 weeks</time_frame>
    <safety_issue>No</safety_issue>
    <description>HCV RNA concentrations were determined using the COBAS TaqMan HCV test (Roche Diagnostics). The linear dynamic range of the assay was 1.2-7.8 log10 IU/mL.</description>
  </secondary_outcome>
  <number_of_arms>2</number_of_arms>
  <enrollment type="Actual">20</enrollment>
  <condition>Hepatitis C</condition>
  <arm_group>
    <arm_group_label>Group A (MP-424 High)</arm_group_label>
    <arm_group_type>Experimental</arm_group_type>
  </arm_group>
  <arm_group>
    <arm_group_label>Group B (MP-424 Low)</arm_group_label>
    <arm_group_type>Experimental</arm_group_type>
  </arm_group>
  <intervention>
    <intervention_type>Drug</intervention_type>
    <intervention_name>MP-424(H), PEG-IFN-a-2b, RBV</intervention_name>
    <description>MP-424 (three tablets of 250mg tablet at a time, every 8 hours) + PEG-IFN-a-2b + RBV for 12 weeks</description>
    <arm_group_label>Group A (MP-424 High)</arm_group_label>
    <other_name>Telaprevir</other_name>
  </intervention>
  <intervention>
    <intervention_type>Drug</intervention_type>
    <intervention_name>MP-424 (L), PEG-IFN-a-2b, RBV</intervention_name>
    <description>MP-424 (two tablets of 250mg tablet at a time, every 8 hours) + PEG-IFN-a-2b + RBV for 12 weeks</description>
    <arm_group_label>Group B (MP-424 Low)</arm_group_label>
    <other_name>Telaprevir</other_name>
  </intervention>
  <eligibility>
    <criteria>
      <textblock>
        Inclusion Criteria:

          -  Patients diagnosed with genotype 1b chronic hepatitis C

        Exclusion Criteria:

          -  Patients diagnosed with decompensated cirrhosis

          -  Patients diagnosed with positive HBs antigen in the test
      </textblock>
    </criteria>
    <gender>Both</gender>
    <minimum_age>20 Years</minimum_age>
    <maximum_age>65 Years</maximum_age>
    <healthy_volunteers>No</healthy_volunteers>
  </eligibility>
  <overall_official>
    <last_name>Fumitaka Suzuki, MD</last_name>
    <role>Principal Investigator</role>
    <affiliation>Department of Hepatology, Toranomon Hospital</affiliation>
  </overall_official>
  <location>
    <facility>
      <name>Toranomon Hospital</name>
      <address>
        <city>Kawasaki City</city>
        <state>Takatsu-ku</state>
        <country>Japan</country>
      </address>
    </facility>
  </location>
  <location_countries>
    <country>Japan</country>
  </location_countries>
  <results_reference>
    <citation>Suzuki F, Suzuki Y, Sezaki H, Akuta N, Seko Y, Kawamura Y, Hosaka T, Kobayashi M, Saito S, Arase Y, Ikeda K, Mineta R, Watahiki S, Kobayashi M, Nakayasu Y, Tsuda H, Aoki K, Yamada I, Kumada H. Exploratory study on telaprevir given every 8 h at 500 mg or 750 mg with peginterferon-alpha-2b and ribavirin in hepatitis C patients. Hepatol Res. 2013 Jul;43(7):691-701. doi: 10.1111/hepr.12009. Epub 2012 Nov 29.</citation>
    <PMID>23190247</PMID>
  </results_reference>
  <verification_date>April 2014</verification_date>
  <lastchanged_date>April 16, 2014</lastchanged_date>
  <firstreceived_date>February 24, 2008</firstreceived_date>
  <firstreceived_results_date>December 12, 2012</firstreceived_results_date>
  <responsible_party>
    <responsible_party_type>Sponsor</responsible_party_type>
  </responsible_party>
  <keyword>Chronic Hepatitis C</keyword>
  <keyword>Protease Inhibitor</keyword>
  <keyword>Telaprevir</keyword>
  <is_fda_regulated>No</is_fda_regulated>
  <has_expanded_access>No</has_expanded_access>
  <condition_browse>
    <!-- CAUTION:  The following MeSH terms are assigned with an imperfect algorithm  -->
    <mesh_term>Hepatitis</mesh_term>
    <mesh_term>Hepatitis A</mesh_term>
    <mesh_term>Hepatitis C</mesh_term>
  </condition_browse>
  <intervention_browse>
    <!-- CAUTION:  The following MeSH terms are assigned with an imperfect algorithm  -->
    <mesh_term>Interferon-alpha</mesh_term>
    <mesh_term>Peginterferon alfa-2b</mesh_term>
  </intervention_browse>
  <!-- Results are available for this study                                           -->
</clinical_study>
