<?xml version="1.0" encoding="UTF-8"?>
<clinical_study rank="258">
  <!-- This xml conforms to an XML Schema at:
    https://clinicaltrials.gov/ct2/html/images/info/public.xsd
 and an XML DTD at:
    https://clinicaltrials.gov/ct2/html/images/info/public.dtd -->
  <required_header>
    <download_date>ClinicalTrials.gov processed this data on December 13, 2015</download_date>
    <link_text>Link to the current ClinicalTrials.gov record.</link_text>
    <url>https://clinicaltrials.gov/show/NCT00402428</url>
  </required_header>
  <id_info>
    <org_study_id>HGS1008-C1060</org_study_id>
    <secondary_id>ACHIEVE-1</secondary_id>
    <nct_id>NCT00402428</nct_id>
  </id_info>
  <brief_title>Efficacy of Albumin Interferon Alfa-2b With Ribavirin Compared With Peg-IFN Alfa-2a With Ribavirin in IFN Naive Patients</brief_title>
  <official_title>Phase 3 Study to Evaluate the Efficacy and Safety of Albumin Interferon Alfa-2b in Combination With Ribavirin Compared With Peginterferon Alfa-2a in Combination With Ribavirin in Interferon Alfa Naive Subjects With CHC Genotype 1. ACHIEVE-1</official_title>
  <sponsors>
    <lead_sponsor>
      <agency>Human Genome Sciences Inc.</agency>
      <agency_class>Industry</agency_class>
    </lead_sponsor>
    <collaborator>
      <agency>Novartis</agency>
      <agency_class>Industry</agency_class>
    </collaborator>
  </sponsors>
  <source>Human Genome Sciences Inc.</source>
  <oversight_info>
    <authority>Australia: Department of Health and Ageing Therapeutic Goods Administration</authority>
    <authority>Australia: Human Research Ethics Committee</authority>
    <authority>Austria: Agency for Health and Food Safety</authority>
    <authority>Austria: Ethikkommission</authority>
    <authority>Canada: Ethics Review Committee</authority>
    <authority>Canada: Health Canada</authority>
    <authority>Czech Republic: State Institute for Drug Control</authority>
    <authority>France: Afssaps - Agence française de sécurité sanitaire des produits de santé (Saint-Denis)</authority>
    <authority>France: National Consultative Ethics Committee for Health and Life Sciences</authority>
    <authority>Germany: Ethics Commission</authority>
    <authority>Germany: Federal Institute for Drugs and Medical Devices</authority>
    <authority>India: Institutional Review Board</authority>
    <authority>Israel: Ministry of Health</authority>
    <authority>Italy: Ethics Committee</authority>
    <authority>Italy: National Monitoring Centre for Clinical Trials - Ministry of Health</authority>
    <authority>Poland: Ministry of Health</authority>
    <authority>Romania: National Medicines Agency</authority>
    <authority>Spain: Spanish Agency of Medicines</authority>
    <authority>Switzerland: Ethikkommission</authority>
    <authority>Switzerland: Swissmedic</authority>
    <authority>United Kingdom: Medicines and Healthcare Products Regulatory Agency</authority>
    <authority>United Kingdom: Research Ethics Committee</authority>
    <authority>United States: Food and Drug Administration</authority>
    <authority>United States: Institutional Review Board</authority>
  </oversight_info>
  <brief_summary>
    <textblock>
      This is a phase 3, randomized, multi-center study to evaluate the efficacy and safety of
      albumin interferon alfa 2b (alb-IFN)in combination with ribavirin compared with
      peginterferon alfa-2a (PEGASYS or PEG-IFNa2a) in combination with ribavirin in subjects with
      chronic hepatitis C, genotype 1 who are IFNa treatment naive.
    </textblock>
  </brief_summary>
  <overall_status>Completed</overall_status>
  <start_date>December 2006</start_date>
  <completion_date type="Actual">February 2009</completion_date>
  <primary_completion_date type="Actual">February 2009</primary_completion_date>
  <phase>Phase 3</phase>
  <study_type>Interventional</study_type>
  <study_design>Allocation: Randomized, Endpoint Classification: Safety/Efficacy Study, Intervention Model: Parallel Assignment, Masking: Open Label, Primary Purpose: Treatment</study_design>
  <primary_outcome>
    <measure>Sustained virologic response (SVR)</measure>
    <time_frame>Week 72</time_frame>
    <safety_issue>No</safety_issue>
  </primary_outcome>
  <secondary_outcome>
    <measure>Rapid virologic response</measure>
    <time_frame>Week 4</time_frame>
    <safety_issue>No</safety_issue>
  </secondary_outcome>
  <secondary_outcome>
    <measure>Early virologic response</measure>
    <time_frame>Week 12</time_frame>
    <safety_issue>No</safety_issue>
  </secondary_outcome>
  <secondary_outcome>
    <measure>Undetectable HCV RNA</measure>
    <time_frame>Week 24 and Week 48</time_frame>
    <safety_issue>No</safety_issue>
  </secondary_outcome>
  <secondary_outcome>
    <measure>Normalization of ALT (a liver enzyme)</measure>
    <time_frame>Week 48</time_frame>
    <safety_issue>Yes</safety_issue>
  </secondary_outcome>
  <secondary_outcome>
    <measure>Quality of life evaluation</measure>
    <time_frame>throughout the entire study</time_frame>
    <safety_issue>No</safety_issue>
  </secondary_outcome>
  <secondary_outcome>
    <measure>Safety assessments (physical exams, AE reporting, lab testing/analysis, HADS and Immunogenicity testing)</measure>
    <time_frame>Throughout the entire study</time_frame>
    <safety_issue>Yes</safety_issue>
  </secondary_outcome>
  <number_of_arms>3</number_of_arms>
  <enrollment type="Actual">1331</enrollment>
  <condition>Chronic Hepatitis C</condition>
  <arm_group>
    <arm_group_label>1</arm_group_label>
    <arm_group_type>Active Comparator</arm_group_type>
    <description>180 mcg PEG-IFNx2a every 1 week (48 doses) + Ribavirin 1000 or 1200 mg/day</description>
  </arm_group>
  <arm_group>
    <arm_group_label>2</arm_group_label>
    <arm_group_type>Experimental</arm_group_type>
    <description>900 mcg alb-IFN every 2 weeks (24 doses)+ Ribavirin 1000 or 1200 mg/day</description>
  </arm_group>
  <arm_group>
    <arm_group_label>3</arm_group_label>
    <arm_group_type>Experimental</arm_group_type>
    <description>1200 mcg alb-IFN every 2 weeks (24 doses)+ Ribavirin 1000 or 1200 mg/day</description>
  </arm_group>
  <intervention>
    <intervention_type>Drug</intervention_type>
    <intervention_name>albumin interferon alfa-2b</intervention_name>
    <description>900 mcg or 1200mcg every two week for 48 weeks</description>
    <arm_group_label>2</arm_group_label>
    <arm_group_label>3</arm_group_label>
  </intervention>
  <intervention>
    <intervention_type>Drug</intervention_type>
    <intervention_name>peginterferon alfa-2a</intervention_name>
    <description>180 mcg once a week for 48 weeks</description>
    <arm_group_label>1</arm_group_label>
  </intervention>
  <intervention>
    <intervention_type>Drug</intervention_type>
    <intervention_name>Ribavirin</intervention_name>
    <description>1000 mg/day(for subjects &lt;75kg) or 1200 mg/day (for subjects
=,&gt; 75kg)</description>
    <arm_group_label>1</arm_group_label>
    <arm_group_label>2</arm_group_label>
    <arm_group_label>3</arm_group_label>
  </intervention>
  <eligibility>
    <criteria>
      <textblock>
        Key Inclusion Criteria:

          -  Diagnosis of chronic hepatitis C.

          -  Liver biopsy performed within 2 years of Day 0 or during screening.

          -  Infected with hepatitis C virus genotype 1.

          -  Interferon alfa treatment naïve (ie, have never been treated with an interferon
             product).

          -  Subjects are eligible to enter the study if they (or their partners) are not pregnant
             or nursing, are sterile, or of non childbearing potential, or are willing to practice
             abstinence or use appropriate birth control methods during the study and for 7 months
             after the last dose of ribavirin.

          -  Have compensated liver disease.

        Key Exclusion Criteria:

          -  Decompensated liver disease including those subjects with a past history or presence
             of ascites, bleeding varices or hepatic encephalopathy.

          -  History of moderate, severe or uncontrolled psychiatric disease, especially
             depression, including a history of hospitalization or prior suicidal attempt.

          -  Positive for human immunodeficiency virus (HIV-1) or hepatitis B surface antigen
             (HBsAG).

          -  Clinical diagnosis of other causes of chronic liver disease including but not limited
             to hepatitis B, autoimmune hepatitis, primary biliary cirrhosis, alcoholic liver
             disease, hemochromatosis, Wilson's Disease, or alpha 1-antitrypsin deficiency.

          -  A history of immunologically mediated disease (eg, rheumatoid arthritis, inflammatory
             bowel disease, moderate/severe psoriasis, sarcoidosis, systemic lupus erythematosus).

          -  Active seizure disorder within the last 2 years.

          -  Organ transplant other than cornea and hair transplant.

          -  Clinically significant hemoglobinopathy (eg, thalassemia, sickle cell anemia).

          -  Cancer within the last 5 years(with the exception of adequately treated basal cell
             carcinoma of the skin or in situ carcinoma of the uterine cervix).

          -  Drug or alcohol addiction within the last 6 months. Subjects in a supervised
             methadone treatment program may be enrolled in the study.

          -  Received any experimental agent within 28 days prior to Day 0.
      </textblock>
    </criteria>
    <gender>Both</gender>
    <minimum_age>18 Years</minimum_age>
    <maximum_age>N/A</maximum_age>
    <healthy_volunteers>No</healthy_volunteers>
  </eligibility>
  <overall_official>
    <last_name>GSK Clinical Trials</last_name>
    <role>Study Director</role>
    <affiliation>GlaxoSmithKline</affiliation>
  </overall_official>
  <location>
    <facility>
      <name>University of Alabama at Birmingham</name>
      <address>
        <city>Birmingham</city>
        <state>Alabama</state>
        <zip>35294</zip>
        <country>United States</country>
      </address>
    </facility>
  </location>
  <location>
    <facility>
      <name>Mayo Clinic Hospital</name>
      <address>
        <city>Phoenix</city>
        <state>Arizona</state>
        <zip>85054</zip>
        <country>United States</country>
      </address>
    </facility>
  </location>
  <location>
    <facility>
      <name>UCSF Fresno</name>
      <address>
        <city>Fresno</city>
        <state>California</state>
        <zip>93702</zip>
        <country>United States</country>
      </address>
    </facility>
  </location>
  <location>
    <facility>
      <name>Scripps Clinic</name>
      <address>
        <city>La Jolla</city>
        <state>California</state>
        <zip>92037</zip>
        <country>United States</country>
      </address>
    </facility>
  </location>
  <location>
    <facility>
      <name>Cedars-Sinai Medical Center</name>
      <address>
        <city>Los Angeles</city>
        <state>California</state>
        <zip>90048</zip>
        <country>United States</country>
      </address>
    </facility>
  </location>
  <location>
    <facility>
      <name>UCLA / West LA VAMC</name>
      <address>
        <city>Los Angeles</city>
        <state>California</state>
        <zip>90073</zip>
        <country>United States</country>
      </address>
    </facility>
  </location>
  <location>
    <facility>
      <name>USC Keck School of Medicine</name>
      <address>
        <city>Los Angeles</city>
        <state>California</state>
        <zip>90033</zip>
        <country>United States</country>
      </address>
    </facility>
  </location>
  <location>
    <facility>
      <name>Huntington Medical Research Institutes</name>
      <address>
        <city>Pasadena</city>
        <state>California</state>
        <zip>91105</zip>
        <country>United States</country>
      </address>
    </facility>
  </location>
  <location>
    <facility>
      <name>San Diego Digestive Diseases Consultants, Inc</name>
      <address>
        <city>San Diego</city>
        <state>California</state>
        <zip>92123</zip>
        <country>United States</country>
      </address>
    </facility>
  </location>
  <location>
    <facility>
      <name>University California-San Diego</name>
      <address>
        <city>San Diego</city>
        <state>California</state>
        <zip>92103-8707</zip>
        <country>United States</country>
      </address>
    </facility>
  </location>
  <location>
    <facility>
      <name>VA San Diego Healthcare</name>
      <address>
        <city>San Diego</city>
        <state>California</state>
        <zip>92161</zip>
        <country>United States</country>
      </address>
    </facility>
  </location>
  <location>
    <facility>
      <name>California Pacific Medical Center</name>
      <address>
        <city>San Francisco</city>
        <state>California</state>
        <zip>94115</zip>
        <country>United States</country>
      </address>
    </facility>
  </location>
  <location>
    <facility>
      <name>University of California at San Francisco</name>
      <address>
        <city>San Francisco</city>
        <state>California</state>
        <zip>94143-0538</zip>
        <country>United States</country>
      </address>
    </facility>
  </location>
  <location>
    <facility>
      <name>University of Colorado</name>
      <address>
        <city>Denver</city>
        <state>Colorado</state>
        <zip>80262-0001</zip>
        <country>United States</country>
      </address>
    </facility>
  </location>
  <location>
    <facility>
      <name>University of Colorado Health Sciences Ctr</name>
      <address>
        <city>Englewood</city>
        <state>Colorado</state>
        <zip>80113</zip>
        <country>United States</country>
      </address>
    </facility>
  </location>
  <location>
    <facility>
      <name>Walter Reed Army Medical Center</name>
      <address>
        <city>Washington</city>
        <state>District of Columbia</state>
        <zip>20307</zip>
        <country>United States</country>
      </address>
    </facility>
  </location>
  <location>
    <facility>
      <name>University of Florida - Gainesville</name>
      <address>
        <city>Gainesville</city>
        <state>Florida</state>
        <zip>32610</zip>
        <country>United States</country>
      </address>
    </facility>
  </location>
  <location>
    <facility>
      <name>Mayo Clinic Transplant Center</name>
      <address>
        <city>Jacksonville</city>
        <state>Florida</state>
        <zip>32216</zip>
        <country>United States</country>
      </address>
    </facility>
  </location>
  <location>
    <facility>
      <name>Shands Jacksonville Medical Center</name>
      <address>
        <city>Jacksonville</city>
        <state>Florida</state>
        <zip>32209</zip>
        <country>United States</country>
      </address>
    </facility>
  </location>
  <location>
    <facility>
      <name>University of Miami</name>
      <address>
        <city>Miami</city>
        <state>Florida</state>
        <zip>33136-1051</zip>
        <country>United States</country>
      </address>
    </facility>
  </location>
  <location>
    <facility>
      <name>Va Health Care System</name>
      <address>
        <city>Miami</city>
        <state>Florida</state>
        <zip>33125</zip>
        <country>United States</country>
      </address>
    </facility>
  </location>
  <location>
    <facility>
      <name>Venture Research Institute</name>
      <address>
        <city>N. Miami Beach</city>
        <state>Florida</state>
        <zip>33162</zip>
        <country>United States</country>
      </address>
    </facility>
  </location>
  <location>
    <facility>
      <name>University Hepatitis Center</name>
      <address>
        <city>Sarasota</city>
        <state>Florida</state>
        <zip>34243</zip>
        <country>United States</country>
      </address>
    </facility>
  </location>
  <location>
    <facility>
      <name>Atlanta Gastroenterology Associates</name>
      <address>
        <city>Atlanta</city>
        <state>Georgia</state>
        <zip>30308</zip>
        <country>United States</country>
      </address>
    </facility>
  </location>
  <location>
    <facility>
      <name>GI of Atlanta</name>
      <address>
        <city>Atlanta</city>
        <state>Georgia</state>
        <zip>30309</zip>
        <country>United States</country>
      </address>
    </facility>
  </location>
  <location>
    <facility>
      <name>Northwest Georgia Gastroenterology Associates</name>
      <address>
        <city>Marietta</city>
        <state>Georgia</state>
        <zip>30060</zip>
        <country>United States</country>
      </address>
    </facility>
  </location>
  <location>
    <facility>
      <name>Alan D Tice, MD, LLC</name>
      <address>
        <city>Honolulu</city>
        <state>Hawaii</state>
        <zip>96813</zip>
        <country>United States</country>
      </address>
    </facility>
  </location>
  <location>
    <facility>
      <name>Northwestern Memorial Hospital</name>
      <address>
        <city>Chicago</city>
        <state>Illinois</state>
        <zip>60611</zip>
        <country>United States</country>
      </address>
    </facility>
  </location>
  <location>
    <facility>
      <name>Indiania University School of Medicine</name>
      <address>
        <city>Indianapolis</city>
        <state>Indiana</state>
        <zip>46202</zip>
        <country>United States</country>
      </address>
    </facility>
  </location>
  <location>
    <facility>
      <name>University of Iowa Hospitals and Clinics</name>
      <address>
        <city>Iowa City</city>
        <state>Iowa</state>
        <zip>52242</zip>
        <country>United States</country>
      </address>
    </facility>
  </location>
  <location>
    <facility>
      <name>University of Louisville</name>
      <address>
        <city>Louisville</city>
        <state>Kentucky</state>
        <zip>40202</zip>
        <country>United States</country>
      </address>
    </facility>
  </location>
  <location>
    <facility>
      <name>Tulane University Health Sciences Center</name>
      <address>
        <city>New Orleans</city>
        <state>Louisiana</state>
        <zip>70112</zip>
        <country>United States</country>
      </address>
    </facility>
  </location>
  <location>
    <facility>
      <name>Johns Hopkins Center for Viral Hepatits</name>
      <address>
        <city>Baltimore</city>
        <state>Maryland</state>
        <zip>21287</zip>
        <country>United States</country>
      </address>
    </facility>
  </location>
  <location>
    <facility>
      <name>University of Maryland</name>
      <address>
        <city>Baltimore</city>
        <state>Maryland</state>
        <zip>21021-1544</zip>
        <country>United States</country>
      </address>
    </facility>
  </location>
  <location>
    <facility>
      <name>Maryland Digestive Disease Center</name>
      <address>
        <city>Laurel</city>
        <state>Maryland</state>
        <zip>20707</zip>
        <country>United States</country>
      </address>
    </facility>
  </location>
  <location>
    <facility>
      <name>Beth Israel Deaconess Medical Center</name>
      <address>
        <city>Boston</city>
        <state>Massachusetts</state>
        <zip>02215</zip>
        <country>United States</country>
      </address>
    </facility>
  </location>
  <location>
    <facility>
      <name>Henry Ford Health System</name>
      <address>
        <city>Detroit</city>
        <state>Michigan</state>
        <zip>48202</zip>
        <country>United States</country>
      </address>
    </facility>
  </location>
  <location>
    <facility>
      <name>Mayo Clinic</name>
      <address>
        <city>Rochester</city>
        <state>Minnesota</state>
        <zip>55905</zip>
        <country>United States</country>
      </address>
    </facility>
  </location>
  <location>
    <facility>
      <name>Digestive Health Specialist</name>
      <address>
        <city>Tupelo</city>
        <state>Mississippi</state>
        <zip>38801</zip>
        <country>United States</country>
      </address>
    </facility>
  </location>
  <location>
    <facility>
      <name>St. Louis University</name>
      <address>
        <city>St Louis</city>
        <state>Missouri</state>
        <zip>63104</zip>
        <country>United States</country>
      </address>
    </facility>
  </location>
  <location>
    <facility>
      <name>University of New Mexico</name>
      <address>
        <city>Albuquerque</city>
        <state>New Mexico</state>
        <zip>87131-0001</zip>
        <country>United States</country>
      </address>
    </facility>
  </location>
  <location>
    <facility>
      <name>North Shore University Hospital</name>
      <address>
        <city>Manhasset</city>
        <state>New York</state>
        <zip>11030</zip>
        <country>United States</country>
      </address>
    </facility>
  </location>
  <location>
    <facility>
      <name>Faculty Practice Associates</name>
      <address>
        <city>New York</city>
        <state>New York</state>
        <zip>10029</zip>
        <country>United States</country>
      </address>
    </facility>
  </location>
  <location>
    <facility>
      <name>New York Hospital - Cornell</name>
      <address>
        <city>New York</city>
        <state>New York</state>
        <zip>10021</zip>
        <country>United States</country>
      </address>
    </facility>
  </location>
  <location>
    <facility>
      <name>University of North Carolina at Chapel Hill</name>
      <address>
        <city>Chapel Hill</city>
        <state>North Carolina</state>
        <zip>27599-7584</zip>
        <country>United States</country>
      </address>
    </facility>
  </location>
  <location>
    <facility>
      <name>Duke Medical Center</name>
      <address>
        <city>Durham</city>
        <state>North Carolina</state>
        <zip>27705</zip>
        <country>United States</country>
      </address>
    </facility>
  </location>
  <location>
    <facility>
      <name>University of Cincinnati</name>
      <address>
        <city>Cincinnati</city>
        <state>Ohio</state>
        <zip>95267-0595</zip>
        <country>United States</country>
      </address>
    </facility>
  </location>
  <location>
    <facility>
      <name>Hospital of University of PA</name>
      <address>
        <city>Philadelphia</city>
        <state>Pennsylvania</state>
        <zip>19104</zip>
        <country>United States</country>
      </address>
    </facility>
  </location>
  <location>
    <facility>
      <name>Thomas Jefferson University</name>
      <address>
        <city>Philadelphia</city>
        <state>Pennsylvania</state>
        <zip>19107</zip>
        <country>United States</country>
      </address>
    </facility>
  </location>
  <location>
    <facility>
      <name>Memphis Gastroenterology Group</name>
      <address>
        <city>Germantown</city>
        <state>Tennessee</state>
        <zip>38138</zip>
        <country>United States</country>
      </address>
    </facility>
  </location>
  <location>
    <facility>
      <name>Nashville Gastroenterology</name>
      <address>
        <city>Nashville</city>
        <state>Tennessee</state>
        <zip>37205</zip>
        <country>United States</country>
      </address>
    </facility>
  </location>
  <location>
    <facility>
      <name>Nashville Gastrointestinal Specialists</name>
      <address>
        <city>Nashville</city>
        <state>Tennessee</state>
        <zip>37211</zip>
        <country>United States</country>
      </address>
    </facility>
  </location>
  <location>
    <facility>
      <name>Baylor University Medical Center</name>
      <address>
        <city>Dallas</city>
        <state>Texas</state>
        <zip>75246</zip>
        <country>United States</country>
      </address>
    </facility>
  </location>
  <location>
    <facility>
      <name>Liver Institute at Methodist Dallas</name>
      <address>
        <city>Dallas</city>
        <state>Texas</state>
        <zip>75208</zip>
        <country>United States</country>
      </address>
    </facility>
  </location>
  <location>
    <facility>
      <name>UT Southwesten Medical Center</name>
      <address>
        <city>Dallas</city>
        <state>Texas</state>
        <zip>75390-8887</zip>
        <country>United States</country>
      </address>
    </facility>
  </location>
  <location>
    <facility>
      <name>Brooke Army Medical Center</name>
      <address>
        <city>Fort Sam Houston</city>
        <state>Texas</state>
        <zip>78234</zip>
        <country>United States</country>
      </address>
    </facility>
  </location>
  <location>
    <facility>
      <name>GI &amp; Liver Assoicates</name>
      <address>
        <city>Granbury</city>
        <state>Texas</state>
        <zip>76048</zip>
        <country>United States</country>
      </address>
    </facility>
  </location>
  <location>
    <facility>
      <name>Liver Specialist of Texas</name>
      <address>
        <city>Houston</city>
        <state>Texas</state>
        <zip>77030-2312</zip>
        <country>United States</country>
      </address>
    </facility>
  </location>
  <location>
    <facility>
      <name>Alamo Medical Research</name>
      <address>
        <city>San Antonio</city>
        <state>Texas</state>
        <zip>78215</zip>
        <country>United States</country>
      </address>
    </facility>
  </location>
  <location>
    <facility>
      <name>INOVA Fairfax Hospital</name>
      <address>
        <city>Annandale</city>
        <state>Virginia</state>
        <zip>22003</zip>
        <country>United States</country>
      </address>
    </facility>
  </location>
  <location>
    <facility>
      <name>Metropolitan Research</name>
      <address>
        <city>Fairfax</city>
        <state>Virginia</state>
        <zip>22031</zip>
        <country>United States</country>
      </address>
    </facility>
  </location>
  <location>
    <facility>
      <name>Virginia Commonwealth University Medical Ctr</name>
      <address>
        <city>Richmond</city>
        <state>Virginia</state>
        <zip>23298</zip>
        <country>United States</country>
      </address>
    </facility>
  </location>
  <location>
    <facility>
      <name>University of Washington</name>
      <address>
        <city>Seattle</city>
        <state>Washington</state>
        <zip>98195-6174</zip>
        <country>United States</country>
      </address>
    </facility>
  </location>
  <location>
    <facility>
      <name>University of Wisconsin-Madison</name>
      <address>
        <city>Madison</city>
        <state>Wisconsin</state>
        <zip>53792-5124</zip>
        <country>United States</country>
      </address>
    </facility>
  </location>
  <location>
    <facility>
      <name>Medical College of Wisconsin</name>
      <address>
        <city>Milwaukee</city>
        <state>Wisconsin</state>
        <zip>53226</zip>
        <country>United States</country>
      </address>
    </facility>
  </location>
  <location>
    <facility>
      <name>Royal Prince Alfred Hospital</name>
      <address>
        <city>Camperdown</city>
        <state>New South Wales</state>
        <zip>2050</zip>
        <country>Australia</country>
      </address>
    </facility>
  </location>
  <location>
    <facility>
      <name>Concord Repatriation General Hospital</name>
      <address>
        <city>Concord</city>
        <state>New South Wales</state>
        <zip>2139</zip>
        <country>Australia</country>
      </address>
    </facility>
  </location>
  <location>
    <facility>
      <name>St George Hospital Clinical School of Medicine University of New South Wales</name>
      <address>
        <city>Kogarah</city>
        <state>New South Wales</state>
        <zip>2217</zip>
        <country>Australia</country>
      </address>
    </facility>
  </location>
  <location>
    <facility>
      <name>John Hunter Hospital</name>
      <address>
        <city>New Lambton</city>
        <state>New South Wales</state>
        <zip>2305</zip>
        <country>Australia</country>
      </address>
    </facility>
  </location>
  <location>
    <facility>
      <name>Westmead Hospital</name>
      <address>
        <city>Westmead</city>
        <state>New South Wales</state>
        <zip>2145</zip>
        <country>Australia</country>
      </address>
    </facility>
  </location>
  <location>
    <facility>
      <name>Greenslopes Private Hospital</name>
      <address>
        <city>Greenslopes</city>
        <state>Queensland</state>
        <zip>4120</zip>
        <country>Australia</country>
      </address>
    </facility>
  </location>
  <location>
    <facility>
      <name>Royal Adelaide Hospital</name>
      <address>
        <city>Adelaide</city>
        <state>South Australia</state>
        <zip>5000</zip>
        <country>Australia</country>
      </address>
    </facility>
  </location>
  <location>
    <facility>
      <name>Monash Medical Centre</name>
      <address>
        <city>Clayton</city>
        <state>Victoria</state>
        <zip>3168</zip>
        <country>Australia</country>
      </address>
    </facility>
  </location>
  <location>
    <facility>
      <name>St Vincent's Hospital</name>
      <address>
        <city>Fitzroy, Victoria</city>
        <state>Victoria</state>
        <zip>3065</zip>
        <country>Australia</country>
      </address>
    </facility>
  </location>
  <location>
    <facility>
      <name>Western Hospital</name>
      <address>
        <city>Footscray</city>
        <state>Victoria</state>
        <zip>3011</zip>
        <country>Australia</country>
      </address>
    </facility>
  </location>
  <location>
    <facility>
      <name>Austin Hospital</name>
      <address>
        <city>Heidelburg</city>
        <state>Victoria</state>
        <zip>3081</zip>
        <country>Australia</country>
      </address>
    </facility>
  </location>
  <location>
    <facility>
      <name>The Alfred Hospital</name>
      <address>
        <city>Melbourne</city>
        <state>Victoria</state>
        <zip>3004</zip>
        <country>Australia</country>
      </address>
    </facility>
  </location>
  <location>
    <facility>
      <name>Royal Melbourne Hospital</name>
      <address>
        <city>Parkville</city>
        <state>Victoria</state>
        <zip>3050</zip>
        <country>Australia</country>
      </address>
    </facility>
  </location>
  <location>
    <facility>
      <name>Fremantle Hospital</name>
      <address>
        <city>Fremantle</city>
        <state>Western Australia</state>
        <zip>6160</zip>
        <country>Australia</country>
      </address>
    </facility>
  </location>
  <location>
    <facility>
      <name>Sir Charles Gairdner Hospital</name>
      <address>
        <city>Nedlands</city>
        <state>Western Australia</state>
        <zip>6009</zip>
        <country>Australia</country>
      </address>
    </facility>
  </location>
  <location>
    <facility>
      <name>Royal Perth Hospital</name>
      <address>
        <city>Perth</city>
        <zip>6000</zip>
        <country>Australia</country>
      </address>
    </facility>
  </location>
  <location>
    <facility>
      <name>Medizinische Universitätsklinik Graz</name>
      <address>
        <city>Graz</city>
        <zip>8036</zip>
        <country>Austria</country>
      </address>
    </facility>
  </location>
  <location>
    <facility>
      <name>Univ.-Klinik fuer Innere Medizin</name>
      <address>
        <city>Innsbruck</city>
        <zip>6020</zip>
        <country>Austria</country>
      </address>
    </facility>
  </location>
  <location>
    <facility>
      <name>Medical University of Vienna</name>
      <address>
        <city>Wien</city>
        <zip>1090</zip>
        <country>Austria</country>
      </address>
    </facility>
  </location>
  <location>
    <facility>
      <name>Heritage Medical Research Clinic</name>
      <address>
        <city>Calgary</city>
        <state>Alberta</state>
        <zip>T2N 4N1</zip>
        <country>Canada</country>
      </address>
    </facility>
  </location>
  <location>
    <facility>
      <name>University of Alberta Hospital</name>
      <address>
        <city>Edmonton</city>
        <state>Alberta</state>
        <zip>T6G 2X8</zip>
        <country>Canada</country>
      </address>
    </facility>
  </location>
  <location>
    <facility>
      <name>University of Alberta</name>
      <address>
        <city>Edmonton</city>
        <state>Alberta</state>
        <zip>T5H 4B9</zip>
        <country>Canada</country>
      </address>
    </facility>
  </location>
  <location>
    <facility>
      <name>Vancouver General Hospital</name>
      <address>
        <city>Vancouver</city>
        <state>British Columbia</state>
        <zip>V5Z 3P1</zip>
        <country>Canada</country>
      </address>
    </facility>
  </location>
  <location>
    <facility>
      <name>University of Manitoba Health Sciences Centre</name>
      <address>
        <city>Winnipeg</city>
        <state>Manitoba</state>
        <zip>R3E 3P4</zip>
        <country>Canada</country>
      </address>
    </facility>
  </location>
  <location>
    <facility>
      <name>Dalhousie University</name>
      <address>
        <city>Halifax</city>
        <state>Nova Scotia</state>
        <zip>B3H 2Y9</zip>
        <country>Canada</country>
      </address>
    </facility>
  </location>
  <location>
    <facility>
      <name>University of Western Ontario Hospital</name>
      <address>
        <city>London</city>
        <state>Ontario</state>
        <zip>N6A 5A5</zip>
        <country>Canada</country>
      </address>
    </facility>
  </location>
  <location>
    <facility>
      <name>Ottawa Hospital - General Campus</name>
      <address>
        <city>Ottawa</city>
        <state>Ontario</state>
        <zip>K1H 8L6</zip>
        <country>Canada</country>
      </address>
    </facility>
  </location>
  <location>
    <facility>
      <name>Toronto General Hospital</name>
      <address>
        <city>Toronto</city>
        <state>Ontario</state>
        <zip>M5G 2N2</zip>
        <country>Canada</country>
      </address>
    </facility>
  </location>
  <location>
    <facility>
      <name>Toronto Western Hospital</name>
      <address>
        <city>Toronto</city>
        <state>Ontario</state>
        <zip>M5T 2S8</zip>
        <country>Canada</country>
      </address>
    </facility>
  </location>
  <location>
    <facility>
      <name>McGill University</name>
      <address>
        <city>Montreal</city>
        <state>Quebec</state>
        <zip>H3A 1A1</zip>
        <country>Canada</country>
      </address>
    </facility>
  </location>
  <location>
    <facility>
      <name>Klinika infekcních chorob</name>
      <address>
        <city>Brno</city>
        <zip>62500</zip>
        <country>Czech Republic</country>
      </address>
    </facility>
  </location>
  <location>
    <facility>
      <name>Klinika Infekcních nemocí</name>
      <address>
        <city>Hradec Kralove</city>
        <zip>50005</zip>
        <country>Czech Republic</country>
      </address>
    </facility>
  </location>
  <location>
    <facility>
      <name>Nemocnice s poliklinikou Melník</name>
      <address>
        <city>Melnik</city>
        <zip>27601</zip>
        <country>Czech Republic</country>
      </address>
    </facility>
  </location>
  <location>
    <facility>
      <name>Slezská nemocnice</name>
      <address>
        <city>Opava</city>
        <zip>74601</zip>
        <country>Czech Republic</country>
      </address>
    </facility>
  </location>
  <location>
    <facility>
      <name>Vseobecna fakultní nemocnice</name>
      <address>
        <city>Praha 2</city>
        <zip>12808</zip>
        <country>Czech Republic</country>
      </address>
    </facility>
  </location>
  <location>
    <facility>
      <name>Nuselská poliklinika</name>
      <address>
        <city>Praha 4</city>
        <zip>14000</zip>
        <country>Czech Republic</country>
      </address>
    </facility>
  </location>
  <location>
    <facility>
      <name>Ambulance pro interni a infekcni nemoci</name>
      <address>
        <city>Usti nad Labem</city>
        <zip>40001</zip>
        <country>Czech Republic</country>
      </address>
    </facility>
  </location>
  <location>
    <facility>
      <name>Hopital Beaujon</name>
      <address>
        <city>Clichy</city>
        <zip>92110</zip>
        <country>France</country>
      </address>
    </facility>
  </location>
  <location>
    <facility>
      <name>Hopital Henri Mondor</name>
      <address>
        <city>Creteil</city>
        <zip>94010</zip>
        <country>France</country>
      </address>
    </facility>
  </location>
  <location>
    <facility>
      <name>CHU de Lyon, Hôpital de l'Hôtel Dieu</name>
      <address>
        <city>Lyon Cedex 02</city>
        <zip>69288</zip>
        <country>France</country>
      </address>
    </facility>
  </location>
  <location>
    <facility>
      <name>Hopital Saint-Joseph</name>
      <address>
        <city>Marseille Cedex 08</city>
        <zip>13285</zip>
        <country>France</country>
      </address>
    </facility>
  </location>
  <location>
    <facility>
      <name>Hopital de La Source</name>
      <address>
        <city>Orleans</city>
        <zip>45100</zip>
        <country>France</country>
      </address>
    </facility>
  </location>
  <location>
    <facility>
      <name>Hopital Pitie-Salpetriere</name>
      <address>
        <city>Paris</city>
        <zip>75013</zip>
        <country>France</country>
      </address>
    </facility>
  </location>
  <location>
    <facility>
      <name>Hôpital Saint-Antoine</name>
      <address>
        <city>Paris</city>
        <zip>75012</zip>
        <country>France</country>
      </address>
    </facility>
  </location>
  <location>
    <facility>
      <name>Hopital Haut-Leveque</name>
      <address>
        <city>Pessac cedex</city>
        <zip>33600</zip>
        <country>France</country>
      </address>
    </facility>
  </location>
  <location>
    <facility>
      <name>CHU Purpan Clinique Dieulafoy</name>
      <address>
        <city>Toulouse Cedex</city>
        <zip>31059</zip>
        <country>France</country>
      </address>
    </facility>
  </location>
  <location>
    <facility>
      <name>Hôpital de Brabois</name>
      <address>
        <city>Vandoeuvre</city>
        <zip>54511</zip>
        <country>France</country>
      </address>
    </facility>
  </location>
  <location>
    <facility>
      <name>UH Charite Berlin / Virchow Klinikum</name>
      <address>
        <city>Berlin</city>
        <zip>13353</zip>
        <country>Germany</country>
      </address>
    </facility>
  </location>
  <location>
    <facility>
      <name>Universitätsklinik Düsseldorf</name>
      <address>
        <city>Duesseldorf</city>
        <zip>40255</zip>
        <country>Germany</country>
      </address>
    </facility>
  </location>
  <location>
    <facility>
      <name>Center for HIV and Hepatogastroenterology</name>
      <address>
        <city>Düsseldorf</city>
        <zip>40237</zip>
        <country>Germany</country>
      </address>
    </facility>
  </location>
  <location>
    <facility>
      <name>UH Essen</name>
      <address>
        <city>Essen</city>
        <zip>45122</zip>
        <country>Germany</country>
      </address>
    </facility>
  </location>
  <location>
    <facility>
      <name>Klinikum der Johann Wolfgang Goethe-Universitaet</name>
      <address>
        <city>Frankfurt / Main</city>
        <zip>60590</zip>
        <country>Germany</country>
      </address>
    </facility>
  </location>
  <location>
    <facility>
      <name>Albert-Ludwigs-Universitaet Freiburg</name>
      <address>
        <city>Freiburg</city>
        <zip>79106</zip>
        <country>Germany</country>
      </address>
    </facility>
  </location>
  <location>
    <facility>
      <name>Medizinische Hochschule Hannover (MHH)</name>
      <address>
        <city>Hannover</city>
        <zip>30623</zip>
        <country>Germany</country>
      </address>
    </facility>
  </location>
  <location>
    <facility>
      <name>Universitätsklinikum Heidelberg</name>
      <address>
        <city>Heidelberg</city>
        <zip>69120</zip>
        <country>Germany</country>
      </address>
    </facility>
  </location>
  <location>
    <facility>
      <name>Universitätsklinikum Leipzig</name>
      <address>
        <city>Leipzig</city>
        <zip>4103</zip>
        <country>Germany</country>
      </address>
    </facility>
  </location>
  <location>
    <facility>
      <name>Johannes Gutenberg-Universitaet Mainz</name>
      <address>
        <city>Mainz</city>
        <zip>55101</zip>
        <country>Germany</country>
      </address>
    </facility>
  </location>
  <location>
    <facility>
      <name>Paracelsus Klinik der Stadt Marl</name>
      <address>
        <city>Marl</city>
        <zip>45770</zip>
        <country>Germany</country>
      </address>
    </facility>
  </location>
  <location>
    <facility>
      <name>Dayanand Medical College and Hospital</name>
      <address>
        <city>Ludhiana</city>
        <zip>141001</zip>
        <country>India</country>
      </address>
    </facility>
  </location>
  <location>
    <facility>
      <name>Jaslok Hospital and Research Centre and Breach Candy Hospital,</name>
      <address>
        <city>Mumbai</city>
        <zip>400 0026</zip>
        <country>India</country>
      </address>
    </facility>
  </location>
  <location>
    <facility>
      <name>G.B.Pant Hospital</name>
      <address>
        <city>New Delhi</city>
        <zip>110 002</zip>
        <country>India</country>
      </address>
    </facility>
  </location>
  <location>
    <facility>
      <name>Bnei-Zion Medical Center</name>
      <address>
        <city>Haifa</city>
        <zip>31048</zip>
        <country>Israel</country>
      </address>
    </facility>
  </location>
  <location>
    <facility>
      <name>Rambam Health Care Campus</name>
      <address>
        <city>Haifa</city>
        <zip>31096</zip>
        <country>Israel</country>
      </address>
    </facility>
  </location>
  <location>
    <facility>
      <name>Hadassah Medical Organization</name>
      <address>
        <city>Jerusalem</city>
        <zip>91120</zip>
        <country>Israel</country>
      </address>
    </facility>
  </location>
  <location>
    <facility>
      <name>Holy Family Hospital</name>
      <address>
        <city>Nazareth</city>
        <zip>16100</zip>
        <country>Israel</country>
      </address>
    </facility>
  </location>
  <location>
    <facility>
      <name>Rabin Medical Center Beilinson Campus</name>
      <address>
        <city>Petach Tikva</city>
        <zip>49100</zip>
        <country>Israel</country>
      </address>
    </facility>
  </location>
  <location>
    <facility>
      <name>Tel Aviv Sourasky Medical Center</name>
      <address>
        <city>Tel Aviv</city>
        <zip>64239</zip>
        <country>Israel</country>
      </address>
    </facility>
  </location>
  <location>
    <facility>
      <name>Policlinico S.Orsola Malpighi</name>
      <address>
        <city>Bologna</city>
        <zip>40138</zip>
        <country>Italy</country>
      </address>
    </facility>
  </location>
  <location>
    <facility>
      <name>IRCCS Ospedale Maggiore, Fondazione Policlinico Mangiagalli e Regina Elena, Università di Milano</name>
      <address>
        <city>Milano</city>
        <zip>20122</zip>
        <country>Italy</country>
      </address>
    </facility>
  </location>
  <location>
    <facility>
      <name>Seconda Università di Napoli c/o Secondo Policlinico</name>
      <address>
        <city>Napoli</city>
        <zip>80131</zip>
        <country>Italy</country>
      </address>
    </facility>
  </location>
  <location>
    <facility>
      <name>Azienda Ospedaliera Universitaria Policlinico Paolo Giaccone</name>
      <address>
        <city>Palermo</city>
        <zip>90127</zip>
        <country>Italy</country>
      </address>
    </facility>
  </location>
  <location>
    <facility>
      <name>I.R.C.C.S. Policlinico S. Matteo Università degli Studi di Pavia</name>
      <address>
        <city>Pavia</city>
        <zip>27100</zip>
        <country>Italy</country>
      </address>
    </facility>
  </location>
  <location>
    <facility>
      <name>Casa Sollievo della Sofferenza IRCCS</name>
      <address>
        <city>San Giovanni Rotondo (FG)</city>
        <zip>71013</zip>
        <country>Italy</country>
      </address>
    </facility>
  </location>
  <location>
    <facility>
      <name>Azienda Ospedaliera S. Giovanni Battista Molinette</name>
      <address>
        <city>Torino</city>
        <zip>10126</zip>
        <country>Italy</country>
      </address>
    </facility>
  </location>
  <location>
    <facility>
      <name>Wojewódzki Szpital Specjalistyczny im.K. Dłuskiego</name>
      <address>
        <city>Białystok</city>
        <zip>15-540</zip>
        <country>Poland</country>
      </address>
    </facility>
  </location>
  <location>
    <facility>
      <name>Szpital Specjalistyczny</name>
      <address>
        <city>Chorzow</city>
        <zip>41-500</zip>
        <country>Poland</country>
      </address>
    </facility>
  </location>
  <location>
    <facility>
      <name>Wojewódzki Szpital Zespolony</name>
      <address>
        <city>Kielce</city>
        <zip>25-317</zip>
        <country>Poland</country>
      </address>
    </facility>
  </location>
  <location>
    <facility>
      <name>Szpital Uniwersytecki w Krakowie</name>
      <address>
        <city>Kraków</city>
        <zip>31-531</zip>
        <country>Poland</country>
      </address>
    </facility>
  </location>
  <location>
    <facility>
      <name>Akademia Medyczna</name>
      <address>
        <city>Warszawa</city>
        <zip>01-201</zip>
        <country>Poland</country>
      </address>
    </facility>
  </location>
  <location>
    <facility>
      <name>Wojewódzki Szpital Zaka?ny</name>
      <address>
        <city>Warszawa</city>
        <zip>01-201</zip>
        <country>Poland</country>
      </address>
    </facility>
  </location>
  <location>
    <facility>
      <name>Wojewódzki Szpital Specjalistyczny im. J. Gromkowskiego</name>
      <address>
        <city>Wrocław</city>
        <zip>51-149</zip>
        <country>Poland</country>
      </address>
    </facility>
  </location>
  <location>
    <facility>
      <name>Uniwersytet Medyczny</name>
      <address>
        <city>Łódź</city>
        <zip>91-347</zip>
        <country>Poland</country>
      </address>
    </facility>
  </location>
  <location>
    <facility>
      <name>Fundacion de Investigacion de Diego</name>
      <address>
        <city>Santurce</city>
        <zip>909</zip>
        <country>Puerto Rico</country>
      </address>
    </facility>
  </location>
  <location>
    <facility>
      <name>Institutul Clinic Fundeni</name>
      <address>
        <city>Bucharest</city>
        <zip>22328</zip>
        <country>Romania</country>
      </address>
    </facility>
  </location>
  <location>
    <facility>
      <name>Spitalul Clinic Colentina</name>
      <address>
        <city>Bucharest</city>
        <zip>20125</zip>
        <country>Romania</country>
      </address>
    </facility>
  </location>
  <location>
    <facility>
      <name>Spitalul Clinic Dr.Victor Babes</name>
      <address>
        <city>Bucharest</city>
        <zip>30303</zip>
        <country>Romania</country>
      </address>
    </facility>
  </location>
  <location>
    <facility>
      <name>Spitalul Clinic de Adulti Cluj-Napoca</name>
      <address>
        <city>Cluj-Napoca</city>
        <zip>400162</zip>
        <country>Romania</country>
      </address>
    </facility>
  </location>
  <location>
    <facility>
      <name>Institutul de Gastroenterologie si Hepatologie</name>
      <address>
        <city>Lasi</city>
        <zip>700111</zip>
        <country>Romania</country>
      </address>
    </facility>
  </location>
  <location>
    <facility>
      <name>Hospital Universitari Germans Trias i Pujol</name>
      <address>
        <city>Badalona - Barcelona</city>
        <zip>8916</zip>
        <country>Spain</country>
      </address>
    </facility>
  </location>
  <location>
    <facility>
      <name>Hopital Universitari Vall d'Hebron</name>
      <address>
        <city>Barcelona</city>
        <zip>8035</zip>
        <country>Spain</country>
      </address>
    </facility>
  </location>
  <location>
    <facility>
      <name>Hospital Clinic i Provincial</name>
      <address>
        <city>Barcelona</city>
        <zip>8036</zip>
        <country>Spain</country>
      </address>
    </facility>
  </location>
  <location>
    <facility>
      <name>Hospital Carlos III</name>
      <address>
        <city>Madrid</city>
        <zip>28029</zip>
        <country>Spain</country>
      </address>
    </facility>
  </location>
  <location>
    <facility>
      <name>Hospital General Universitario Gregorio Marañón</name>
      <address>
        <city>Madrid</city>
        <zip>28007</zip>
        <country>Spain</country>
      </address>
    </facility>
  </location>
  <location>
    <facility>
      <name>Hospital Universitario La Princesa</name>
      <address>
        <city>Madrid</city>
        <zip>28006</zip>
        <country>Spain</country>
      </address>
    </facility>
  </location>
  <location>
    <facility>
      <name>Consorcio Hospital General Universitario de Valencia</name>
      <address>
        <city>Valencia</city>
        <zip>46014</zip>
        <country>Spain</country>
      </address>
    </facility>
  </location>
  <location>
    <facility>
      <name>Queen Elizabeth Medical Centre</name>
      <address>
        <city>Birmingham</city>
        <zip>B15 2TH</zip>
        <country>United Kingdom</country>
      </address>
    </facility>
  </location>
  <location>
    <facility>
      <name>Imperial College London St Mary's Hospital Campus</name>
      <address>
        <city>London</city>
        <zip>W2 1PG</zip>
        <country>United Kingdom</country>
      </address>
    </facility>
  </location>
  <location>
    <facility>
      <name>Royal London Hospital</name>
      <address>
        <city>London</city>
        <zip>E1 2AT</zip>
        <country>United Kingdom</country>
      </address>
    </facility>
  </location>
  <location>
    <facility>
      <name>Nottingham University Hospitals NHS Trust Queens Medical Centre Campus</name>
      <address>
        <city>Nottingham</city>
        <zip>NG7 2UH</zip>
        <country>United Kingdom</country>
      </address>
    </facility>
  </location>
  <location>
    <facility>
      <name>Derriford Hospital</name>
      <address>
        <city>Plymouth</city>
        <zip>PL6 8DH</zip>
        <country>United Kingdom</country>
      </address>
    </facility>
  </location>
  <location_countries>
    <country>Australia</country>
    <country>Austria</country>
    <country>Canada</country>
    <country>Czech Republic</country>
    <country>France</country>
    <country>Germany</country>
    <country>India</country>
    <country>Israel</country>
    <country>Italy</country>
    <country>Poland</country>
    <country>Puerto Rico</country>
    <country>Romania</country>
    <country>Spain</country>
    <country>United Kingdom</country>
    <country>United States</country>
  </location_countries>
  <reference>
    <citation>Bain VG, Yoshida EM, Kaita KD, Swain MG, Heathcote EJ, Garcia A, Moore PA, Yu R, McHutchison JG, Subramanian GM. Dynamics of interferon-specific gene expression in peripheral blood of interferon alfa-naïve patients with genotype 1 chronic hepatitis C infection treated with albumin-interferon alfa. Hepatol Res. 2006 Aug;35(4):256-62. Epub 2006 May 30.</citation>
    <PMID>16731032</PMID>
  </reference>
  <reference>
    <citation>Bain VG, Kaita KD, Yoshida EM, Swain MG, Heathcote EJ, Neumann AU, Fiscella M, Yu R, Osborn BL, Cronin PW, Freimuth WW, McHutchison JG, Subramanian GM. A phase 2 study to evaluate the antiviral activity, safety, and pharmacokinetics of recombinant human albumin-interferon alfa fusion protein in genotype 1 chronic hepatitis C patients. J Hepatol. 2006 Apr;44(4):671-8. Epub 2006 Jan 30.</citation>
    <PMID>16487617</PMID>
  </reference>
  <reference>
    <citation>S. Zeuzem, , Y. Benhamou, , D. Shouval, , V. Bain, S. Pianko, , R. Flisiak, , M. Grigorescu, , V. Rehak, , E. Yoshida, K. Kaita, , C. Hezode, A.U. Neumann, M. Subramanian, J. McHutchison. Interim (Week 12) Phase 2B Virological Efficacy and Safety Results of albumin interferon alfa-2b Combined with Ribavirin in Genotype 1 Chronic Hepatitis C Infection. EASL, 2006</citation>
  </reference>
  <reference>
    <citation>Vinod Rustgi, et al. A Dose-Escalation Study of albumin alfa-Ribavirin in Non-responders to Prior Interferon Based Therapy for Chronic Hepatitis C Infection Phase 2 Dose A Phase 2 Dose-Escalation Study of albumin interferon alfa interferon alfa-2b Combined with 2b Combined with Ribavirin in Non Non-responders to Prior Interferon. EASL, 2006</citation>
  </reference>
  <reference>
    <citation>Balan V, Nelson DR, Sulkowski MS, Everson GT, Lambiase LR, Wiesner RH, Dickson RC, Post AB, Redfield RR, Davis GL, Neumann AU, Osborn BL, Freimuth WW, Subramanian GM. A Phase I/II study evaluating escalating doses of recombinant human albumin-interferon-alpha fusion protein in chronic hepatitis C patients who have failed previous interferon-alpha-based therapy. Antivir Ther. 2006;11(1):35-45.</citation>
    <PMID>16518958</PMID>
  </reference>
  <verification_date>August 2013</verification_date>
  <lastchanged_date>August 1, 2013</lastchanged_date>
  <firstreceived_date>November 20, 2006</firstreceived_date>
  <responsible_party>
    <responsible_party_type>Sponsor</responsible_party_type>
  </responsible_party>
  <keyword>Chronic Hepatitis C</keyword>
  <keyword>Hepatitis C</keyword>
  <keyword>CHC</keyword>
  <keyword>HepC</keyword>
  <keyword>Genotype 1</keyword>
  <keyword>Hepatitis</keyword>
  <keyword>HCV</keyword>
  <is_fda_regulated>Yes</is_fda_regulated>
  <is_section_801>Yes</is_section_801>
  <has_expanded_access>No</has_expanded_access>
  <condition_browse>
    <!-- CAUTION:  The following MeSH terms are assigned with an imperfect algorithm  -->
    <mesh_term>Hepatitis C</mesh_term>
    <mesh_term>Hepatitis C, Chronic</mesh_term>
    <mesh_term>Hepatitis, Chronic</mesh_term>
  </condition_browse>
  <intervention_browse>
    <!-- CAUTION:  The following MeSH terms are assigned with an imperfect algorithm  -->
    <mesh_term>Interferon-alpha</mesh_term>
    <mesh_term>Interferons</mesh_term>
    <mesh_term>Peginterferon alfa-2a</mesh_term>
    <mesh_term>Ribavirin</mesh_term>
  </intervention_browse>
  <!-- Results have not yet been posted for this study                                -->
</clinical_study>
