<?xml version="1.0" encoding="UTF-8"?>
<clinical_study rank="945">
  <!-- This xml conforms to an XML Schema at:
    https://clinicaltrials.gov/ct2/html/images/info/public.xsd
 and an XML DTD at:
    https://clinicaltrials.gov/ct2/html/images/info/public.dtd -->
  <required_header>
    <download_date>ClinicalTrials.gov processed this data on December 13, 2015</download_date>
    <link_text>Link to the current ClinicalTrials.gov record.</link_text>
    <url>https://clinicaltrials.gov/show/NCT00119119</url>
  </required_header>
  <id_info>
    <org_study_id>ANRSHC10 PENTO</org_study_id>
    <nct_id>NCT00119119</nct_id>
  </id_info>
  <brief_title>Efficacy and Safety of Pentoxyphilline and Tocopherol on the Fibrosis in Patients With Chronic Hepatitis C</brief_title>
  <official_title>Efficacy and Safety of the Association With Pentoxyphilline and Tocopherol on the Fibrosis in Patients With Chronic Hepatitis C</official_title>
  <sponsors>
    <lead_sponsor>
      <agency>French National Agency for Research on AIDS and Viral Hepatitis</agency>
      <agency_class>Other</agency_class>
    </lead_sponsor>
  </sponsors>
  <source>French National Agency for Research on AIDS and Viral Hepatitis</source>
  <oversight_info>
    <authority>France: Afssaps - Agence française de sécurité sanitaire des produits de santé (Saint-Denis)</authority>
  </oversight_info>
  <brief_summary>
    <textblock>
      The fibrosis of liver is a complication of chronic hepatitis C. There is actually no
      established treatment for fibrosis of the liver. Pentoxyphilline and tocopherol may have an
      activity on fibrosis. The aim of the study is to analyse the efficacy and the safety of the
      combination with pentoxyphilline and tocopherol (12 months) on liver fibrosis, in patients
      with chronic hepatitis C, who are non-long-term responders, or with intolerance or
      contra-indication to interferon-alfa and ribavirin.
    </textblock>
  </brief_summary>
  <detailed_description>
    <textblock>
      The aim of this study is to analyse the efficacy and the safety of the combination of
      pentoxyphilline (400 mg, twice a day) and tocopherol (500 mg, twice a day), given during 12
      months on the fibrosis related to HCV chronic hepatitis in 100 patients who are
      non-long-term responders, or with contra-indication or intolerance to the current treatment
      of reference (combination with interferon-alfa and ribavirin). It is a therapeutic,
      national, multicentric, double-blind, placebo-controlled phase III trial. The patients
      included had histological liver injuries with a Metavir score of A 0 to 2, F 2 or 3 and no
      other etiology of liver disease. The primary objective is to analyse the variation of the
      liver fibrosis evaluated by morphometric analysis between the 2 liver biopsies performed at
      the end of the trial and within 3 years before the treatment. The secondary objectives are
      the variation of the Metavir fibrosis and activity scores, of serum markers of fibrosis
      (hyaluronate, PIIIP, TNF-alfa, fibrotest) and ALT between the end and the beginning of the
      treatment.
    </textblock>
  </detailed_description>
  <overall_status>Terminated</overall_status>
  <start_date>February 2002</start_date>
  <completion_date>December 2006</completion_date>
  <phase>Phase 3</phase>
  <study_type>Interventional</study_type>
  <study_design>Allocation: Randomized, Endpoint Classification: Efficacy Study, Intervention Model: Parallel Assignment, Masking: Double-Blind, Primary Purpose: Treatment</study_design>
  <primary_outcome>
    <measure>Variation of the percentage of liver fibrosis evaluated with morphometric analysis between the liver biopsies performed at the end and before the trial (defined as significant if over 5 percent).</measure>
  </primary_outcome>
  <secondary_outcome>
    <measure>Variation of fibrosis Metavir score between the two biopsies</measure>
  </secondary_outcome>
  <secondary_outcome>
    <measure>Variation of activity Metavir score between the two biopsies</measure>
  </secondary_outcome>
  <secondary_outcome>
    <measure>Variation of liver markers of fibrosis : hyaluronate, N-terminal peptide of procollagen III, TNF-alfa and fibrotest</measure>
  </secondary_outcome>
  <secondary_outcome>
    <measure>Variation of ALT</measure>
  </secondary_outcome>
  <enrollment>100</enrollment>
  <condition>Hepatitis C, Chronic</condition>
  <condition>Liver Fibrosis</condition>
  <intervention>
    <intervention_type>Drug</intervention_type>
    <intervention_name>pentoxyphilline</intervention_name>
  </intervention>
  <intervention>
    <intervention_type>Drug</intervention_type>
    <intervention_name>tocopherol</intervention_name>
  </intervention>
  <eligibility>
    <criteria>
      <textblock>
        Inclusion Criteria:

          -  Age between 18 and 75 years

          -  Chronic hepatitis C defined by positive HCV Ab and HCV RNA and histological proven
             injuries

          -  Liver biopsy with a size over or equal to 15mm, performed within 3 years of
             enrolment, with a Metavir score of activity from 0 to 2 and fibrosis score of 2 or 3.

          -  Non long term responders or patients with contra-indication or intolerance to
             interferon alfa or ribavirin

          -  No anti-viral treatment during the trial

          -  Signed written informed consent

        Exclusion Criteria:

          -  Alcohol consumption over or equal to 40 g/d

          -  Allergy to tocopherol or pentoxyphilline

          -  Treatment with platelet anti-aggregates, anti-vitamin K, theophylline, armophylline

          -  Treatment with tocopherol or pentoxyphilline since the last liver biopsy

          -  Pregnancy, breast feeding, lack of contraception

          -  Decompensated cirrhosis, organ graft, chronic renal insufficiency

          -  BMI over 27

          -  Diabetes type I or II

          -  Other etiology of liver disease (HBV, HIV, hemochromatosis, alfa-1 antitrypsin
             deficiency, Wilson’s disease, auto-immune hepatitis, drug-related hepatitis)
      </textblock>
    </criteria>
    <gender>Both</gender>
    <minimum_age>18 Years</minimum_age>
    <maximum_age>75 Years</maximum_age>
    <healthy_volunteers>No</healthy_volunteers>
  </eligibility>
  <overall_official>
    <last_name>Helene Fontaine, MD</last_name>
    <role>Principal Investigator</role>
    <affiliation>Service d'hepatologie Hopital Necker Paris</affiliation>
  </overall_official>
  <location>
    <facility>
      <name>Service d'hepatologie Hopital Necker</name>
      <address>
        <city>Paris</city>
        <zip>75015</zip>
        <country>France</country>
      </address>
    </facility>
  </location>
  <location_countries>
    <country>France</country>
  </location_countries>
  <verification_date>January 2007</verification_date>
  <lastchanged_date>January 11, 2007</lastchanged_date>
  <firstreceived_date>July 4, 2005</firstreceived_date>
  <keyword>Hepatitis C</keyword>
  <keyword>Liver Cirrhosis</keyword>
  <keyword>Tocopherols</keyword>
  <has_expanded_access>No</has_expanded_access>
  <condition_browse>
    <!-- CAUTION:  The following MeSH terms are assigned with an imperfect algorithm  -->
    <mesh_term>Fibrosis</mesh_term>
    <mesh_term>Hepatitis</mesh_term>
    <mesh_term>Hepatitis A</mesh_term>
    <mesh_term>Hepatitis C</mesh_term>
    <mesh_term>Hepatitis C, Chronic</mesh_term>
    <mesh_term>Hepatitis, Chronic</mesh_term>
  </condition_browse>
  <intervention_browse>
    <!-- CAUTION:  The following MeSH terms are assigned with an imperfect algorithm  -->
    <mesh_term>Alpha-Tocopherol</mesh_term>
    <mesh_term>Tocopherols</mesh_term>
    <mesh_term>Tocotrienols</mesh_term>
    <mesh_term>Vitamin E</mesh_term>
  </intervention_browse>
  <!-- Results have not yet been posted for this study                                -->
</clinical_study>
