<?xml version="1.0" encoding="UTF-8"?>
<clinical_study rank="106">
  <!-- This xml conforms to an XML Schema at:
    https://clinicaltrials.gov/ct2/html/images/info/public.xsd
 and an XML DTD at:
    https://clinicaltrials.gov/ct2/html/images/info/public.dtd -->
  <required_header>
    <download_date>ClinicalTrials.gov processed this data on December 13, 2015</download_date>
    <link_text>Link to the current ClinicalTrials.gov record.</link_text>
    <url>https://clinicaltrials.gov/show/NCT00797745</url>
  </required_header>
  <id_info>
    <org_study_id>P05104</org_study_id>
    <nct_id>NCT00797745</nct_id>
  </id_info>
  <brief_title>A Pharmacokinetics/Pharmacodynamics Study of SCH 900518 in Previously Untreated Subjects With Genotype 1 Chronic Hepatitis C (Protocol No. P05104AM2)(COMPLETED)</brief_title>
  <acronym>NEXT-1</acronym>
  <official_title>A Study of SCH 900518 in Previously Untreated Subjects With Genotype 1 Chronic Hepatitis C (Protocol No. P05104)</official_title>
  <sponsors>
    <lead_sponsor>
      <agency>Merck Sharp &amp; Dohme Corp.</agency>
      <agency_class>Industry</agency_class>
    </lead_sponsor>
  </sponsors>
  <source>Merck Sharp &amp; Dohme Corp.</source>
  <oversight_info>
    <authority>United States: Food and Drug Administration</authority>
    <has_dmc>Yes</has_dmc>
  </oversight_info>
  <brief_summary>
    <textblock>
      SCH 900518 is a potent oral inhibitor of HCV NS3 protease which disrupts hepatitis C virus
      (HCV) polyprotein processing. SCH 900518, when added to the current standard of care (SOC),
      peginterferon-alfa plus ribavirin, would likely increase the proportion of patients
      achieving undetectable HCV-RNA levels and sustained virologic response (SVR). In this study,
      SCH 900518 would be used in combination with low doses of ritonavir to enhance the levels of
      SCH 900518 within the body and reduce the number of daily SCH 900518 tablets required. The
      purpose of this study is to identify the optimal dose and schedule (once or twice a day) of
      SCH 900518 plus ritonavir in previously untreated patients with genotype 1 chronic hepatitis
      C when given in combination with SOC. The study compares SOC to 6 experimental arms. In the
      experimental arms, SOC plus SCH 900518 doses of 200, 400 and 600 mg once daily or 100 mg
      twice daily with ritonavir 100 mg once or twice daily will be explored. The benefits of a 4
      week lead-in with PegIntron and ribavirin prior to the addition of SCH 900518 will also be
      explored.
    </textblock>
  </brief_summary>
  <overall_status>Completed</overall_status>
  <start_date>November 2008</start_date>
  <completion_date type="Actual">September 2010</completion_date>
  <primary_completion_date type="Actual">July 2009</primary_completion_date>
  <phase>Phase 2</phase>
  <study_type>Interventional</study_type>
  <study_design>Allocation: Randomized, Endpoint Classification: Pharmacokinetics/Dynamics Study, Intervention Model: Parallel Assignment, Masking: Open Label, Primary Purpose: Treatment</study_design>
  <primary_outcome>
    <measure>The primary efficacy endpoint is the proportion of subjects with undetectable HCV-RNA after 4 weeks of treatment with SCH 900518.</measure>
    <time_frame>After 4 weeks of treatment with SCH 900518</time_frame>
    <safety_issue>No</safety_issue>
  </primary_outcome>
  <secondary_outcome>
    <measure>Rate of viral decline during the first 4 weeks of dosing with SCH 900518</measure>
    <time_frame>After 4 and 12 weeks of treatment with SCH 900518, at EOT and FW 24</time_frame>
    <safety_issue>No</safety_issue>
  </secondary_outcome>
  <secondary_outcome>
    <measure>Proportion of subjects with undetectable HCV-RNA at both 4 and 12 weeks of dosing with SCH 900518</measure>
    <time_frame>After 4 and 12 weeks of treatment with SCH 900518, at EOT and FW 24</time_frame>
    <safety_issue>No</safety_issue>
  </secondary_outcome>
  <secondary_outcome>
    <measure>Proportion of subjects with undetectable HCV-RNA at end of treatment (EOT) and follow-up week 24 (FW24)</measure>
    <time_frame>After 4 and 12 weeks of treatment with SCH 900518, at EOT and FW 24</time_frame>
    <safety_issue>No</safety_issue>
  </secondary_outcome>
  <number_of_arms>7</number_of_arms>
  <enrollment type="Actual">111</enrollment>
  <condition>Hepatitis C, Chronic</condition>
  <arm_group>
    <arm_group_label>Standard of Care</arm_group_label>
    <arm_group_type>Active Comparator</arm_group_type>
    <description>PegIntron 1.5 mcg/kg SC weekly plus ribavirin 600 to 1400 mg daily (weight-based) by mouth twice daily for 48 weeks.
Subjects with &gt;= 1 log decrease from baseline in HCV-RNA levels after 12 weeks, but still above the lower limit of quantitation, have the option of crossing over to PegIntron, ribavirin plus SCH 900518 400 mg and ritonavir 100 mg daily for 12 weeks. This is followed by standard of care, PegIntron and ribavirin, for a total treatment duration of up to 48 weeks.</description>
  </arm_group>
  <arm_group>
    <arm_group_label>2</arm_group_label>
    <arm_group_type>Experimental</arm_group_type>
    <description>PegIntron 1.5 mcg/kg SC weekly plus ribavirin 600 to 1400 mg daily (weight-based) by mouth twice daily plus SCH 900518 200 mg daily plus ritonavir 100 mg daily for 12 weeks. Depending on HCV-RNA levels after 4 weeks of SCH 900518, patients will receive an additional 12 or 36 weeks of PegIntron/ribavirin. Total treatment duration will be 24 or 48 weeks.</description>
  </arm_group>
  <arm_group>
    <arm_group_label>3</arm_group_label>
    <arm_group_type>Experimental</arm_group_type>
    <description>PegIntron 1.5 mcg/kg SC weekly plus ribavirin 600 to 1400 mg daily (weight-based) by mouth twice daily plus SCH 900518 400 mg daily plus ritonavir 100 mg daily for 12 weeks. Depending on HCV-RNA levels after 4 weeks of SCH 900518, patients will receive an additional 12 or 36 weeks of PegIntron/ribavirin. Total treatment duration will be 24 or 48 weeks.</description>
  </arm_group>
  <arm_group>
    <arm_group_label>4</arm_group_label>
    <arm_group_type>Experimental</arm_group_type>
    <description>4 week lead-in with PegIntron 1.5 mcg/kg SC weekly plus ribavirin 600 to 1400 mg daily (weight-based) by mouth twice daily followed by PegIntron plus ribavirin plus SCH 900518 200 mg daily plus ritonavir 100 mg daily for 12 weeks. Depending on HCV-RNA levels after 4 weeks of SCH 900518, patients will receive an additional 8 or 32 weeks of PegIntron/ribavirin. Total treatment duration will be 24 or 48 weeks.</description>
  </arm_group>
  <arm_group>
    <arm_group_label>5</arm_group_label>
    <arm_group_type>Experimental</arm_group_type>
    <description>4 week lead-in with PegIntron 1.5 mcg/kg SC weekly plus ribavirin 600 to 1400 mg daily (weight-based) by mouth twice daily followed by PegIntron plus ribavirin plus SCH 900518 400 mg daily plus ritonavir 100 mg daily for 12 weeks. Depending on HCV-RNA levels after 4 weeks of SCH 900518, patients will receive an additional 8 or 32 weeks of PegIntron/ribavirin. Total treatment duration will be 24 or 48 weeks.</description>
  </arm_group>
  <arm_group>
    <arm_group_label>6</arm_group_label>
    <arm_group_type>Experimental</arm_group_type>
    <description>PegIntron 1.5 mcg/kg SC weekly plus ribavirin 600 to 1400 mg daily (weight-based) by mouth twice daily plus SCH 900518 100 mg twice daily plus ritonavir 100 mg twice daily for 12 weeks. Depending on HCV-RNA levels after 4 weeks of SCH 900518, patients will receive an additional 12 or 36 weeks of PegIntron/ribavirin. Total treatment duration will be 24 or 48 weeks.</description>
  </arm_group>
  <arm_group>
    <arm_group_label>7</arm_group_label>
    <arm_group_type>Experimental</arm_group_type>
    <description>4 week lead-in with PegIntron 1.5 mcg/kg SC weekly plus ribavirin 600 to 1400 mg daily (weight-based) by mouth twice daily followed by PegIntron plus ribavirin plus SCH 900518 600 mg daily plus ritonavir 100 mg daily for 12 weeks. Depending on HCV-RNA levels after 4 weeks of SCH 900518, patients will receive an additional 8 or 32 weeks of PegIntron/ribavirin. Total treatment duration will be 24 or 48 weeks.</description>
  </arm_group>
  <intervention>
    <intervention_type>Biological</intervention_type>
    <intervention_name>peginterferon alfa 2b</intervention_name>
    <description>1.5 mcg/kg subcutaneously weekly for up to 24 or 48 weeks</description>
    <arm_group_label>Standard of Care</arm_group_label>
    <arm_group_label>2</arm_group_label>
    <arm_group_label>3</arm_group_label>
    <arm_group_label>4</arm_group_label>
    <arm_group_label>5</arm_group_label>
    <arm_group_label>6</arm_group_label>
    <arm_group_label>7</arm_group_label>
    <other_name>PegIntron</other_name>
  </intervention>
  <intervention>
    <intervention_type>Drug</intervention_type>
    <intervention_name>ribavirin</intervention_name>
    <description>ribavirin 600 to 1400 mg daily (weight-based dosing) by mouth twice daily for up to 24 or 48 weeks</description>
    <arm_group_label>Standard of Care</arm_group_label>
    <arm_group_label>2</arm_group_label>
    <arm_group_label>3</arm_group_label>
    <arm_group_label>4</arm_group_label>
    <arm_group_label>5</arm_group_label>
    <arm_group_label>6</arm_group_label>
    <arm_group_label>7</arm_group_label>
    <other_name>REBETOL</other_name>
  </intervention>
  <intervention>
    <intervention_type>Drug</intervention_type>
    <intervention_name>SCH 900518</intervention_name>
    <description>SCH 900518 100 mg tablets taken as 200 mg PO QD, 100 mg PO BID, 400 mg PO QD, or 600 mg PO QD for 12 weeks.</description>
    <arm_group_label>Standard of Care</arm_group_label>
    <arm_group_label>2</arm_group_label>
    <arm_group_label>3</arm_group_label>
    <arm_group_label>4</arm_group_label>
    <arm_group_label>5</arm_group_label>
    <arm_group_label>6</arm_group_label>
    <arm_group_label>7</arm_group_label>
  </intervention>
  <intervention>
    <intervention_type>Drug</intervention_type>
    <intervention_name>ritonavir</intervention_name>
    <description>Ritonavir 100 mg capsules taken as 100 mg PO QD or 100 mg PO BID for 12 weeks.</description>
    <arm_group_label>Standard of Care</arm_group_label>
    <arm_group_label>2</arm_group_label>
    <arm_group_label>3</arm_group_label>
    <arm_group_label>4</arm_group_label>
    <arm_group_label>5</arm_group_label>
    <arm_group_label>6</arm_group_label>
    <arm_group_label>7</arm_group_label>
    <other_name>Norvir</other_name>
  </intervention>
  <eligibility>
    <criteria>
      <textblock>
        Inclusion Criteria:

          -  Adult subjects with CHC HCV genotype 1 with no previous treatment for CHC

          -  18 to 55 years of age

          -  Weight between 40 and 125 kg

          -  Previously documented CHC genotype 1 infection

          -  Liver biopsy within 2 years of Screening with histology consistent with chronic
             hepatitis C and no evidence of bridging fibrosis or cirrhosis

          -  Subject and subject's partner(s) must each agree to use acceptable methods of
             contraception for at least 2 weeks prior to Day 1 and continue until at least 6
             months after last dose of study drug

          -  Subjects must be willing to give written informed consent

        Exclusion Criteria:

          -  Prior treatment for hepatitis C other than herbal remedies

          -  HIV positive or known to be co-infected with hepatitis B

          -  Medically significant gallbladder or hepatobiliary findings on Screening ultrasound

          -  Use of any known significant inducers or substrates of CYP3A4 two weeks prior to
             start of study medications

          -  Use of herbal supplements (Milk Thistle permitted)

          -  Diabetic and hypertensive subjects with clinically significant ocular examination
             findings

          -  Current moderate or severe depression

          -  History of depression associated with any of the following:

               -  Hospitalization for depression

               -  Electroconvulsive therapy for depression.

               -  Depression that resulted in a prolonged absence from work and/or significant
                  disruption of daily functions

          -  Suicidal or homicidal ideation and/or attempt

          -  History of severe psychiatric disorders

          -  Past history or current use of lithium

          -  Clinical diagnosis of substance abuse of alcohol, intravenous drugs, inhalational
             (not including marijuana), psychotropics, narcotics, cocaine use, prescription or
             over-the-counter drugs within 5 years of Day 1

          -  Past or current use of opiate agonist substitution therapy

          -  Any known pre-existing medical condition (CNS, cardiac, pulmonary, immune mediated)
             that could interfere with the subject's participation in and completion of the study

          -  Active clinical gout within the last year

          -  Hemoglobinopathy or coagulopathy

          -  Myelodysplastic syndromes

          -  Organ transplants other than cornea and hair

          -  Poor venous access that precludes routine peripheral blood sampling or an indwelling
             venous catheter

          -  Subjects with a history of gastric surgery (eg, stapling, banding, bypass) or
             subjects with a history of malabsorption disorders (eg, celiac sprue disease)

          -  Evidence of active or suspected malignancy, or a history of malignancy, within the
             last 5 years (except adequately treated basal cell carcinoma of the skin). Subjects
             under evaluation for malignancy are not eligible.

          -  Subjects who are pregnant or nursing

          -  Subjects who intend to become pregnant during the study period

          -  Male subjects with partners who are, or intend to become, pregnant during the study
             period
      </textblock>
    </criteria>
    <gender>Both</gender>
    <minimum_age>18 Years</minimum_age>
    <maximum_age>55 Years</maximum_age>
    <healthy_volunteers>No</healthy_volunteers>
  </eligibility>
  <removed_countries>
    <country>United States</country>
  </removed_countries>
  <verification_date>January 2015</verification_date>
  <lastchanged_date>January 21, 2015</lastchanged_date>
  <firstreceived_date>November 24, 2008</firstreceived_date>
  <responsible_party>
    <responsible_party_type>Sponsor</responsible_party_type>
  </responsible_party>
  <keyword>genotype 1 infection</keyword>
  <is_fda_regulated>Yes</is_fda_regulated>
  <is_section_801>Yes</is_section_801>
  <has_expanded_access>No</has_expanded_access>
  <condition_browse>
    <!-- CAUTION:  The following MeSH terms are assigned with an imperfect algorithm  -->
    <mesh_term>Hepatitis</mesh_term>
    <mesh_term>Hepatitis A</mesh_term>
    <mesh_term>Hepatitis C</mesh_term>
    <mesh_term>Hepatitis C, Chronic</mesh_term>
    <mesh_term>Hepatitis, Chronic</mesh_term>
  </condition_browse>
  <intervention_browse>
    <!-- CAUTION:  The following MeSH terms are assigned with an imperfect algorithm  -->
    <mesh_term>Peginterferon alfa-2b</mesh_term>
    <mesh_term>Ribavirin</mesh_term>
    <mesh_term>Ritonavir</mesh_term>
  </intervention_browse>
  <!-- Results have not yet been posted for this study                                -->
</clinical_study>
