<?xml version="1.0" encoding="UTF-8"?>
<clinical_study rank="54">
  <!-- This xml conforms to an XML Schema at:
    https://clinicaltrials.gov/ct2/html/images/info/public.xsd
 and an XML DTD at:
    https://clinicaltrials.gov/ct2/html/images/info/public.dtd -->
  <required_header>
    <download_date>ClinicalTrials.gov processed this data on December 13, 2015</download_date>
    <link_text>Link to the current ClinicalTrials.gov record.</link_text>
    <url>https://clinicaltrials.gov/show/NCT00746746</url>
  </required_header>
  <id_info>
    <org_study_id>USA-MCI-01</org_study_id>
    <secondary_id>IND# 13647</secondary_id>
    <nct_id>NCT00746746</nct_id>
  </id_info>
  <brief_title>A Phase II Study of an Anti-Tumor Immunotherapy Regimen Comprised of Pegylated Interferon-Alpha 2b and HyperAcute Melanoma Vaccine for Subjects With Advanced Melanoma</brief_title>
  <official_title>A Phase II Study of an Anti-Tumor Immunotherapy Regimen Comprised of Pegylated Interferon-Alpha 2b (PEG-Intron)and HyperAcute Melanoma Vaccine for Subjects With Advanced Melanoma</official_title>
  <sponsors>
    <lead_sponsor>
      <agency>Ochsner Health System</agency>
      <agency_class>Other</agency_class>
    </lead_sponsor>
    <collaborator>
      <agency>NewLink Genetics Corporation</agency>
      <agency_class>Industry</agency_class>
    </collaborator>
  </sponsors>
  <source>Ochsner Health System</source>
  <oversight_info>
    <authority>United States: Food and Drug Administration</authority>
    <has_dmc>Yes</has_dmc>
  </oversight_info>
  <brief_summary>
    <textblock>
      The purpose of this study is to determine the safety of giving subjects with advanced,
      recurrent or refractory melanoma the HyperAcute® Melanoma vaccine with a variant of a drug,
      called Interferon (PEG-Intron®) that is specially formulated to be given on a weekly basis
      (instead of daily). The study vaccine (HyperAcute®-Melanoma) is made from three types of
      human melanoma cell lines (grown in the laboratory) in which the genes have been slightly
      changed. This clinical study will try to discover the safety of the study vaccine combined
      with PEG-Intron®, its side effects and the potential benefits, if any.
    </textblock>
  </brief_summary>
  <detailed_description>
    <textblock>
      This study will look at the anti-tumor vaccine effect, side effects and toxicity of the
      HyperAcute® Vaccine with PEG-Intron®. It is hoped that the immune system's response to these
      genetically engineered melanoma cells and PEG-Intron® will cause a reaction that will make
      it react to and attack and kill the melanoma cells and keep it from growing, possibly
      causing the tumors to shrink.

      Patients that are eligible are 19 years or older and have been diagnosed with advanced,
      treatment resistant or recurrent melanoma, an aggressive usually pigmented form of skin
      cancer.
    </textblock>
  </detailed_description>
  <overall_status>Active, not recruiting</overall_status>
  <start_date>June 2008</start_date>
  <completion_date type="Anticipated">June 2011</completion_date>
  <primary_completion_date type="Anticipated">June 2010</primary_completion_date>
  <phase>Phase 2</phase>
  <study_type>Interventional</study_type>
  <study_design>Allocation: Non-Randomized, Endpoint Classification: Safety/Efficacy Study, Intervention Model: Single Group Assignment, Masking: Open Label, Primary Purpose: Treatment</study_design>
  <primary_outcome>
    <measure>To conduct scientific studies of patient tumor and peripheral blood samples to determine the mechanism of any observed anti-tumor effect involving the immune responses to the HyperAcute® vaccine alone &amp; combined with PEG-Intron</measure>
    <time_frame>2 years</time_frame>
    <safety_issue>No</safety_issue>
  </primary_outcome>
  <secondary_outcome>
    <measure>To determine the safety and response rate of the administration of the HyperAcute®-Melanoma Vaccine combined with PEG-Intron® into patients with recurrent, refractory, metastatic, or high risk of recurrence melanoma</measure>
    <time_frame>2 years</time_frame>
    <safety_issue>Yes</safety_issue>
  </secondary_outcome>
  <number_of_arms>1</number_of_arms>
  <enrollment type="Anticipated">30</enrollment>
  <condition>Melanoma</condition>
  <intervention>
    <intervention_type>Biological</intervention_type>
    <intervention_name>HyperAcute vaccine</intervention_name>
    <description>1.8 mL weekly</description>
  </intervention>
  <intervention>
    <intervention_type>Drug</intervention_type>
    <intervention_name>Pegylated Interferon-Alpha 2b</intervention_name>
    <description>6.0 mcg/kg weekly</description>
    <other_name>PEG-Intron</other_name>
  </intervention>
  <eligibility>
    <criteria>
      <textblock>
        Inclusion Criteria:

          -  19 years or older

          -  Histological diagnosis of melanoma

          -  AJCC Stage IIIC (any T, N1b, N2b, N3, M0) or Stage IV (any T, and N, M1), metastatic,
             progressive, refractory, recurrent or high risk of recurrence melanoma.

          -  Expected survival of more than 6 months

          -  Adequate organ function

          -  Measurable or non-measurable disease

          -  Must have negative serologies for Hepatitis B and C and HIV prior to entering study

          -  Must be more than 4 weeks since major surgery, radiotherapy, chemotherapy or
             biotherapy/targeted therapies

          -  Male and female subjects of child producing potential must agree to use contraception
             or avoidance pregnancy measures while enrolled on the study and for one month after
             the last immunization.

        Exclusion Criteria:

          -  Active CNS metastases or carcinomatous meningitis

          -  Hypercalcemia

          -  Pregnant or nursing women

          -  Other malignancy within five years

          -  History of organ transplant or current active immunosuppressive therapy

          -  Subjects taking systemic corticosteroid therapy

          -  Active infection or antibiotics within 1-week prior to study

          -  Uncontrolled or significant congestive heart failure, myocardial infarction,
             ventricular arrhythmias or pulmonary dysfunction

          -  Autoimmune disease

          -  A known allergy to any component of the HyperAcute vaccine or PEG-Intron

          -  Patients having undergone splenectomy

          -  Patients with sickle-cell anemia or thalassemia major.
      </textblock>
    </criteria>
    <gender>Both</gender>
    <minimum_age>19 Years</minimum_age>
    <maximum_age>N/A</maximum_age>
    <healthy_volunteers>No</healthy_volunteers>
  </eligibility>
  <overall_official>
    <last_name>Adam I Riker, MD</last_name>
    <role>Principal Investigator</role>
    <affiliation>Ochsner Health System</affiliation>
  </overall_official>
  <location>
    <facility>
      <name>Ochsner Health System</name>
      <address>
        <city>New Orleans</city>
        <state>Louisiana</state>
        <zip>70121</zip>
        <country>United States</country>
      </address>
    </facility>
  </location>
  <location_countries>
    <country>United States</country>
  </location_countries>
  <link>
    <url>http://www.ochsner.org</url>
    <description>Ochsner Health System website</description>
  </link>
  <verification_date>September 2008</verification_date>
  <lastchanged_date>January 12, 2011</lastchanged_date>
  <firstreceived_date>September 3, 2008</firstreceived_date>
  <responsible_party>
    <name_title>Adam I. Riker, M.D. Medical Director of Cancer Services</name_title>
    <organization>Ochsner Cancer Institute</organization>
  </responsible_party>
  <keyword>Advanced Melanoma</keyword>
  <is_fda_regulated>Yes</is_fda_regulated>
  <is_section_801>Yes</is_section_801>
  <has_expanded_access>No</has_expanded_access>
  <condition_browse>
    <!-- CAUTION:  The following MeSH terms are assigned with an imperfect algorithm  -->
    <mesh_term>Melanoma</mesh_term>
  </condition_browse>
  <intervention_browse>
    <!-- CAUTION:  The following MeSH terms are assigned with an imperfect algorithm  -->
    <mesh_term>Interferon-alpha</mesh_term>
    <mesh_term>Interferons</mesh_term>
    <mesh_term>Peginterferon alfa-2b</mesh_term>
  </intervention_browse>
  <!-- Results have not yet been posted for this study                                -->
</clinical_study>
