<?xml version="1.0" encoding="UTF-8"?>
<clinical_study rank="104">
  <!-- This xml conforms to an XML Schema at:
    https://clinicaltrials.gov/ct2/html/images/info/public.xsd
 and an XML DTD at:
    https://clinicaltrials.gov/ct2/html/images/info/public.dtd -->
  <required_header>
    <download_date>ClinicalTrials.gov processed this data on December 13, 2015</download_date>
    <link_text>Link to the current ClinicalTrials.gov record.</link_text>
    <url>https://clinicaltrials.gov/show/NCT00701298</url>
  </required_header>
  <id_info>
    <org_study_id>NCI-2009-00295</org_study_id>
    <secondary_id>NCI-2009-00295</secondary_id>
    <secondary_id>CDR0000597624</secondary_id>
    <secondary_id>NVCI-0725</secondary_id>
    <secondary_id>NVCI 07-25</secondary_id>
    <secondary_id>8224</secondary_id>
    <secondary_id>R21CA122270</secondary_id>
    <nct_id>NCT00701298</nct_id>
  </id_info>
  <brief_title>Decitabine With or Without Interferon Alfa-2b in Treating Patients With Unresectable or Metastatic Solid Tumors</brief_title>
  <official_title>Inhibition of DNA Methylation by 1-Hr Infusion of 5-aza-2'-Deoxycitidine (Decitabine) x 10 Days (M-F) With Escalating Doses of Sub-Q Pegylated (PEG) Interferon-alpha 2B (PEG-Intron): A Phase I Study With Molecular Correlates</official_title>
  <sponsors>
    <lead_sponsor>
      <agency>National Cancer Institute (NCI)</agency>
      <agency_class>NIH</agency_class>
    </lead_sponsor>
  </sponsors>
  <source>National Cancer Institute (NCI)</source>
  <oversight_info>
    <authority>United States: Food and Drug Administration</authority>
  </oversight_info>
  <brief_summary>
    <textblock>
      This phase I trial is studying the side effects of decitabine when given together with or
      without interferon alfa-2b, and the best dose of interferon alfa-2b, in treating patients
      with unresectable or metastatic solid tumors. Drugs used in chemotherapy, such as
      decitabine, work in different ways to stop the growth of tumor cells, either by killing the
      cells or by stopping them from dividing. Biological therapies, such as interferon alfa-2b,
      may stimulate the immune system in different ways and stop tumor cells from growing. It is
      not yet known whether decitabine is more effective when given with or without interferon
      alfa-2b in treating solid tumors.
    </textblock>
  </brief_summary>
  <detailed_description>
    <textblock>
      PRIMARY OBJECTIVES:

      I. To assess toxicities of decitabine plus escalating doses of pegylated interferon alfa-2b
      (PEG-Intron) in patients with metastatic solid tumor.

      II. To identify the dose-limiting toxicity of decitabine in combination with escalating
      doses of pegylated interferon alfa-2b in these patients.

      III. To identify the maximum tolerated dose of pegylated interferon alfa-2b in combination
      with decitabine in these patients.

      SECONDARY OBJECTIVES:

      I. To evaluate pretreatment and post-treatment blood and tumor samples to identify changes
      in global (genomic) DNA methylation.

      II. To evaluate pretreatment and post-treatment blood, skin and tumor samples to identify
      changes in Mage-1 mRNA and protein expression, DNMT-1 levels (due to sequestration by
      5-azacytidine), p53 induction (evidence of DNA damage response), as well as changes in
      levels of 2'5'-oligoadenylate synthesis, MxA and HLA class I as indicators of interferon
      response.

      III. To evaluate complete and partial response rates in patients receiving decitabine in
      combination with escalating doses of pegylated interferon alfa-2b.

      OUTLINE:

      This is a dose-escalation study of pegylated interferon alfa-2b. Patients are assigned to 1
      of 2 treatment groups.

      GROUP 1 (control): Patients receive decitabine IV over 1 hour on days 1-5 and 8-12. Courses
      repeat every 28 days in the absence of disease progression or unacceptable toxicity.
      Patients who experience disease progression after the first course of treatment may
      crossover to receive treatment in group 2.

      GROUP 2: Patients receive decitabine as in group 1 and pegylated interferon alfa-2b
      subcutaneously on days 1, 8, 15, and 22.

      Courses repeat every 28 days in the absence of disease progression or unacceptable toxicity.
      Patients undergo blood sample, normal skin, and tissue biopsy collection at baseline and
      periodically during study. Blood, normal skin, and tissue samples are analyzed for global
      (genomic) DNA methylation (gene-promoter methylation, gene and protein expression, p53
      induction by DNA damage) and interferon levels by high-performance (pressure) liquid
      chromatography and PCR methylation assays, and for pharmacodynamic studies.

      After completion of study treatment, patients are followed at 28 days and then every 3
      months.
    </textblock>
  </detailed_description>
  <overall_status>Terminated</overall_status>
  <start_date>April 2009</start_date>
  <primary_completion_date type="Actual">October 2010</primary_completion_date>
  <phase>Phase 1</phase>
  <study_type>Interventional</study_type>
  <study_design>Allocation: Randomized, Endpoint Classification: Safety Study, Intervention Model: Parallel Assignment, Masking: Open Label, Primary Purpose: Treatment</study_design>
  <primary_outcome>
    <measure>Toxicities as assessed by the National Cancer Institute (NCI) Common Terminology Criteria for Adverse Events (CTCAE) version 3.0</measure>
    <time_frame>Up to 28 days</time_frame>
    <safety_issue>Yes</safety_issue>
    <description>The type, frequency, and severity of each toxicity will be reported.</description>
  </primary_outcome>
  <primary_outcome>
    <measure>Dose-limiting toxicity (DLT) of pegylated interferon alfa-2b when given with decitabine as assessed by NCI CTCAE version 3.0</measure>
    <time_frame>First 28-day course</time_frame>
    <safety_issue>Yes</safety_issue>
    <description>DLT is defined as grade III drug-related non hematologic and/or grade IV drug-related hematologic toxicity.</description>
  </primary_outcome>
  <primary_outcome>
    <measure>Maximum-tolerated dose (MTD) of pegylated interferon alfa-2b when given with decitabine as assessed by NCI CTCAE version 3.0</measure>
    <time_frame>First 28-day course</time_frame>
    <safety_issue>Yes</safety_issue>
    <description>The MTD will be the dose level where not more than 1 case of a specific grade III-IV drug-related toxicity is observed, and either 2+toxicities have been observed at the next highest dose level, or the maximum dose-level of PEG-Intron has been reached.</description>
  </primary_outcome>
  <secondary_outcome>
    <measure>Global (genomic) DNA methylation changes by high-performance liquid chromatography (HPLC)</measure>
    <time_frame>Baseline to up to day 1 of course 2</time_frame>
    <safety_issue>No</safety_issue>
    <description>Repeated measures analysis of variance and other linear modeling techniques will be used.</description>
  </secondary_outcome>
  <secondary_outcome>
    <measure>Changes in expression of methylation-regulated genes in human biological tissues</measure>
    <time_frame>Baseline to up to day 1 of course 2</time_frame>
    <safety_issue>No</safety_issue>
    <description>Repeated measures analysis of variance and other linear modeling techniques will be used.</description>
  </secondary_outcome>
  <secondary_outcome>
    <measure>Complete and partial response rates</measure>
    <time_frame>Up to 1 year</time_frame>
    <safety_issue>No</safety_issue>
  </secondary_outcome>
  <number_of_arms>2</number_of_arms>
  <enrollment type="Actual">30</enrollment>
  <condition>Unspecified Adult Solid Tumor, Protocol Specific</condition>
  <arm_group>
    <arm_group_label>Group 1 (chemotherapy)</arm_group_label>
    <arm_group_type>Active Comparator</arm_group_type>
    <description>Patients receive decitabine IV over 1 hour on days 1-5 and 8-12. Courses repeat every 28 days in the absence of disease progression or unacceptable toxicity. Patients whose disease is not responding after the first course may crossover to group 2.</description>
  </arm_group>
  <arm_group>
    <arm_group_label>Group 2 (chemotherapy and antineoplastic agent)</arm_group_label>
    <arm_group_type>Experimental</arm_group_type>
    <description>Patients receive decitabine as in group 1 and pegylated interferon alfa-2b subcutaneously on days 1, 8, 15, and 22. Courses repeat every 28 days in the absence of disease progression or unacceptable toxicity.</description>
  </arm_group>
  <intervention>
    <intervention_type>Biological</intervention_type>
    <intervention_name>peginterferon alfa-2b</intervention_name>
    <description>Given SC</description>
    <arm_group_label>Group 2 (chemotherapy and antineoplastic agent)</arm_group_label>
    <other_name>PEG-IFN alfa-2b</other_name>
    <other_name>pegylated interferon alfa-2b</other_name>
    <other_name>polyethylene glycol IFN-A2b</other_name>
  </intervention>
  <intervention>
    <intervention_type>Drug</intervention_type>
    <intervention_name>decitabine</intervention_name>
    <description>Given IV</description>
    <arm_group_label>Group 1 (chemotherapy)</arm_group_label>
    <arm_group_label>Group 2 (chemotherapy and antineoplastic agent)</arm_group_label>
    <other_name>5-aza-dCyd</other_name>
    <other_name>5AZA</other_name>
    <other_name>DAC</other_name>
  </intervention>
  <intervention>
    <intervention_type>Other</intervention_type>
    <intervention_name>laboratory biomarker analysis</intervention_name>
    <description>Correlative studies</description>
    <arm_group_label>Group 1 (chemotherapy)</arm_group_label>
    <arm_group_label>Group 2 (chemotherapy and antineoplastic agent)</arm_group_label>
  </intervention>
  <eligibility>
    <criteria>
      <textblock>
        Inclusion Criteria:

          -  Biopsy-proven solid tumor

               -  Metastatic or unresectable disease

          -  Tumor amenable to biopsy

          -  No curative or more effective treatment for this disease exists, in the opinion of
             the investigator

          -  Measurable disease by scans as assessed by RECIST criteria

          -  No untreated brain metastasis

               -  No longer receiving steroid therapy for previously treated brain metastasis

          -  Zubrod performance status of 0-2

          -  Bilirubin ≤ 1.5 times upper limit normal (ULN)

          -  SGOT or SGPT ≤ 2.5 times ULN (≤ 5 ULN if hepatic metastases present)

          -  Serum creatinine ≤ 1.5 times ULN

          -  Creatinine clearance ≥ 50 mL/min

          -  ANC &gt; 1,500/μL

          -  Platelet count &gt; 100,000/μL

          -  Hemoglobin &gt; 9 g/dL (transfusion allowed)

          -  No NYHA class III-IV cardiac problems (e.g., congestive heart failure or myocardial
             infarction within the past 2 months)

          -  No severe and/or uncontrolled concurrent medical disease (e.g., uncontrolled
             diabetes, uncontrolled chronic renal or liver disease, or active uncontrolled
             infection [e.g., HIV])

          -  Not pregnant or nursing

          -  Negative pregnancy test

          -  Fertile patients must use effective barrier contraception during and for 3 months
             after completion of study therapy

          -  Willing to undergo biopsies

          -  No medical or psychological conditions that, in the opinion of the investigator, may
             preclude the patient's ability to tolerate or complete the treatment, or to grant
             reliable informed consent

          -  No other prior malignancy except for adequately treated basal cell or squamous cell
             skin cancer, in situ cervical cancer, adequately treated stage I, II, or III cancer
             from which the patient is currently in complete remission, or any other cancer from
             which the patient has been disease-free for 5 years

          -  No prior extensive pelvic irradiation or prolonged nucleoside analogue pretreatment

          -  At least 28 days since prior and no concurrent chemotherapy, radiotherapy, surgery,
             biological therapy, anticancer agent, or other investigational drug
      </textblock>
    </criteria>
    <gender>Both</gender>
    <minimum_age>18 Years</minimum_age>
    <maximum_age>N/A</maximum_age>
    <healthy_volunteers>No</healthy_volunteers>
  </eligibility>
  <overall_official>
    <last_name>Wolfram Samlowski</last_name>
    <role>Principal Investigator</role>
    <affiliation>Nevada Cancer Institute-Summerlin Campus</affiliation>
  </overall_official>
  <location>
    <facility>
      <name>Nevada Cancer Institute-Summerlin Campus</name>
      <address>
        <city>Las Vegas</city>
        <state>Nevada</state>
        <zip>89135</zip>
        <country>United States</country>
      </address>
    </facility>
  </location>
  <location_countries>
    <country>United States</country>
  </location_countries>
  <verification_date>October 2011</verification_date>
  <lastchanged_date>February 21, 2014</lastchanged_date>
  <firstreceived_date>June 18, 2008</firstreceived_date>
  <responsible_party>
    <responsible_party_type>Sponsor</responsible_party_type>
  </responsible_party>
  <is_fda_regulated>Yes</is_fda_regulated>
  <is_section_801>No</is_section_801>
  <has_expanded_access>No</has_expanded_access>
  <intervention_browse>
    <!-- CAUTION:  The following MeSH terms are assigned with an imperfect algorithm  -->
    <mesh_term>Decitabine</mesh_term>
    <mesh_term>Interferon-alpha</mesh_term>
    <mesh_term>Interferons</mesh_term>
    <mesh_term>Peginterferon alfa-2b</mesh_term>
  </intervention_browse>
  <!-- Results have not yet been posted for this study                                -->
</clinical_study>
