<?xml version="1.0" encoding="UTF-8"?>
<clinical_study rank="29">
  <!-- This xml conforms to an XML Schema at:
    https://clinicaltrials.gov/ct2/html/images/info/public.xsd
 and an XML DTD at:
    https://clinicaltrials.gov/ct2/html/images/info/public.dtd -->
  <required_header>
    <download_date>ClinicalTrials.gov processed this data on December 13, 2015</download_date>
    <link_text>Link to the current ClinicalTrials.gov record.</link_text>
    <url>https://clinicaltrials.gov/show/NCT00724295</url>
  </required_header>
  <id_info>
    <org_study_id>P04505</org_study_id>
    <nct_id>NCT00724295</nct_id>
  </id_info>
  <brief_title>Safety and Efficacy of PegIntron and Rebetol Combination Therapy in Patients With Chronic Hepatitis C in Japan (Study P04505)</brief_title>
  <official_title>PEG Intron/REBETOL Combination Therapy Special Investigation -Investigation on the Safety and Efficacy of PegIntron and REBETOL Combination Therapy in Patients With Chronic Hepatitis C-</official_title>
  <sponsors>
    <lead_sponsor>
      <agency>Merck Sharp &amp; Dohme Corp.</agency>
      <agency_class>Industry</agency_class>
    </lead_sponsor>
  </sponsors>
  <source>Merck Sharp &amp; Dohme Corp.</source>
  <oversight_info>
    <authority>Japan: Ministry of Health, Labor and Welfare</authority>
    <has_dmc>No</has_dmc>
  </oversight_info>
  <brief_summary>
    <textblock>
      This is a post-marketing surveillance of patients with chronic hepatitis C treated with
      PegIntron and Rebetol combination therapy in clinical practice in Japan. The objective of
      the study is to evaluate the safety and efficacy of the combination therapy. The study will
      also compare the safety profile of the combination therapy among elderly patients and
      younger patients.

      Post-marketing surveys are not considered applicable clinical trials and thus the results of
      this survey will not be posted at its conclusion. The results will be submitted to public
      health officials as required by applicable national and international laws.
    </textblock>
  </brief_summary>
  <overall_status>Completed</overall_status>
  <start_date>April 2005</start_date>
  <completion_date type="Actual">December 2008</completion_date>
  <primary_completion_date type="Actual">December 2008</primary_completion_date>
  <phase>N/A</phase>
  <study_type>Observational</study_type>
  <study_design>Time Perspective: Prospective</study_design>
  <primary_outcome>
    <measure>Overall incidence of adverse events and adverse drug reactions.</measure>
    <time_frame>From the time the informed consent is signed and up to 30 days after study completion or discontinuation. Treatment period is 48 weeks with a 24 week post dose followup.</time_frame>
    <safety_issue>Yes</safety_issue>
  </primary_outcome>
  <primary_outcome>
    <measure>Assessment of trends of adverse drug reactions by patient factors and concomitant medications. Incidence of adverse events (AEs) in the elderly vs younger patients; rates of hematologic AEs; dose reduction and discontinuation rates.</measure>
    <time_frame>From the time the informed consent is signed and up to 30 days after study completion or discontinuation. Treatment period is 48 weeks with a 24 week post dose followup.</time_frame>
    <safety_issue>Yes</safety_issue>
  </primary_outcome>
  <primary_outcome>
    <measure>Sustained virologic response rate and improvement of ALT (alanine transaminase).</measure>
    <time_frame>Assessed at the end-of-treatment and at 24 weeks post-treatment.</time_frame>
    <safety_issue>No</safety_issue>
  </primary_outcome>
  <number_of_groups>1</number_of_groups>
  <enrollment type="Actual">1077</enrollment>
  <condition>Hepatitis C, Chronic</condition>
  <condition>Hepatitis C</condition>
  <arm_group>
    <arm_group_label>Arm 1</arm_group_label>
    <description>Overall study population</description>
  </arm_group>
  <intervention>
    <intervention_type>Drug</intervention_type>
    <intervention_name>peginterferon alfa-2b</intervention_name>
    <description>PegIntron powder (reconstituted) administered in accordance with approved labeling; Subcutaneous injection of 1.5 ug/kg once weekly for 48 weeks.</description>
    <arm_group_label>Arm 1</arm_group_label>
    <other_name>PegIntron</other_name>
    <other_name>SCH 54031</other_name>
  </intervention>
  <intervention>
    <intervention_type>Drug</intervention_type>
    <intervention_name>ribavirin</intervention_name>
    <description>Rebetol capsule administered orally twice daily in accordance with approved labeling (weight based dosing). Dosing duration 48 weeks.</description>
    <arm_group_label>Arm 1</arm_group_label>
    <other_name>Rebetol</other_name>
    <other_name>SCH 18908</other_name>
  </intervention>
  <eligibility>
    <study_pop>
      <textblock>
        Patients with chronic hepatitis C treated with PegIntron and Rebetol combination therapy
        in the clinical practice at approximately 100 to 200 institutions in Japan.
      </textblock>
    </study_pop>
    <sampling_method>Non-Probability Sample</sampling_method>
    <criteria>
      <textblock>
        Inclusion Criteria:

        Patients with chronic hepatitis C.

          -  Patients are serogroup 1(genotype I (1a) or II (1b)).

          -  The HCV-RNA level in the blood is more than 10^5 IU/mL by RT-PCR method, or 1Meq./mL
             by b-DNA method

        Exclusion Criteria:

          -  Patients with a history of hypersensitivity to test drugs or other interferon
             preparations

          -  Patients with a history of hypersensitivity to biological products, such as vaccines

          -  Patients being treated with Shosaikoto

          -  Patients with autoimmune hepatitis

          -  Pregnant women, women who may be pregnant, and nursing mothers

          -  Patients with a history of hypersensitivity to any component of this drug or other
             nucleoside analogs (aciclovir, ganciclovir, vidarabine, etc.)

          -  Patients with difficult-to-control cardiac disease (eg, myocardial infarction,
             cardiac failure, arrhythmia)

          -  Patients with hemoglobinopathies (eg, thalassemia, sickle-cell anemia)

          -  Patients with chronic renal failure or renal function disorder with creatinine
             clearance of &lt;=50 mL/min

          -  Patients with or a history of severe psychiatric condition such as severe depression,
             suicidal ideation or suicide attempt

          -  Patients with serious hepatic dysfunction

          -  Patients with autoimmune hepatitis
      </textblock>
    </criteria>
    <gender>Both</gender>
    <minimum_age>N/A</minimum_age>
    <maximum_age>N/A</maximum_age>
    <healthy_volunteers>No</healthy_volunteers>
  </eligibility>
  <verification_date>February 2015</verification_date>
  <lastchanged_date>February 3, 2015</lastchanged_date>
  <firstreceived_date>July 25, 2008</firstreceived_date>
  <responsible_party>
    <responsible_party_type>Sponsor</responsible_party_type>
  </responsible_party>
  <is_fda_regulated>Yes</is_fda_regulated>
  <is_section_801>No</is_section_801>
  <has_expanded_access>No</has_expanded_access>
  <condition_browse>
    <!-- CAUTION:  The following MeSH terms are assigned with an imperfect algorithm  -->
    <mesh_term>Hepatitis</mesh_term>
    <mesh_term>Hepatitis A</mesh_term>
    <mesh_term>Hepatitis C</mesh_term>
    <mesh_term>Hepatitis C, Chronic</mesh_term>
    <mesh_term>Hepatitis, Chronic</mesh_term>
  </condition_browse>
  <intervention_browse>
    <!-- CAUTION:  The following MeSH terms are assigned with an imperfect algorithm  -->
    <mesh_term>Peginterferon alfa-2b</mesh_term>
    <mesh_term>Ribavirin</mesh_term>
  </intervention_browse>
  <!-- Results have not yet been posted for this study                                -->
</clinical_study>
