<?xml version="1.0" encoding="UTF-8"?>
<clinical_study rank="853">
  <!-- This xml conforms to an XML Schema at:
    https://clinicaltrials.gov/ct2/html/images/info/public.xsd
 and an XML DTD at:
    https://clinicaltrials.gov/ct2/html/images/info/public.dtd -->
  <required_header>
    <download_date>ClinicalTrials.gov processed this data on December 13, 2015</download_date>
    <link_text>Link to the current ClinicalTrials.gov record.</link_text>
    <url>https://clinicaltrials.gov/show/NCT00495768</url>
  </required_header>
  <id_info>
    <org_study_id>034-0013-391</org_study_id>
    <nct_id>NCT00495768</nct_id>
  </id_info>
  <brief_title>Reducing Depressive Symptoms During HCV Therapy: A Randomized Study</brief_title>
  <official_title>Reducing Depressive Symptoms During HCV Therapy: A Randomized Study</official_title>
  <sponsors>
    <lead_sponsor>
      <agency>South Texas Veterans Health Care System</agency>
      <agency_class>U.S. Fed</agency_class>
    </lead_sponsor>
  </sponsors>
  <source>South Texas Veterans Health Care System</source>
  <oversight_info>
    <authority>United States: Federal Government</authority>
    <has_dmc>Yes</has_dmc>
  </oversight_info>
  <brief_summary>
    <textblock>
      The purpose of this study is to conduct a randomized controlled trial of an 8-visit
      non-pharmacologic group intervention in reducing the severity of depressive symptoms in
      veterans who receive IFN and ribavirin for the treatment of Hepatitis C. We hypothesize that
      over the first 6 months of treatment with IFN and ribavirin for the 45 patients who receive
      the 8-visit intervention early in the course of treatment in addition to usual care
      (experimental group) will have lower scores on the CES-D, a standard depression rating
      scale, than the 45 patients who receive only usual care (control group).
    </textblock>
  </brief_summary>
  <detailed_description>
    <textblock>
      In this study, subjects will be randomly assigned (by chance, like the flipping of a coin)
      to one of two study groups. Half the subjects will be assigned to a training program, which
      will consist of 8 sessions over a period of 8 weeks in which they will be instructed in
      cognitive therapy ( a method of identifying and &quot;talk back&quot; to one's negative thoughts) and
      a variety of other stress-reducing techniques. The other half will be assigned to a control
      groups, which will no receive instruction in cognitive therapy or the other stress-reducing
      techniques. All subjects, both those in the training program and in the control group, will
      receive the usual care for hepatitis C that all patients in the Hepatology Clinic receive.
      All subjects will also be asked to participate in 6 testing visits over the course of the
      study. The first testing visit will last about 3 hours, which the others will last between 1
      1/2 and 2 hours. Subjects will alo be interviewed by telephone about their personal and
      family medical and psychiatric history. This will take about an hour.
    </textblock>
  </detailed_description>
  <overall_status>Active, not recruiting</overall_status>
  <start_date>July 2004</start_date>
  <completion_date type="Anticipated">December 2007</completion_date>
  <phase>N/A</phase>
  <study_type>Interventional</study_type>
  <study_design>Allocation: Randomized, Endpoint Classification: Efficacy Study, Intervention Model: Parallel Assignment, Masking: Open Label, Primary Purpose: Prevention</study_design>
  <primary_outcome>
    <measure>Patients in the experimental group will have less of an increase in their HAM-D score over the first 6 months of treatment; score on a depression rating scale at study visits 1-5.</measure>
    <time_frame>Two years</time_frame>
    <safety_issue>No</safety_issue>
  </primary_outcome>
  <secondary_outcome>
    <measure>Patients in the experimental group will have less of an increase in their PHQ-9 score over the first 6 months of treatment; score on a rating scale at study visits 1-5.</measure>
    <time_frame>Two years</time_frame>
    <safety_issue>No</safety_issue>
  </secondary_outcome>
  <secondary_outcome>
    <measure>Patients in the experimental group will have less of an increase in their BDI score over the first 6 months of treatment; score on a rating scale at study visits 1-5.</measure>
    <time_frame>Two years</time_frame>
    <safety_issue>No</safety_issue>
  </secondary_outcome>
  <secondary_outcome>
    <measure>Fewer patients in the experimental group will have developed a major depressive episode over the first 6 months of treatment; score on MDD module (MINI)at study visits 1-5.</measure>
    <time_frame>Two years</time_frame>
    <safety_issue>No</safety_issue>
  </secondary_outcome>
  <secondary_outcome>
    <measure>Patients in the experimental group will have less of a decline in their self-rated general health (item #1 of the SF-36) over the first 6 months of treatment.</measure>
    <time_frame>Two years</time_frame>
    <safety_issue>No</safety_issue>
  </secondary_outcome>
  <secondary_outcome>
    <measure>Patients in the experimental group will have less of an increase in self-rated irritability (item #6 of the BSI ) over the first 6 months of treatment.</measure>
    <time_frame>Two years</time_frame>
    <safety_issue>No</safety_issue>
  </secondary_outcome>
  <number_of_arms>1</number_of_arms>
  <enrollment type="Anticipated">90</enrollment>
  <condition>Hepatitis C</condition>
  <condition>Depression</condition>
  <intervention>
    <intervention_type>Behavioral</intervention_type>
    <intervention_name>Group Training</intervention_name>
    <description>Participants will be trained in techniques that are useful to cope with possible side effects of treatment, such as: keeping a journal (expressive writing), breathing exercises, cognitive behavioral therapy, mindfulness meditation, and exercise.</description>
  </intervention>
  <eligibility>
    <criteria>
      <textblock>
        Inclusion Criteria:

          -  Eligibility and interest in treatment for chronic HCV (Hepatitis C).

          -  Absence of co-infection of HIV or Hepatitis B.

          -  Age 25-68 years old.

          -  No treatment with IFN (interferon-alpha) in the past 6 months.

          -  Residence within a 3-hour drive of the clinic.

        Exclusion Criteria:

          -  Patients must be willing to undergo treatment with PEG-interferon and ribavirin. They
             must be aware of the side effects of treatment and be motivated to self-administer
             the medications and come to regularly scheduled appointments.

          -  Patients with diabetes mellitus must have good glycemic control. Their Hgb A1 c must
             be &lt;8.0%.

          -  Patients must not have an active malignancy.

          -  If patients have a history of severe psychiatric illness or are found to have one by
             screening with the CES-D, a psychiatrist must approve treatment. If the psychiatric
             problem is minor, it can be managed by the primary care physician or hepatitis C
             provider.

          -  Autoimmune disease, such as autoimmune hepatitis, systemic lupus erythematosis, or
             sarcoidosis, is a contraindication to treatment.

          -  Active alcohol or intravenous drug use is a contraindication to treatment.

          -  Patients with a seizure disorder muct be seizure-free for 6 months prior to
             treatment.

          -  Patients with a known history of coronary heart disease are excluded.

          -  Patients with complications of cirrhosis may not be treatment candidates. Those who
             have a platelet count of &lt;50,000, large esophageal varices (grade 3-4), uncontrolled
             ascites, or uncontrolled encephalopathy are excluded.

          -  Patients with severe mental retardation or dementia are excluded because of
             difficulty in self-administration of medication and in tolerating the side effects.

          -  The patient and partner much agree to observe strict contraception to avoid
             pregnancy, since the medication is fetotoxic up to 6 months after treatment
             completion.
      </textblock>
    </criteria>
    <gender>Both</gender>
    <minimum_age>25 Years</minimum_age>
    <maximum_age>68 Years</maximum_age>
    <healthy_volunteers>Accepts Healthy Volunteers</healthy_volunteers>
  </eligibility>
  <overall_official>
    <last_name>Stephen L. Stern, M.D.</last_name>
    <role>Principal Investigator</role>
    <affiliation>South Texas Veterans Hospital, Audie Murphy Division &amp; the University of Texas Health Science Center at San Antonio</affiliation>
  </overall_official>
  <location>
    <facility>
      <name>South Texas Veterans Healthcare System, Audie Murphy Division</name>
      <address>
        <city>San Antonio</city>
        <state>Texas</state>
        <zip>78229</zip>
        <country>United States</country>
      </address>
    </facility>
  </location>
  <location_countries>
    <country>United States</country>
  </location_countries>
  <reference>
    <citation>Akaike H. A new look at the statistical identification model. IEEE, Tranactions Auto Control 1974;19:716-23</citation>
  </reference>
  <reference>
    <citation>Alter MJ, Kruszon-Moran D, Nainan OV, McQuillan GM, Gao F, Moyer LA, Kaslow RA, Margolis HS. The prevalence of hepatitis C virus infection in the United States, 1988 through 1994. N Engl J Med. 1999 Aug 19;341(8):556-62.</citation>
    <PMID>10451460</PMID>
  </reference>
  <reference>
    <citation>American Psychiatric Association. Diagnostic and Statistical Manual of Mental Disorders, 4th Edition, Text Revision (DSM-IV-TR), Washington, DC, 2000.</citation>
  </reference>
  <reference>
    <citation>Capuron L, Gumnick JF, Musselman DL, Lawson DH, Reemsnyder A, Nemeroff CB, Miller AH. Neurobehavioral effects of interferon-alpha in cancer patients: phenomenology and paroxetine responsiveness of symptom dimensions. Neuropsychopharmacology. 2002 May;26(5):643-52.</citation>
    <PMID>11927189</PMID>
  </reference>
  <reference>
    <citation>Hauser P, Khosla J, Aurora H, Laurin J, Kling MA, Hill J, Gulati M, Thornton AJ, Schultz RL, Valentine AD, Meyers CA, Howell CD. A prospective study of the incidence and open-label treatment of interferon-induced major depressive disorder in patients with hepatitis C. Mol Psychiatry. 2002;7(9):942-7.</citation>
    <PMID>12399946</PMID>
  </reference>
  <reference>
    <citation>Manns MP, McHutchison JG, Gordon SC, Rustgi VK, Shiffman M, Reindollar R, Goodman ZD, Koury K, Ling M, Albrecht JK. Peginterferon alfa-2b plus ribavirin compared with interferon alfa-2b plus ribavirin for initial treatment of chronic hepatitis C: a randomised trial. Lancet. 2001 Sep 22;358(9286):958-65.</citation>
    <PMID>11583749</PMID>
  </reference>
  <reference>
    <citation>Pruessner JC, Wolf OT, Hellhammer DH, Buske-Kirschbaum A, von Auer K, Jobst S, Kaspers F, Kirschbaum C. Free cortisol levels after awakening: a reliable biological marker for the assessment of adrenocortical activity. Life Sci. 1997;61(26):2539-49.</citation>
    <PMID>9416776</PMID>
  </reference>
  <reference>
    <citation>Speca M, Carlson LE, Goodey E, Angen M. A randomized, wait-list controlled clinical trial: the effect of a mindfulness meditation-based stress reduction program on mood and symptoms of stress in cancer outpatients. Psychosom Med. 2000 Sep-Oct;62(5):613-22.</citation>
    <PMID>11020090</PMID>
  </reference>
  <reference>
    <citation>Smyth JM, Stone AA, Hurewitz A, Kaell A. Effects of writing about stressful experiences on symptom reduction in patients with asthma or rheumatoid arthritis: a randomized trial. JAMA. 1999 Apr 14;281(14):1304-9.</citation>
    <PMID>10208146</PMID>
  </reference>
  <reference>
    <citation>Teasdale JD, Scott J, Moore RG, Hayhurst H, Pope M, Paykel ES. How does cognitive therapy prevent relapse in residual depression? Evidence from a controlled trial. J Consult Clin Psychol. 2001 Jun;69(3):347-57.</citation>
    <PMID>11495165</PMID>
  </reference>
  <reference>
    <citation>Valentine AD, Meyers CA, Kling MA, Richelson E, Hauser P. Mood and cognitive side effects of interferon-alpha therapy. Semin Oncol. 1998 Feb;25(1 Suppl 1):39-47. Review.</citation>
    <PMID>9482539</PMID>
  </reference>
  <reference>
    <citation>Wichers M, Maes M. The psychoneuroimmuno-pathophysiology of cytokine-induced depression in humans. Int J Neuropsychopharmacol. 2002 Dec;5(4):375-88. Review.</citation>
    <PMID>12466036</PMID>
  </reference>
  <verification_date>December 2007</verification_date>
  <lastchanged_date>December 13, 2007</lastchanged_date>
  <firstreceived_date>July 2, 2007</firstreceived_date>
  <responsible_party>
    <name_title>Dr, Stephen L. Stern</name_title>
    <organization>Audie L. Murphy VA Hospital</organization>
  </responsible_party>
  <keyword>Hepatitis C</keyword>
  <keyword>HCV</keyword>
  <keyword>Depression</keyword>
  <keyword>Interferons</keyword>
  <keyword>Ribavirin</keyword>
  <is_fda_regulated>No</is_fda_regulated>
  <has_expanded_access>No</has_expanded_access>
  <condition_browse>
    <!-- CAUTION:  The following MeSH terms are assigned with an imperfect algorithm  -->
    <mesh_term>Hepatitis C</mesh_term>
  </condition_browse>
  <!-- Results have not yet been posted for this study                                -->
</clinical_study>
