<?xml version="1.0" encoding="UTF-8"?>
<clinical_study rank="129">
  <!-- This xml conforms to an XML Schema at:
    https://clinicaltrials.gov/ct2/html/images/info/public.xsd
 and an XML DTD at:
    https://clinicaltrials.gov/ct2/html/images/info/public.dtd -->
  <required_header>
    <download_date>ClinicalTrials.gov processed this data on December 13, 2015</download_date>
    <link_text>Link to the current ClinicalTrials.gov record.</link_text>
    <url>https://clinicaltrials.gov/show/NCT00724061</url>
  </required_header>
  <id_info>
    <org_study_id>NU 07H4</org_study_id>
    <secondary_id>P30CA060553</secondary_id>
    <secondary_id>NU 07H4</secondary_id>
    <secondary_id>SPRI-NU-07H4</secondary_id>
    <secondary_id>STU00002993</secondary_id>
    <nct_id>NCT00724061</nct_id>
  </id_info>
  <brief_title>Study of Pegylated Interferon-Alfa 2b in Combination With PUVA Therapy In CTCL</brief_title>
  <official_title>Pilot Study of Pegylated Interferon-Alfa 2b in Combination With PUVA Therapy in Cutaneous T-Cell Lymphoma</official_title>
  <sponsors>
    <lead_sponsor>
      <agency>Northwestern University</agency>
      <agency_class>Other</agency_class>
    </lead_sponsor>
    <collaborator>
      <agency>National Cancer Institute (NCI)</agency>
      <agency_class>NIH</agency_class>
    </collaborator>
  </sponsors>
  <source>Northwestern University</source>
  <oversight_info>
    <authority>United States: Food and Drug Administration</authority>
    <has_dmc>Yes</has_dmc>
  </oversight_info>
  <brief_summary>
    <textblock>
      RATIONALE: PEG-interferon alfa-2b may interfere with the growth of cancer cells and slow the
      growth of mycosis fungoides/Sezary syndrome. Ultraviolet light therapy uses a drug, such as
      psoralen, that is absorbed by cancer cells. The drug becomes active when it is exposed to
      ultraviolet light. When the drug is active, cancer cells are killed. Giving PEG-interferon
      alfa-2b together with ultraviolet light therapy may kill more cancer cell.

      PURPOSE: This is a pilot study of dose-escalating pegylated IFN-α-2b and PUVA or NB-UVB. The
      purpose is to study the side effects and best dose of PEG-interferon alfa-2b to be given
      together with ultraviolet light therapy in patients with stage IB, stage II, stage III, or
      stage IVA mycosis fungoides/Sezary syndrome (CTCL).
    </textblock>
  </brief_summary>
  <detailed_description>
    <textblock>
      Patients receive PEG-interferon alfa-2b subcutaneously once weekly for 12 months in the
      absence of disease progression or unacceptable toxicity. Patients also receive UV light
      therapy (either PUVA or NB-UVB).

      Health-related quality of life is assessed periodically using the FACT-BRM, FACT-G, and
      FACT-CTCL questionnaires.

      After completion of study therapy, patients are followed for 1 year.
    </textblock>
  </detailed_description>
  <overall_status>Terminated</overall_status>
  <why_stopped>
    Closed early due to poor accrual.
  </why_stopped>
  <start_date>September 2008</start_date>
  <completion_date type="Actual">December 2011</completion_date>
  <primary_completion_date type="Actual">June 2011</primary_completion_date>
  <phase>N/A</phase>
  <study_type>Interventional</study_type>
  <study_design>Endpoint Classification: Safety/Efficacy Study, Intervention Model: Single Group Assignment, Masking: Open Label, Primary Purpose: Treatment</study_design>
  <primary_outcome>
    <measure>Number of Dose Limiting Toxicities (DLTs) Observed During Dose Escalation of PEG-IFN-α-2b</measure>
    <time_frame>From the date that the first patient began treatment until the last patient completed the dose escalation phase (up to 12 weeks per patient)</time_frame>
    <safety_issue>Yes</safety_issue>
    <description>Adverse events are graded according to the National Cancer Institute's Common Toxicity Criteria (CTCAE) version 3.0. In general, grades are assigned as follows:
Grade 1 Mild AE Grade 2 Moderate AE Grade 3 Severe AE Grade 4 Life-threatening or disabling AE Grade 5 Death related to AE
A dose limiting toxicity (DLT) will be defined as any grade 3 or higher hematologic toxicity or any grade 4 non-hematologic toxicity.</description>
  </primary_outcome>
  <primary_outcome>
    <measure>Change in Total Health-related Quality of Life Score Using the Functional Assessment of Cancer Therapy - Biologic Response Modifier (FACT-BRM)</measure>
    <time_frame>From the date that the first patient was registerd until the last patient came off treatment (score assessed at baseline, every 2 weeks during dose escalation, and then monthly during maintenance therapy for each patient)</time_frame>
    <safety_issue>No</safety_issue>
    <description>The FACT-BRM is a patient self-report tool to assess health-related quality of life measures.</description>
  </primary_outcome>
  <secondary_outcome>
    <measure>Number of Patients Exhibiting a Complete Response</measure>
    <time_frame>From the date the first patient begins treatement until the last patient achieves complete response (response was assessed every 4 weeks)</time_frame>
    <safety_issue>No</safety_issue>
    <description>Response was assessed according to the Composite Assessment of Index Lesion Disease Severity. Clinical signs are graded on scales of 0 to 8 (0 being no evidence of disease and 8 being the near worst severity of sign/symptom). The CA response is calculated as the ratio of the sum of the grades for all clinical signs plus the surface areas for all index lesions at each visit compared to the sum of these grades at baseline. The CA also considers all other cutaneous lesions and any extra-cutaneous manifestations of disease.
CR requires a CA ratio of 0 (zero) with no evidence of new disease (abnormal or pathologically positive lymph nodes, cutaneous or other tumor manifestations, visceral disease) present over 4 weeks. Patients with Sézary Syndrome must have no evidence of circulating Sézary cells (&lt; 5% Sézary cells are considered to be not significant). Skin biopsy is required for documentation of CR.</description>
  </secondary_outcome>
  <secondary_outcome>
    <measure>To Evaluate the Duration of Response</measure>
    <time_frame>At each study visit</time_frame>
    <safety_issue>Yes</safety_issue>
    <description>To evaluate duration of response related to combined pegylated IFN-α-2b plus PUVA or NB-UVB therapy.</description>
  </secondary_outcome>
  <other_outcome>
    <measure>Change in Activation Status of Key Signaling Molecules Between Baseline and After 2 Weeks of Treatment</measure>
    <time_frame>At baseline and after 2 weeks of treatment (for those patients who consented to this portion)</time_frame>
    <safety_issue>No</safety_issue>
    <description>The activation status of key signaling molecules affecting the PI3K and JAK/STAT pathways was to be analyzed in samples of skin and blood taken at baseline and after 2 weeks of treatment. Participation in this exploratory component of the trial was optional for patients.</description>
  </other_outcome>
  <other_outcome>
    <measure>Correlation of Response With Infiltration of Skin Lesions With Dendritic Cells, Cytotoxic CD8+ T-cells, and NK-cells</measure>
    <time_frame>Baseline, 24 hours post-1st dose in the dose escalation phase, and 24 hours post-1st dose in the maintenance therapy phase</time_frame>
    <safety_issue>No</safety_issue>
  </other_outcome>
  <number_of_arms>1</number_of_arms>
  <enrollment type="Actual">7</enrollment>
  <condition>Lymphoma</condition>
  <arm_group>
    <arm_group_label>PEG-IFN-α-2b + UV therapy</arm_group_label>
    <arm_group_type>Experimental</arm_group_type>
    <description>Pegylated interferon α-2b in combination with UV therapy (either PUVA or NB-UVB).</description>
  </arm_group>
  <intervention>
    <intervention_type>Biological</intervention_type>
    <intervention_name>Pegylated interferon α-2b</intervention_name>
    <description>PEG-IFN-α-2b will be administered subcutaneously once a week. The starting dose of PEG-IFN-α-2b will be 1.5μg/kg. Each patient will undergo dose escalation to 3, 4.5, 6, 7.5, and up to 9μg/kg every 2 weeks or to maximum tolerated dose will be allowed. If no dose limiting toxicity (DLT) is observed, the maximum dose reached will be expanded. Once this dose has been given weekly for 2 weeks with no DLT, therapy will continue at this dose for up to 1 year depending on response.</description>
    <arm_group_label>PEG-IFN-α-2b + UV therapy</arm_group_label>
    <other_name>PEG-Interferon alfa-2b</other_name>
    <other_name>PEG-IFN-α-2b</other_name>
    <other_name>PEG-Intron</other_name>
  </intervention>
  <intervention>
    <intervention_type>Other</intervention_type>
    <intervention_name>Psoralens with ultraviolet light A</intervention_name>
    <description>Oral psoralen (8-methoxypsoralen, 0.6-1.0 mg/kg) will be taken 1.5 to 2 hours prior to UVA treatment. The initial UVA dosage will be approximately 0.5 to 1.5 J/cm2, and will be increased in increments as determined by skin type and tolerability. PUVA therapy will be given 2-3 times per week until complete remission (CR) is achieved. Afterwards, additional maintenance therapy will be given with a gradual reduction from once a week to every 4-6 weeks up to 1 year after CR was achieved.</description>
    <arm_group_label>PEG-IFN-α-2b + UV therapy</arm_group_label>
    <other_name>PUVA</other_name>
  </intervention>
  <intervention>
    <intervention_type>Other</intervention_type>
    <intervention_name>Narrowband-ultraviolet light B</intervention_name>
    <description>The initial NB-UVB dose will be 70% of the patient's MED and approximately 0.2 J/cm2 and will be increased by 15% of each subsequent treatment as determined by skin type and/or tolerability. Therapy will be given 3 times per week until complete remission (CR) is achieved. Additional maintenance therapy will be administered while gradually reducing NB-UVB from thrice weekly to once a week. All patients will continue maintenance NB-UVB therapy until 1 year after they have achieved CR.</description>
    <arm_group_label>PEG-IFN-α-2b + UV therapy</arm_group_label>
    <other_name>NB-UVB</other_name>
  </intervention>
  <eligibility>
    <criteria>
      <textblock>
        DISEASE CHARACTERISTICS:

          -  Histologically confirmed mycosis fungoides/Sezary syndrome

               -  Stage IB-IVA disease

               -  Erythrodermic disease allowed

          -  Measurable disease

               -  One or more indicatory lesions must be designated prior to study entry

        PATIENT CHARACTERISTICS:

          -  ECOG/WHO performance status 0-1

          -  Life expectancy ≥ 3 months

          -  Absolute neutrophil count ≥ 1,500/mm³

          -  Platelet count ≥ 75,000/mm³

          -  WBC ≥ 3,000/mm³

          -  Serum creatinine ≤ 2.0 mg/dL

          -  Total serum bilirubin ≤ 2.2 mg/dL

          -  Serum AST and ALT ≤ 2 times upper limit of normal

          -  Not pregnant or nursing

          -  Negative pregnancy test

          -  Fertile patients must use effective contraception

          -  Patients must be disease free of prior malignancies for ≥ 5 years except currently
             treated squamous cell or basal cell carcinoma of the skin, carcinoma in situ of the
             cervix, or surgically removed melanoma in situ of the skin (stage 0), with
             histologically confirmed free margins of excision

          -  No history of seizure disorder or severe heart disease

          -  No acute infections

          -  Diagnosed depression allowed with receiving appropriate care for depression

        PRIOR CONCURRENT THERAPY:

          -  No prior psoralens with ultraviolet light A or interferon alfa therapy

          -  More than 4 weeks since prior topical therapy, systemic chemotherapy, or biologic
             therapy

          -  More than 4 weeks since prior surgery and fully recovered

          -  At least 1 week since prior antibiotics

          -  No other concurrent standard or investigational topical and systemic antipsoriatic or
             anticancer therapies including radiation, steroids, retinoids, nitrogen mustard,
             thalidomide, or other investigational agents

          -  No concurrent topical agents except emollients
      </textblock>
    </criteria>
    <gender>Both</gender>
    <minimum_age>18 Years</minimum_age>
    <maximum_age>N/A</maximum_age>
    <healthy_volunteers>No</healthy_volunteers>
  </eligibility>
  <overall_official>
    <last_name>Timothy M. Kuzel, MD</last_name>
    <role>Principal Investigator</role>
    <affiliation>Robert H. Lurie Cancer Center</affiliation>
  </overall_official>
  <location>
    <facility>
      <name>Robert H. Lurie Comprehensive Cancer Center at Northwestern University</name>
      <address>
        <city>Chicago</city>
        <state>Illinois</state>
        <zip>60611-3013</zip>
        <country>United States</country>
      </address>
    </facility>
  </location>
  <location_countries>
    <country>United States</country>
  </location_countries>
  <verification_date>November 2013</verification_date>
  <lastchanged_date>November 25, 2013</lastchanged_date>
  <firstreceived_date>July 26, 2008</firstreceived_date>
  <firstreceived_results_date>November 25, 2013</firstreceived_results_date>
  <responsible_party>
    <responsible_party_type>Sponsor</responsible_party_type>
  </responsible_party>
  <keyword>recurrent mycosis fungoides/Sezary syndrome</keyword>
  <keyword>stage I mycosis fungoides/Sezary syndrome</keyword>
  <keyword>stage II mycosis fungoides/Sezary syndrome</keyword>
  <keyword>stage III mycosis fungoides/Sezary syndrome</keyword>
  <keyword>stage IV mycosis fungoides/Sezary syndrome</keyword>
  <keyword>recurrent cutaneous T-cell non-Hodgkin lymphoma</keyword>
  <keyword>stage I cutaneous T-cell non-Hodgkin lymphoma</keyword>
  <keyword>stage II cutaneous T-cell non-Hodgkin lymphoma</keyword>
  <keyword>stage III cutaneous T-cell non-Hodgkin lymphoma</keyword>
  <keyword>stage IV cutaneous T-cell non-Hodgkin lymphoma</keyword>
  <is_fda_regulated>Yes</is_fda_regulated>
  <is_section_801>No</is_section_801>
  <has_expanded_access>No</has_expanded_access>
  <condition_browse>
    <!-- CAUTION:  The following MeSH terms are assigned with an imperfect algorithm  -->
    <mesh_term>Lymphoma</mesh_term>
  </condition_browse>
  <intervention_browse>
    <!-- CAUTION:  The following MeSH terms are assigned with an imperfect algorithm  -->
    <mesh_term>Interferon-alpha</mesh_term>
    <mesh_term>Interferons</mesh_term>
    <mesh_term>Peginterferon alfa-2b</mesh_term>
  </intervention_browse>
  <!-- Results are available for this study                                           -->
</clinical_study>
