<?xml version="1.0" encoding="UTF-8"?>
<clinical_study rank="235">
  <!-- This xml conforms to an XML Schema at:
    https://clinicaltrials.gov/ct2/html/images/info/public.xsd
 and an XML DTD at:
    https://clinicaltrials.gov/ct2/html/images/info/public.dtd -->
  <required_header>
    <download_date>ClinicalTrials.gov processed this data on December 13, 2015</download_date>
    <link_text>Link to the current ClinicalTrials.gov record.</link_text>
    <url>https://clinicaltrials.gov/show/NCT00323505</url>
  </required_header>
  <id_info>
    <org_study_id>1871</org_study_id>
    <nct_id>NCT00323505</nct_id>
  </id_info>
  <brief_title>A Phase II Trial Comparing the Quality of Life, Tolerability and Toxicity of PEG Intron With INTRON® A in Patients With Multiple Myeloma</brief_title>
  <sponsors>
    <lead_sponsor>
      <agency>Royal Marsden NHS Foundation Trust</agency>
      <agency_class>Other</agency_class>
    </lead_sponsor>
  </sponsors>
  <source>Royal Marsden NHS Foundation Trust</source>
  <oversight_info>
    <authority>United Kingdom: Research Ethics Committee</authority>
  </oversight_info>
  <brief_summary>
    <textblock>
      Multiple myeloma is a rare form of malignancy in which neoplastic plasma cells accumulate in
      the bone marrow. Most malignant plasma cells continue to produce immunoglobulin. The
      activity of multiple myeloma can therefore usually be monitored easily by serial measurement
      of the serum paraprotein levels. Except for a few patients who receive a donor bone marrow
      transplant, multiple myeloma remains incurable despite intensive chemotherapy. Its course is
      typically marked by periods of active disease alternating with increasingly shorter
      remissions.

      Interferons are substances produced in human cells in response to a variety of stimuli, such
      as viral infection. When given to myeloma patients as part of maintenance treatment ,
      interferon-alpha 2 b (INTRONA) has been shown to be of value in prolonging the periods of
      remission. Until now, INTRONA could only be given as injections under the skin, three times
      a week. Some patients experience flu-like symptoms with each injection, particularly early
      on during maintenance therapy. This, as well as the chronic fatigue and even depression that
      INTRONA can induce may considerably reduce the quality of life of myeloma patients on
      interferon, so much so that sometimes this useful adjunct to chemotherapy for myeloma has to
      be stopped.

      Recently, a new preparation of interferon namely pegylated interferon (PEG Intron) has
      become available. It has the advantage of being broken down much more slowly by the body and
      therefore only needs to be given once a week. This minimises the swings in blood interferon
      levels that may be responsible for some of the interferon side effects. The safety and
      superior tolerability of PEG Intron has already been demonstrated in patients with hepatitis
      C for which it now carries a licence, but not in myeloma patients. Here, we propose to study
      whether the quality of life and side effect profile of myeloma patients on PEG Intron is
      better compared to that of Intron®A.

      In the main study, consenting eligible myeloma patients who are well and have been
      established on INTRONA maintenance therapy for at least six weeks will be randomly
      allocated to receive PEG Intron for three months followed by INTRONA for 3 months, or to
      continue with INTRONA for 3 months followed by PEG Intron for 3 months. All patients will
      be monitored regularly for any side effects and will be asked to fill in a quality of life
      questionnaire at the beginning (i.e. before receiving the first randomised treatment) and at
      the end of each study period (i.e. at 3 and 6 months). Initially, we are aiming at enrolling
      60 patients into this part of the study.

      In a smaller sub-study involving only 14 patients initially, we are proposing to investigate
      whether myeloma patients who need to be taken off Intron®A because of its side effects can
      tolerate PEG Intron more easily. Should their tolerance of PEG Intron also be poor we would
      stop the interferon maintenance therapy altogether. However, should PEG Intron be found to
      be acceptable to them, we intend to switch these patients back to the standard treatment at
      the end of six weeks treatment with PEG Intron to assess whether they have become more
      tolerant of Intron®A in the intervening period. Patients will again be monitored carefully
      for any side effects and will be asked to fill in three quality of life questionnaires (at
      0, 6 and 12 weeks).
    </textblock>
  </brief_summary>
  <overall_status>Completed</overall_status>
  <start_date>March 2001</start_date>
  <completion_date>December 2004</completion_date>
  <phase>Phase 2</phase>
  <study_type>Interventional</study_type>
  <study_design>Allocation: Randomized, Intervention Model: Crossover Assignment, Masking: Open Label</study_design>
  <condition>Multiple Myeloma</condition>
  <intervention>
    <intervention_type>Drug</intervention_type>
    <intervention_name>Pegylated Interferon</intervention_name>
  </intervention>
  <intervention>
    <intervention_type>Drug</intervention_type>
    <intervention_name>Interferon-alpha2a</intervention_name>
  </intervention>
  <eligibility>
    <criteria>
      <textblock>
        Inclusion Criteria:

          1. Patients  18 years of age with a definite diagnosis of multiple myeloma.

          2. Patients have been on a steady dose of INTRON®A for at least 6 weeks and have
             tolerated it (randomized study only), or patients who within six weeks of starting
             INTRON®A become intolerant (tolerability sub-study only)

          3. Informed consent obtained

        Exclusion Criteria:

        - a) Patients with refractory Multiple Myeloma. b) Treatment with any investigational drug
        within 30 days of entry to this protocol.

        c) Subjects who are pregnant, nursing, or of reproductive potential and who are not
        practising an effective means of contraception.
      </textblock>
    </criteria>
    <gender>Both</gender>
    <minimum_age>18 Years</minimum_age>
    <maximum_age>N/A</maximum_age>
    <healthy_volunteers>No</healthy_volunteers>
  </eligibility>
  <overall_official>
    <last_name>Ray Powles, FRCP, FRCpath</last_name>
    <role>Principal Investigator</role>
    <affiliation>Royal Marsden NHS Foundation Trust</affiliation>
  </overall_official>
  <location>
    <facility>
      <name>Royal Marsden NHS trust</name>
      <address>
        <city>Sutton</city>
        <state>Surrey</state>
        <zip>SM2 5PT</zip>
        <country>United Kingdom</country>
      </address>
    </facility>
  </location>
  <location_countries>
    <country>United Kingdom</country>
  </location_countries>
  <verification_date>May 2006</verification_date>
  <lastchanged_date>May 8, 2006</lastchanged_date>
  <firstreceived_date>May 8, 2006</firstreceived_date>
  <has_expanded_access>No</has_expanded_access>
  <condition_browse>
    <!-- CAUTION:  The following MeSH terms are assigned with an imperfect algorithm  -->
    <mesh_term>Multiple Myeloma</mesh_term>
    <mesh_term>Neoplasms, Plasma Cell</mesh_term>
  </condition_browse>
  <intervention_browse>
    <!-- CAUTION:  The following MeSH terms are assigned with an imperfect algorithm  -->
    <mesh_term>Interferon-alpha</mesh_term>
    <mesh_term>Interferons</mesh_term>
  </intervention_browse>
  <!-- Results have not yet been posted for this study                                -->
</clinical_study>
