<?xml version="1.0" encoding="UTF-8"?>
<clinical_study rank="103">
  <!-- This xml conforms to an XML Schema at:
    https://clinicaltrials.gov/ct2/html/images/info/public.xsd
 and an XML DTD at:
    https://clinicaltrials.gov/ct2/html/images/info/public.dtd -->
  <required_header>
    <download_date>ClinicalTrials.gov processed this data on December 13, 2015</download_date>
    <link_text>Link to the current ClinicalTrials.gov record.</link_text>
    <url>https://clinicaltrials.gov/show/NCT00351871</url>
  </required_header>
  <id_info>
    <org_study_id>P03851</org_study_id>
    <nct_id>NCT00351871</nct_id>
  </id_info>
  <brief_title>Influence of Marker of Insulin Resistance Upon Hepatitis C Virus (HCV) Treatment Responses to PEG Intron and Rebetol Therapy</brief_title>
  <official_title>Influence of Marker of Insulin Resistance Upon HCV Treatment Responses to PEG Intron and Rebetol Therapy</official_title>
  <sponsors>
    <lead_sponsor>
      <agency>Louisiana State University Health Sciences Center in New Orleans</agency>
      <agency_class>Other</agency_class>
    </lead_sponsor>
    <collaborator>
      <agency>Schering-Plough</agency>
      <agency_class>Industry</agency_class>
    </collaborator>
  </sponsors>
  <source>Louisiana State University Health Sciences Center in New Orleans</source>
  <oversight_info>
    <authority>United States: Institutional Review Board</authority>
  </oversight_info>
  <brief_summary>
    <textblock>
      The objective of this study is to better understand the influence of insulin resistance upon
      treatment response in hepatitis C virus treated with PEG Intron and Rebetol.
    </textblock>
  </brief_summary>
  <detailed_description>
    <textblock>
      The relationship between HCV and IR is an evolving one. This study will allow a more formal
      evaluation of this relationship. Four hundred patients will be treated using weight based
      Peg Intron and Rebetol. Clinical and biochemical data related to IR will be collected to
      determine if any such factors can predict who will have a sustained virological response. To
      evaluate patients for insulin resistance, the HOMA score (the product of the fasting insulin
      level and blood glucose level), waist circumference, and body mass index will be measured.
    </textblock>
  </detailed_description>
  <overall_status>Completed</overall_status>
  <start_date>April 2002</start_date>
  <completion_date type="Actual">November 2007</completion_date>
  <primary_completion_date type="Actual">November 2007</primary_completion_date>
  <phase>Phase 4</phase>
  <study_type>Interventional</study_type>
  <study_design>Allocation: Non-Randomized, Endpoint Classification: Safety/Efficacy Study, Intervention Model: Single Group Assignment, Masking: Open Label, Primary Purpose: Treatment</study_design>
  <primary_outcome>
    <measure>Difference in treatment response rates between those with insulin resistance those without.</measure>
  </primary_outcome>
  <secondary_outcome>
    <measure>Which marker of Insulin Resistance (i.e. the HOMA score, Waste Circumference or BMI) is the best measure for risk of hypo responsiveness.</measure>
  </secondary_outcome>
  <number_of_arms>1</number_of_arms>
  <enrollment type="Actual">400</enrollment>
  <condition>Chronic Hepatitis C</condition>
  <intervention>
    <intervention_type>Drug</intervention_type>
    <intervention_name>PEG-Intron Plus REBETOL</intervention_name>
  </intervention>
  <eligibility>
    <criteria>
      <textblock>
        Inclusion Criteria:

          -  Evidence of chronic hepatitis C infection (viremia) by RT-PCR superquantitative

          -  HCV Genotype 1

          -  Liver biopsy within 36 months of enrollment consistent with chronic hepatitis

          -  Compensated liver disease with laboratory parameters at entry visit as follows:

               -  Hemoglobin values of &gt; 12 gm/dL

               -  WBC &gt; 2,500/mm3

               -  Neutrophil count &gt; 1,000/mm3

               -  Platelets &gt; 100,000/mm3

               -  Prothrombin time &lt; 2 seconds prolonged compared to control, or equivalent INR
                  ratio

          -  Bilirubin within 20% of the upper limit of normal unless non-hepatitis related
             factors exists such as Gilbert's syndrome.

          -  Albumin &gt; 3.0 g/dL

          -  Serum creatinine &lt; 1.4 mg/dL

          -  Normal thyroid stimulating hormone (TSH) or thyroid disease clinically controlled

          -  Antinuclear antibodies (ANA)&lt; 1:160

          -  FBS &lt; 126 mg/dl

          -  No significant co-existing psychiatric disease

          -  Free from substance abuse for past 2 years

        Exclusion Criteria:

          -  Previous treatment for HCV.

          -  Evidence of being HIV positive.

          -  Hypersensitivity to alpha interferon, Peg Intron or Rebetol.

          -  Any other causes for chronic liver disease other than chronic hepatitis C besides
             obesity.

          -  Hemoglobinopathies (e.g., Thalassemia) or any other cause of hemolytic anemia.

          -  Evidence of advanced liver disease such as a history of or presence of ascites,
             bleeding varices, or hepatic encephalopathy.

          -  Preexisting medical condition that could interfere with the patient's participation
             in the protocol including: CNS trauma or active seizure disorders requiring
             medication; diabetes mellitus; serious pulmonary disease; immunologically mediated
             diseases; gout attack within 12 months; or any medical condition requiring, or likely
             to require during the course of the study, chronic systemic administration of
             steroids.

          -  Patients with evidence of ischemia on stress testing, an arrhythmia, cardiac failure,
             coronary surgery, uncontrolled hypertension, angina or a myocardial infarction within
             12 months.

          -  Patients with a history of organ transplantation will be excluded.

          -  Patients taking insulin sensitizing drugs.
      </textblock>
    </criteria>
    <gender>Both</gender>
    <minimum_age>18 Years</minimum_age>
    <maximum_age>70 Years</maximum_age>
    <healthy_volunteers>No</healthy_volunteers>
  </eligibility>
  <overall_official>
    <last_name>William M. Cassidy, M.D.</last_name>
    <role>Principal Investigator</role>
    <affiliation>Louisiana State University Health Sciences Center</affiliation>
  </overall_official>
  <verification_date>February 2009</verification_date>
  <lastchanged_date>February 3, 2009</lastchanged_date>
  <firstreceived_date>July 12, 2006</firstreceived_date>
  <keyword>HCV</keyword>
  <has_expanded_access>No</has_expanded_access>
  <condition_browse>
    <!-- CAUTION:  The following MeSH terms are assigned with an imperfect algorithm  -->
    <mesh_term>Hepatitis</mesh_term>
    <mesh_term>Hepatitis C</mesh_term>
    <mesh_term>Hepatitis C, Chronic</mesh_term>
    <mesh_term>Hepatitis, Chronic</mesh_term>
    <mesh_term>Insulin Resistance</mesh_term>
  </condition_browse>
  <intervention_browse>
    <!-- CAUTION:  The following MeSH terms are assigned with an imperfect algorithm  -->
    <mesh_term>Peginterferon alfa-2b</mesh_term>
    <mesh_term>Ribavirin</mesh_term>
  </intervention_browse>
  <!-- Results have not yet been posted for this study                                -->
</clinical_study>
