<?xml version="1.0" encoding="UTF-8"?>
<clinical_study rank="283">
  <!-- This xml conforms to an XML Schema at:
    https://clinicaltrials.gov/ct2/html/images/info/public.xsd
 and an XML DTD at:
    https://clinicaltrials.gov/ct2/html/images/info/public.dtd -->
  <required_header>
    <download_date>ClinicalTrials.gov processed this data on December 13, 2015</download_date>
    <link_text>Link to the current ClinicalTrials.gov record.</link_text>
    <url>https://clinicaltrials.gov/show/NCT00001854</url>
  </required_header>
  <id_info>
    <org_study_id>990042</org_study_id>
    <secondary_id>99-DK-0042</secondary_id>
    <nct_id>NCT00001854</nct_id>
  </id_info>
  <brief_title>Long-Term Therapy With Ribavirin for Chronic Hepatitis C</brief_title>
  <official_title>Long-Term Therapy With Ribavirin for Chronic Hepatitis C</official_title>
  <sponsors>
    <lead_sponsor>
      <agency>National Institute of Diabetes and Digestive and Kidney Diseases (NIDDK)</agency>
      <agency_class>NIH</agency_class>
    </lead_sponsor>
  </sponsors>
  <source>National Institutes of Health Clinical Center (CC)</source>
  <oversight_info>
    <authority>United States: Federal Government</authority>
  </oversight_info>
  <brief_summary>
    <textblock>
      Chronic hepatitis C is a disease of the liver caused by the hepatitis C virus. The disease
      can be serious and even fatal. Approximately 25% of patients with chronic hepatitis C will
      develop cirrhosis and some of these patients will develop cancer of the liver or liver
      failure.

      Presently the disease is treated with a combination of alpha interferon or peginterferon
      (antiviral and immune stimulating drugs) and ribavirin (an antiviral drug). Alpha interferon
      is given by injection three times a week whereas peginterferon is given by injection only
      once a week. Ribavirin is given as a tablet by mouth twice a day. The combination therapy is
      given for 6 to months. About half of the patients given these medications will receive a
      lasting benefit and many patients do not respond well to the combination therapy.

      This study will select up to 50 patients will chronic hepatitis C who have not responded to
      combination therapy or who could not stand the side effects associated with interferon or
      peginterferon therapy. These subjects will be evaluated and undergo liver biopsy to
      determine their present liver condition. If selected as subjects they will be started on
      single drug therapy with ribavirin. The drug will be given orally twice a day at a dose
      based on the patient's body weight.

      The patients will be followed on an out-patient basis. They will we asked to return for
      regular check-ups and blood tests every 2 to 8 weeks for the duration of the study. After 6
      months, the medication will be stopped or adjusted based on the results of the subject's
      blood tests (liver enzymes). A response is considered if a decrease of 50% or more of the
      initial liver enzyme (alanine aminotransferase, ALT) is noted. A complete response will be
      considered if liver enzymes return to normal levels.

      Therapy will be discontinued after 6 months if patients do not respond. However, patients
      that respond to the single drug therapy will continue to receive the medication at a
      decreased dose. The patients will remain on an appropriate dose for up to 8 years with
      repeat liver biopsies at 2, 4 and 8 years to assess progress.

      This study will determine if long-term therapy with ribavirin is safe and effective.
    </textblock>
  </brief_summary>
  <detailed_description>
    <textblock>
      Up to 50 patients with chronic hepatitis C will be treated for up to eight years with
      ribavirin, an orally administered antiviral agent. Patients will be chosen who have moderate
      to severe chronic hepatitis C who previously failed to have a sustained virological response
      to the combination of alpha interferon and ribavirin or who were intolerant to interferon
      therapy or who have significant contraindications to the use of interferon.

      After medical evaluation and liver biopsy, patients will begin receiving ribavirin in a dose
      of 1000 mg (body weight less than 75 K) or 1200 mg daily (two or three capsules of 200 mg
      twice daily by mouth). Patients will be followed on therapy with visits to the outpatient
      clinic for medical interview, physical examinations and blood tests at 2 to 8 week
      intervals. After six months, the dose of ribavirin will be stopped or adjusted based upon
      changes in alanine aminotransferase (ALT) levels comparing the average of the three values
      from month 2, 4, and 6 to the baseline levels. A decrease by 50% or more will be considered
      a partial biomedical response and a decrease to within the normal range will be considered a
      complete biochemical response. In patients who do not respond by six months, therapy will be
      stopped, whereas, in patients who respond, therapy will be continued decreasing the dose in
      increments of 200 mg per day every 6 months as long as a biochemical response is maintained.
      The minimal dose will be 400 mg per day. In patients with a response, therapy will be
      continued for up to 8 years with repeat liver biopsies and evaluations at 2, 4 and 8 years.

      The primary criterion for success of therapy will be the degree of histologic improvement on
      liver biopsy at 2, 4 and 8 years; supportive, secondary criteria will be improvements in ALT
      levels and in symptoms done at the same time points. This open-label pilot study will allow
      for therapy of patients with resistant forms of chronic hepatitis C and will address whether
      long-term therapy with this agent is safe, as well as whether prolonged monotherapy with
      ribavirin leads to sustained improvements in serum ALT levels, whether these can be
      maintained using lower doses of ribavirin, and whether the improvements reflect amelioration
      of the underlying liver disease as judged histologically.
    </textblock>
  </detailed_description>
  <overall_status>Completed</overall_status>
  <start_date>February 1999</start_date>
  <completion_date type="Actual">January 2008</completion_date>
  <primary_completion_date type="Actual">October 2007</primary_completion_date>
  <phase>Phase 4</phase>
  <study_type>Interventional</study_type>
  <study_design>Primary Purpose: Treatment</study_design>
  <enrollment>50</enrollment>
  <condition>Chronic Hepatitis C</condition>
  <intervention>
    <intervention_type>Drug</intervention_type>
    <intervention_name>Ribavirin</intervention_name>
  </intervention>
  <eligibility>
    <criteria>
      <textblock>
        -  INCLUSION CRITERIA:

        Age above 18 years, male or female.

        Elevated alanine (ALT) or asparate (AST) aminotransferase activities averaging at least
        twice the upper limit of normal on three determinations taken at least one month apart
        during the previous 6 months. The mean of these three determinations will be defined as
        &quot;baseline&quot; ALT and AST levels.

        Presence of anti-HCV and HCV RNA in serum tested at least once during the previous six
        months.

        Evidence of chronic hepatitis on liver biopsy done within the previous 12 months with a
        histology activity index of at least 6 (out of a maximum of 22).

        Contraindications to the use of alpha interferon, either in the form of specific
        contraindications to its use (depression, psychiatric illness, neurological impairment,
        severe thrombocytopenia, autoimmune disease), or the history of severe side effects or
        intolerance during a previous course of alpha interferon, or lack of a sustained
        virological (sustained lost of HCV RNA from serum for more than six months after stopping
        treatment) response to an adequate course (6 months) of the combination of alpha
        interferon and ribavirin or (after September 1, 2003) the combination of peginterferon and
        ribavirin.

        Written informed consent.

        INCLUSION CRITERIA FOR PATIENTS IN 98-DK-0003:

        An important group of patients who were enrolled in the current study, were patients who
        participated in the Clinical Research Protocol 98-DK-0003 (Combination of alpha interferon
        with long-term ribavirin for patients with chronic hepatitis C) and who did not have a
        sustained virological response to this treatment. These patients were eligible to enroll
        into the current study once they had finished the therapy and follow up period in that
        trial. These patients fit the inclusion criteria listed above with one exception: some
        patients were receiving ribavirin monotherapy as a part of their participation in
        98-DK-0003. These patients were eligible to be immediately enrolled into this study
        without a medication-free period in between.

        EXCLUSION CRITERIA:

        Pregancy or, in women of childbearing potential, inability to practice adequate
        contraception. Men with spouses or sexual partners of childbearing potential also be
        excluded if they are unable to practice adequate contraception.

        Significant systemic illnesses other than liver disease, including a history of congestive
        heart failure, cerebral vascular disease, renal failure (creatinine clearance less than 50
        ml/min), and angina pectoris.

        Patients with an abnormal stress test or carotid untrasound will not be enrolled into this
        study.

        Pre-existing anemia (hematocrit less than 32%) or known history of hemolytic anemia.

        Interferon or immunosuppressive therapy within the last 6 months.

        Evidence of another form of liver disease in addition to viral hepatitis, such as
        autoimmune or alcoholic liver disease.

        Active or recent (within one year) alcohol or drug abuse or psychiatric illness that is
        likely to interfere with compliance and requirements for safety monitoring during this
        study.
      </textblock>
    </criteria>
    <gender>Both</gender>
    <minimum_age>18 Years</minimum_age>
    <maximum_age>N/A</maximum_age>
    <healthy_volunteers>No</healthy_volunteers>
  </eligibility>
  <location>
    <facility>
      <name>National Institutes of Health Clinical Center, 9000 Rockville Pike</name>
      <address>
        <city>Bethesda</city>
        <state>Maryland</state>
        <zip>20892</zip>
        <country>United States</country>
      </address>
    </facility>
  </location>
  <location_countries>
    <country>United States</country>
  </location_countries>
  <reference>
    <citation>Lau DT, Kleiner DE, Ghany MG, Park Y, Schmid P, Hoofnagle JH. 10-Year follow-up after interferon-alpha therapy for chronic hepatitis C. Hepatology. 1998 Oct;28(4):1121-7.</citation>
    <PMID>9755252</PMID>
  </reference>
  <verification_date>January 2008</verification_date>
  <lastchanged_date>September 26, 2015</lastchanged_date>
  <firstreceived_date>November 3, 1999</firstreceived_date>
  <responsible_party>
    <name_title>Jay Hoofnagle, M.D./National Institute of Diabetes and Digestive and Kidney Diseases</name_title>
    <organization>National Institutes of Health</organization>
  </responsible_party>
  <keyword>Ribavirin</keyword>
  <keyword>Liver Disease</keyword>
  <keyword>Antiviral Agent</keyword>
  <keyword>Cirrhosis</keyword>
  <keyword>Chronic Hepatitis</keyword>
  <keyword>Iron</keyword>
  <keyword>Viral Hepatitis</keyword>
  <keyword>Hepatitis C Virus</keyword>
  <keyword>Hemolytic Anemia</keyword>
  <keyword>Hemolysis</keyword>
  <has_expanded_access>No</has_expanded_access>
  <condition_browse>
    <!-- CAUTION:  The following MeSH terms are assigned with an imperfect algorithm  -->
    <mesh_term>Hepatitis</mesh_term>
    <mesh_term>Hepatitis A</mesh_term>
    <mesh_term>Hepatitis C</mesh_term>
    <mesh_term>Hepatitis C, Chronic</mesh_term>
    <mesh_term>Hepatitis, Chronic</mesh_term>
  </condition_browse>
  <intervention_browse>
    <!-- CAUTION:  The following MeSH terms are assigned with an imperfect algorithm  -->
    <mesh_term>Ribavirin</mesh_term>
  </intervention_browse>
  <!-- Results have not yet been posted for this study                                -->
</clinical_study>
