<?xml version="1.0" encoding="UTF-8"?>
<clinical_study rank="160">
  <!-- This xml conforms to an XML Schema at:
    https://clinicaltrials.gov/ct2/html/images/info/public.xsd
 and an XML DTD at:
    https://clinicaltrials.gov/ct2/html/images/info/public.dtd -->
  <required_header>
    <download_date>ClinicalTrials.gov processed this data on December 13, 2015</download_date>
    <link_text>Link to the current ClinicalTrials.gov record.</link_text>
    <url>https://clinicaltrials.gov/show/NCT00381017</url>
  </required_header>
  <id_info>
    <org_study_id>P04371</org_study_id>
    <secondary_id>EUDRACT NUMBER:2005-003876-39</secondary_id>
    <nct_id>NCT00381017</nct_id>
  </id_info>
  <brief_title>Effects of Low-dose Maintenance Peg Interferon Alfa-2b Therapy Versus Supportive Care in Patients With Cirrhotic Hepatitis C With HIV (Study P04371)</brief_title>
  <official_title>A Randomized, Open-label, Multi-center, Phase 3, 2-arm Study Evaluating the Efficacy and Safety of Peg Interferon Alfa-2b Low-dose Maintenance Monotherapy Versus Standard Supportive Care in Patients With Cirrhotic Hepatitis C Co-infected With Human Immunodeficiency Virus - The ENDURE Study</official_title>
  <sponsors>
    <lead_sponsor>
      <agency>Merck Sharp &amp; Dohme Corp.</agency>
      <agency_class>Industry</agency_class>
    </lead_sponsor>
    <collaborator>
      <agency>Integrated Therapeutics Group</agency>
      <agency_class>Industry</agency_class>
    </collaborator>
  </sponsors>
  <source>Merck Sharp &amp; Dohme Corp.</source>
  <oversight_info>
    <authority>United States: Food and Drug Administration</authority>
  </oversight_info>
  <brief_summary>
    <textblock>
      This is a Phase 3b, randomized, open-label, parallel-group, multi-center, multi-national
      study of low-dose maintenance Peg interferon alpha-2b (Peg-Intron®) in subjects with human
      immunodeficiency virus-hepatitis C virus (HIV-HCV) co-infection. The primary objective is to
      compare at end of study the efficacy of Peg-Intron® monotherapy (0.5 µg/kg subcutaneously
      once weekly for 24-36 months) versus standard supportive care, using the time to any of the
      following clinical events (death, decompensation, liver transplant, hepatocellular carcinoma
      [HCC]) as endpoints.
    </textblock>
  </brief_summary>
  <overall_status>Withdrawn</overall_status>
  <why_stopped>
    Non-protocol feasibility
  </why_stopped>
  <start_date>September 2006</start_date>
  <phase>Phase 3</phase>
  <study_type>Interventional</study_type>
  <study_design>Allocation: Randomized, Endpoint Classification: Safety/Efficacy Study, Intervention Model: Parallel Assignment, Masking: Open Label, Primary Purpose: Treatment</study_design>
  <enrollment type="Actual">0</enrollment>
  <condition>Hepatitis C</condition>
  <condition>Liver Cirrhosis</condition>
  <condition>HIV Infections</condition>
  <intervention>
    <intervention_type>Drug</intervention_type>
    <intervention_name>Peg interferon alpha-2b</intervention_name>
  </intervention>
  <eligibility>
    <criteria>
      <textblock>
        Inclusion Criteria:

          -  Age at least 18 years but &lt; 70 years, of either sex or any race.

          -  Detectable plasma hepatitis C virus (HCV) RNA (all genotypes of HCV are permitted).

          -  Cirrhosis of the liver within the last five years.

          -  Compensated liver disease (Child-Pugh &lt;8 with hepatic encephalopathy &lt;= 1.

          -  No evidence of hepatocellular carcinoma (HCC) and a serum alpha fetoprotein (AFP)
             &lt;100 ng/mL within two months of randomization/study enrollment.

          -  Varices results via endoscopy within the last six months or at time of screening.

          -  Serologic evidence of human immunodeficiency virus-1.

          -  CD4 cell count &gt;=100 /µL.

          -  Platelet number of at least 50000 mm**3.

          -  Neutrophil count of at least 750 mm**3.

          -  Hemoglobin of &gt;9.0 mg%.

          -  Serum thyroid stimulating hormone levels within normal limits, regardless of
             treatment with L thyroxin.

          -  Hemoglobin A1c (HbA1c)&lt;8.5%, to demonstrate controlled diabetes, if applicable.

          -  Written clearance from an ophthalmologist must be presented for subjects with a
             history of hypertension or diabetes prior to treatment start.

          -  Creatinine clearance &gt;50 mL/min, as assessed by the indirect calculation method.

          -  Demonstrate stable status of HIV-1 infection.

          -  On stable antiretroviral therapy (HAART) for at least 6 weeks prior to baseline, with
             the expectation of their HAART regimen (drugs and dosage) remaining unaltered for the
             first 8 weeks of the study OR

          -  Willing to delay initiation of HAART therapy for at least 6 weeks (for subjects who
             have not been on HAART for at least 8 weeks prior to randomization). &quot;Structured
             treatment interruptions&quot; will be permitted during the study.

          -  Counseled in the appropriate use of birth control while in this study, as confirmed
             by the principal investigator or a sub-investigator.

          -  Free of any clinically significant disease (other than HCV and HIV) that would
             interfere with study evaluations.

        Exclusion Criteria:

          -  Female who is pregnant, intends to become pregnant during the study or within two
             months after study completion, or is nursing. Male subject whose partner wants to
             become pregnant.

          -  Using silymarin.

          -  Positive test at screening for anti-HAV IgM Ab, HBsAg, anti-HBc IgM Ab, or HBeAg.

          -  Any cause of liver disease other than chronic hepatitis C.

          -  Suspected or having hypersensitivity to interferon.

          -  History of liver decompensation status or other evidence of bleeding from esophageal
             varices, signs of current bleeding, significant ascites, hepatic encephalopathy,
             jaundice or other conditions consistent with decompensated liver disease.

          -  Present with a lesion suspicious for hepatic malignancy on the screening imaging.

          -  Any active malignant disease, suspicion, or history of malignant disease within 5
             years prior to study enrollment (except for adequately treated basal cell carcinoma).

          -  Known coagulation or hemoglobin diseases.

          -  Organ transplant, except corneal or hair transplant.

          -  Any known preexisting medical condition that, in the investigator's opinion, could
             interfere with the subject's participation in and completion of the study, such as
             major depressive disorder.

          -  Active HIV-related opportunistic infection and/or malignancy requiring systemic
             therapy.

          -  Evidence of known severe retinopathy.

          -  Subject has not observed the designated washout periods for any of the prohibited
             medications.

          -  Participating in any other hepatitis C clinical study.
      </textblock>
    </criteria>
    <gender>Both</gender>
    <minimum_age>18 Years</minimum_age>
    <maximum_age>69 Years</maximum_age>
    <healthy_volunteers>No</healthy_volunteers>
  </eligibility>
  <verification_date>August 2014</verification_date>
  <lastchanged_date>August 11, 2014</lastchanged_date>
  <firstreceived_date>September 26, 2006</firstreceived_date>
  <responsible_party>
    <responsible_party_type>Sponsor</responsible_party_type>
  </responsible_party>
  <is_fda_regulated>Yes</is_fda_regulated>
  <is_section_801>Yes</is_section_801>
  <condition_browse>
    <!-- CAUTION:  The following MeSH terms are assigned with an imperfect algorithm  -->
    <mesh_term>Hepatitis</mesh_term>
    <mesh_term>Hepatitis A</mesh_term>
    <mesh_term>Hepatitis C</mesh_term>
    <mesh_term>Liver Cirrhosis</mesh_term>
  </condition_browse>
  <intervention_browse>
    <!-- CAUTION:  The following MeSH terms are assigned with an imperfect algorithm  -->
    <mesh_term>Interferon-alpha</mesh_term>
    <mesh_term>Interferons</mesh_term>
    <mesh_term>Peginterferon alfa-2b</mesh_term>
  </intervention_browse>
  <!-- Results have not yet been posted for this study                                -->
</clinical_study>
