<?xml version="1.0" encoding="UTF-8"?>
<clinical_study rank="165">
  <!-- This xml conforms to an XML Schema at:
    https://clinicaltrials.gov/ct2/html/images/info/public.xsd
 and an XML DTD at:
    https://clinicaltrials.gov/ct2/html/images/info/public.dtd -->
  <required_header>
    <download_date>ClinicalTrials.gov processed this data on December 13, 2015</download_date>
    <link_text>Link to the current ClinicalTrials.gov record.</link_text>
    <url>https://clinicaltrials.gov/show/NCT00580801</url>
  </required_header>
  <id_info>
    <org_study_id>CR013714</org_study_id>
    <secondary_id>VX-950-TiDP24-C210</secondary_id>
    <nct_id>NCT00580801</nct_id>
    <nct_alias>NCT00614237</nct_alias>
  </id_info>
  <brief_title>An Exploratory Study of Telaprevir in Treatment-Naive Participants With Chronic Genotype 4 Hepatitis C Virus Infection</brief_title>
  <official_title>A Phase IIa Randomized, Partially Blinded Trial of Telaprevir (VX-950) in Treatment-Naive Subjects With Chronic Genotype 4 Hepatitis C Infection</official_title>
  <sponsors>
    <lead_sponsor>
      <agency>Tibotec BVBA</agency>
      <agency_class>Industry</agency_class>
    </lead_sponsor>
  </sponsors>
  <source>Tibotec BVBA</source>
  <oversight_info>
    <authority>European Union: European Medicines Agency</authority>
    <authority>France: Afssaps - Agence française de sécurité sanitaire des produits de santé (Saint-Denis)</authority>
    <has_dmc>No</has_dmc>
  </oversight_info>
  <brief_summary>
    <textblock>
      The purpose of this study is to evaluate the activity and safety of telaprevir on Hepatitis
      C Virus (HCV) Genotype 4, alone or in combination with standard therapy, that is,
      pegylated-interferon-alfa-2a and ribavirin in treatment-naive (never been treated before
      with antiretroviral therapy) participants.
    </textblock>
  </brief_summary>
  <detailed_description>
    <textblock>
      This is a Phase 2a, partially-blind, randomized (study drug assigned by chance) and
      multiple-dose study to evaluate the activity and safety of telaprevir on HCV early viral
      kinetics in treatment-naive participants who are chronically infected with HCV Genotype 4.
      The study consists of 4 parts: Screening period (6-week); Investigational Treatment period
      (consisting of 2-week treatment with telaprevir or telaprevir+standard treatment or
      placebo); Standard Treatment period (consists of 46 or 48-week standard treatment); and
      Follow-up period (24-week). The activity of telaprevir will be evaluated by early viral
      kinetic parameters along with viral response and pharmacokinetic assessments during the
      investigational treatment phase. Participants' safety will be monitored throughout the
      study.
    </textblock>
  </detailed_description>
  <overall_status>Completed</overall_status>
  <start_date>January 2008</start_date>
  <completion_date type="Actual">January 2010</completion_date>
  <primary_completion_date type="Actual">January 2010</primary_completion_date>
  <phase>Phase 2</phase>
  <study_type>Interventional</study_type>
  <study_design>Allocation: Randomized, Endpoint Classification: Safety/Efficacy Study, Intervention Model: Parallel Assignment, Masking: Double Blind (Subject, Investigator), Primary Purpose: Treatment</study_design>
  <primary_outcome>
    <measure>Change From Baseline in Hepatitis C Virus (HCV) Ribonucleic Acid (RNA) Levels at Day 15</measure>
    <time_frame>Baseline and Day 15</time_frame>
    <safety_issue>No</safety_issue>
    <description>The plasma HCV RNA levels were used to assess the antiviral activity which included viral response as either undetectable HCV RNA (that is no HCV target was detected in the plasma sample) or less than 25 International unit per milliliter (IU/mL) of HCV RNA (that is Plasma sample contained HCV RNA at a concentration below the limit of quantification [LLOQ=25 IU/mL] of the viral load assay). Plasma HCV RNA levels were measured using the COBAS TaqMan HCV test Version 2.0. This assay used real-time reverse transcription-polymerase chain reaction (RT-PCR) methodology.</description>
  </primary_outcome>
  <secondary_outcome>
    <measure>Percentage of Participants With Viral Response (Undetectable HCV RNA)</measure>
    <time_frame>Day 15 up to EOT (Week 48/50 or early discontinuation)</time_frame>
    <safety_issue>No</safety_issue>
    <description>Viral response was either defined as having undetectable HCV RNA (that is, no HCV RNA was detected in the participants' plasma samples) or less than 25 IU/mL HCV RNA from Day 15 up to end of treatment (EOT), that is Week 48/50 or early discontinuation. In Week x/y, where, x represents time frame for Telaprevir+Pegylated-interferon-alfa-2a+Ribavirin and Placebo+Pegylated-interferon-alfa-2a+Ribavirin and; y represents time frame for Telaprevir and Pegylated-interferon-alfa-2a+Ribavirin treatment group.</description>
  </secondary_outcome>
  <secondary_outcome>
    <measure>Median Time to First Viral Response (Undetectable HCV RNA)</measure>
    <time_frame>Up to Week 48/50</time_frame>
    <safety_issue>No</safety_issue>
    <description>Time to first viral response (Undetectable HCV RNA) is defined as the number of days since the start of study medication until first time negative HCV RNA level that is less than 25 IU/mL was detected.</description>
  </secondary_outcome>
  <secondary_outcome>
    <measure>Number of Participants With Viral Breakthrough (Detectable HCV RNA)</measure>
    <time_frame>Day 8, Day 12, Day 15, Week 24/26 and Week 36/38</time_frame>
    <safety_issue>No</safety_issue>
    <description>Viral breakthrough was defined as having a confirmed increase greater than 1 log 10 in HCV RNA level from the lowest level reached, or a confirmed level of HCV RNA greater than 100 IU/mL in participants whose HCV RNA had previously become undetectable [less than 25 IU/mL]). In Week x/y, where, x represents time frame for Telaprevir+pegylated-interferon-alfa-2a+Ribavirin and Placebo+pegylated-interferon-alfa-2a+Ribavirin and y represents time frame for Telaprevir and then Pegylated-interferon-alfa-2a+Ribavirin treatment group.</description>
  </secondary_outcome>
  <secondary_outcome>
    <measure>Percentage of Participants With Sustained Viral Response (SVR)</measure>
    <time_frame>Week 12 and 24 after the last dose of study medication</time_frame>
    <safety_issue>No</safety_issue>
    <description>Sustained viral response was defined as having undetectable HCV RNA at EOT (Week 48/50 or early discontinuation) and no confirmed detectable HCV RNA levels between EOT and 12 weeks (SVR12) and 24 weeks (SVR24) after the last dose of study medication.</description>
  </secondary_outcome>
  <secondary_outcome>
    <measure>Percentage of Participants With Relapse</measure>
    <time_frame>Week 24 after EOT (Week 48/50 or early discontinuation)</time_frame>
    <safety_issue>No</safety_issue>
    <description>Relapse was defined as having confirmed detectable HCV RNA during the 24-week follow-up period in participants who had undetectable HCV RNA at EOT (Week 48/50 or early discontinuation). Participants who dropped out between 24-week follow-up after EOT were not evaluated for relapse.</description>
  </secondary_outcome>
  <secondary_outcome>
    <measure>Area Under the Serum Concentration-Time Curve (AUC)</measure>
    <time_frame>Pre-dose, 0.5, 1, 2, 3, 4, 6 and 8 hours post-dose on Day 1 and 15</time_frame>
    <safety_issue>No</safety_issue>
    <description>The AUC is a measure of the serum concentration-time curve, calculated by the lin-up/log-down method.</description>
  </secondary_outcome>
  <secondary_outcome>
    <measure>Maximum Serum Concentration (Cmax) of Telaprevir</measure>
    <time_frame>Pre-dose, 0.5, 1, 2, 3, 4, 6 and 8 hours post-dose on Day 1 and 15</time_frame>
    <safety_issue>No</safety_issue>
    <description>The Cmax is the maximum observed serum concentration, which was measured at Day 1 and 15 for telaprevir and then pegylated-interferon-alfa-2a+Ribavirin (reference) and telaprevir+pegylated-interferon-alfa-2a+Ribavirin (test).</description>
  </secondary_outcome>
  <secondary_outcome>
    <measure>Pre-Dose Serum Concentration (C[0h]) of Telaprevir</measure>
    <time_frame>0 hour (pre-dose) at Day 15</time_frame>
    <safety_issue>No</safety_issue>
    <description>The C(0h) is the pre-dose serum concentration of telaprevir and then pegylated-interferon-alfa-2a+Ribavirin (reference) and telaprevir+pegylated-interferon-alfa-2a+Ribavirin (test).</description>
  </secondary_outcome>
  <secondary_outcome>
    <measure>Minimum Serum Concentration (Cmin) of Telaprevir on Day 15</measure>
    <time_frame>Pre-dose, 0.5, 1, 2, 3, 4, 6 and 8 hours post-dose on Day 15</time_frame>
    <safety_issue>No</safety_issue>
    <description>The Cmin is the minimum serum concentration between 0 hour and τ (τ=dosing interval) of telaprevir and then pegylated-interferon-alfa-2a+Ribavirin (reference) and telaprevir+pegylated-interferon-alfa-2a+Ribavirin (test). Cmin on Day 15 is reported here.</description>
  </secondary_outcome>
  <secondary_outcome>
    <measure>Time to Reach the Maximum Serum Concentration (Tmax) of Telaprevir</measure>
    <time_frame>Pre-dose, 0.5, 1, 2, 3, 4, 6 and 8 hours post-dose on Day 1 and 15</time_frame>
    <safety_issue>No</safety_issue>
    <description>The tmax is the time to reach maximum observed serum concentration of telaprevir and then pegylated-interferon-alfa-2a+Ribavirin (reference) and pegylated-interferon-alfa-2a+Ribavirin (test).</description>
  </secondary_outcome>
  <secondary_outcome>
    <measure>Average Steady-State Serum Concentration (Css,av) of Telaprevir</measure>
    <time_frame>Pre-dose, 0.5, 1, 2, 3, 4, 6 and 8 hours post-dose on Day 1 and 15</time_frame>
    <safety_issue>No</safety_issue>
    <description>The Average steady-state serum concentration (Css,av) was calculated by AUC/τ at steady-state (τ=dosing interval) of telaprevir and then pegylated-interferon-alfa-2a+Ribavirin (reference) and telaprevir+pegylated-interferon-alfa-2a+Ribavirin (test).</description>
  </secondary_outcome>
  <number_of_arms>3</number_of_arms>
  <enrollment type="Actual">24</enrollment>
  <condition>Hepatitis C</condition>
  <arm_group>
    <arm_group_label>Telaprevir and then Pegylated-interferon-alfa-2a+Ribavirin</arm_group_label>
    <arm_group_type>Experimental</arm_group_type>
    <description>Telaprevir 750 milligram (mg) tablet will be administered three times a day orally for 2 weeks and after that pegylated-interferon-alfa-2a (180 microgram [mcg] subcutaneous injection [injected under the skin by way of a needle], once weekly) and ribavirin (1000-1200 mg as oral tablet daily) will be administered from Week 2 to 50.</description>
  </arm_group>
  <arm_group>
    <arm_group_label>Telaprevir+Pegylated-interferon-alfa-2a+Ribavirin</arm_group_label>
    <arm_group_type>Experimental</arm_group_type>
    <description>Telaprevir 750 mg tablet will be administered three times a day orally for 2 weeks along with pegylated-interferon-alfa-2a (180 mcg subcutaneous injection, once weekly) and ribavirin (1000-1200 mg as oral tablet daily), from Week 1 to 48.</description>
  </arm_group>
  <arm_group>
    <arm_group_label>Placebo+Pegylated-interferon-alfa-2a+Ribavirin</arm_group_label>
    <arm_group_type>Active Comparator</arm_group_type>
    <description>Matching placebo tablet to telaprevir will be administered three times a day orally for 2 weeks along with pegylated-interferon-alfa 2a (180 mcg subcutaneous injection, once weekly) and ribavirin (1000-1200 mg as oral tablet daily), from Week 1 to 48.</description>
  </arm_group>
  <intervention>
    <intervention_type>Drug</intervention_type>
    <intervention_name>Telaprevir</intervention_name>
    <description>Telaprevir 750 milligram (mg) tablet will be administered three times a day orally for 2 weeks.</description>
    <arm_group_label>Telaprevir and then Pegylated-interferon-alfa-2a+Ribavirin</arm_group_label>
    <arm_group_label>Telaprevir+Pegylated-interferon-alfa-2a+Ribavirin</arm_group_label>
  </intervention>
  <intervention>
    <intervention_type>Drug</intervention_type>
    <intervention_name>Pegylated-interferon-alfa-2a</intervention_name>
    <description>Pegylated-interferon-alfa-2a (180 microgram [mcg] subcutaneous injection, once weekly) will be administered from Week 1 to Week 48 or 50.</description>
    <arm_group_label>Telaprevir and then Pegylated-interferon-alfa-2a+Ribavirin</arm_group_label>
    <arm_group_label>Telaprevir+Pegylated-interferon-alfa-2a+Ribavirin</arm_group_label>
    <arm_group_label>Placebo+Pegylated-interferon-alfa-2a+Ribavirin</arm_group_label>
  </intervention>
  <intervention>
    <intervention_type>Drug</intervention_type>
    <intervention_name>Placebo</intervention_name>
    <description>Matching placebo tablet to telaprevir was administered three times a day orally for 2 weeks.</description>
    <arm_group_label>Placebo+Pegylated-interferon-alfa-2a+Ribavirin</arm_group_label>
  </intervention>
  <intervention>
    <intervention_type>Drug</intervention_type>
    <intervention_name>Ribavirin</intervention_name>
    <description>Ribavirin (1000-1200 mg as oral tablet daily) will be administered from Week 1 to Week 48 or 50.</description>
    <arm_group_label>Telaprevir and then Pegylated-interferon-alfa-2a+Ribavirin</arm_group_label>
    <arm_group_label>Telaprevir+Pegylated-interferon-alfa-2a+Ribavirin</arm_group_label>
    <arm_group_label>Placebo+Pegylated-interferon-alfa-2a+Ribavirin</arm_group_label>
  </intervention>
  <eligibility>
    <criteria>
      <textblock>
        Inclusion Criteria: - Participant has chronic Genotype 4 Hepatitis C infection

          -  Plasma hepatitis C virus (HCV) ribonucleic acid (RNA) level greater than 10,000
             International unit per milliliter (IU/mL) at Screening

          -  Participant never received treatment for HCV

          -  Participant was to be in good health (besides HCV infection), in the opinion of the
             Investigator, judged on the basis of medical history and physical examination
             (including vital signs and screening electrocardiogram [ECG]), with any chronic
             medical conditions under stable medical control

          -  Participant had to be willing to refrain from the concomitant use of any medications
             or substances Exclusion Criteria: - Participants with history or evidence of
             cirrhosis or history of suspicion of alcohol, barbiturate, or amphetamine
             recreational or narcotic drug use, which in the Investigator's opinion would
             compromise the participant's safety and/or compliance with study procedures

          -  Participant has human immunodeficiency virus (HIV) or hepatitis B virus (HBV)
             co-infection

          -  Female participants who are pregnant, or planning to become pregnant, or
             breastfeeding, and partners of female participants who are pregnant or breastfeeding

          -  Participant has hypersensitivity to tartrazine

          -  Participant had participated in any clinical trial for an investigational drug within
             90 days before drug administration or participated in more than 2 drug studies in the
             last 12 months
      </textblock>
    </criteria>
    <gender>Both</gender>
    <minimum_age>18 Years</minimum_age>
    <maximum_age>65 Years</maximum_age>
    <healthy_volunteers>No</healthy_volunteers>
  </eligibility>
  <overall_official>
    <last_name>Tibotec-Virco Virology BVBA Clinical Trial</last_name>
    <role>Study Director</role>
    <affiliation>Tibotec BVBA</affiliation>
  </overall_official>
  <removed_countries>
    <country>France</country>
  </removed_countries>
  <verification_date>August 2013</verification_date>
  <lastchanged_date>August 27, 2013</lastchanged_date>
  <firstreceived_date>December 20, 2007</firstreceived_date>
  <firstreceived_results_date>March 7, 2013</firstreceived_results_date>
  <responsible_party>
    <responsible_party_type>Sponsor</responsible_party_type>
  </responsible_party>
  <keyword>Hepatitis C</keyword>
  <keyword>Telaprevir</keyword>
  <keyword>Pegylated-interferon-alfa-2a</keyword>
  <keyword>Pegasys</keyword>
  <keyword>Ribavirin</keyword>
  <keyword>Copegus</keyword>
  <is_fda_regulated>Yes</is_fda_regulated>
  <is_section_801>Yes</is_section_801>
  <has_expanded_access>No</has_expanded_access>
  <condition_browse>
    <!-- CAUTION:  The following MeSH terms are assigned with an imperfect algorithm  -->
    <mesh_term>Hepatitis</mesh_term>
    <mesh_term>Hepatitis A</mesh_term>
    <mesh_term>Hepatitis C</mesh_term>
  </condition_browse>
  <intervention_browse>
    <!-- CAUTION:  The following MeSH terms are assigned with an imperfect algorithm  -->
    <mesh_term>Interferon-alpha</mesh_term>
    <mesh_term>Interferons</mesh_term>
    <mesh_term>Peginterferon alfa-2a</mesh_term>
    <mesh_term>Ribavirin</mesh_term>
  </intervention_browse>
  <!-- Results are available for this study                                           -->
</clinical_study>
