<?xml version="1.0" encoding="UTF-8"?>
<clinical_study rank="149">
  <!-- This xml conforms to an XML Schema at:
    https://clinicaltrials.gov/ct2/html/images/info/public.xsd
 and an XML DTD at:
    https://clinicaltrials.gov/ct2/html/images/info/public.dtd -->
  <required_header>
    <download_date>ClinicalTrials.gov processed this data on December 13, 2015</download_date>
    <link_text>Link to the current ClinicalTrials.gov record.</link_text>
    <url>https://clinicaltrials.gov/show/NCT00363259</url>
  </required_header>
  <id_info>
    <org_study_id>HCV01-01</org_study_id>
    <nct_id>NCT00363259</nct_id>
  </id_info>
  <brief_title>Pegintron Induction Therapy in HCV Non-Responders</brief_title>
  <official_title>Pegintron Induction Therapy in Previous Non-Responders With Chronic HCV: A Dutch Multicenter Randomized Controlled Trial. (PIT-Study)</official_title>
  <sponsors>
    <lead_sponsor>
      <agency>Foundation for Liver Research</agency>
      <agency_class>Other</agency_class>
    </lead_sponsor>
  </sponsors>
  <source>Foundation for Liver Research</source>
  <oversight_info>
    <authority>Netherlands: The Central Committee on Research Involving Human Subjects (CCMO)</authority>
  </oversight_info>
  <brief_summary>
    <textblock>
      The purpose of this study is to compare the sustained virological response rate at 24 weeks
      after the end of experimental treatment (induction and 72 weeks) to that of standard 48
      weeks treatment with PEG-inteferon alfa-2b and ribavirin in patients with chronic hepatitis
      C previous unresponsive to interferon alfa monotherapy or interferon alfa/ribavirin
      combination therapy.
    </textblock>
  </brief_summary>
  <overall_status>Completed</overall_status>
  <start_date>July 2002</start_date>
  <completion_date>November 2005</completion_date>
  <phase>Phase 3</phase>
  <study_type>Interventional</study_type>
  <study_design>Allocation: Randomized, Endpoint Classification: Safety/Efficacy Study, Intervention Model: Parallel Assignment, Masking: Open Label, Primary Purpose: Treatment</study_design>
  <primary_outcome>
    <measure>sustained virological response (HCV-RNA negative 24 weeks after end of treatment)</measure>
  </primary_outcome>
  <enrollment>110</enrollment>
  <condition>Hepatitis C</condition>
  <intervention>
    <intervention_type>Drug</intervention_type>
    <intervention_name>Peginterferon alfa-2b</intervention_name>
  </intervention>
  <intervention>
    <intervention_type>Drug</intervention_type>
    <intervention_name>Ribavirin</intervention_name>
  </intervention>
  <eligibility>
    <criteria>
      <textblock>
        Inclusion Criteria:

          -  chronic hepatitis C

          -  non-response or relapse to previous interferon therapy with or without ribavirin for
             at least 3 months at any previous time

          -  detectable serum HCV-RNA

          -  elevated serum ALT activity documented on at least two occasions within the past 12
             months, with at least one during the 90 day screening period preceding the initiation
             of test drug dosing

          -  liver biopsy findings (during screening or within previous 12 months) consistent with
             active fibrosis (haemophiliacs are excluded from biopsies)

          -  compensated liver disease (Child-Pugh Grade A clinical classification)

          -  negative urine or blood pregnancy test (for women of childbearing potential)
             documented within the 24-hour period prior to the first dose of study drug

          -  all fertile males and females receiving ribavirin and their fertile or potentially
             fertile partners must be advised to use two forms of effective contraception
             (combined) during treatment and during the 6 months after end of treatment

        Exclusion Criteria:

          -  history or other evidence of severe illness, malignancy or any other condition which
             would make the patient, in the opinion of the investigator, unsuitable for the study

          -  women with ongoing pregnancy or breast feeding

          -  therapy with any systemic anti-viral, anti-neoplastic or immunomodulatory treatment
             (including supraphysiologic doses of steroids and radiation) &lt;3 months prior to the
             first dose of study drug

          -  any investigational drug &lt;6 weeks prior to the first dose of study drug

          -  positive test at screening for HBsAg, anti-HIV Ab

          -  history or other evidence of bleeding from esophageal varices, ascites, or other
             conditions consistent with decompensated liver disease (Child-Pugh Grade B or C
             clinical classification)

          -  Signs or symptoms of hepatocellular carcinoma

          -  history or other strong evidence of a medical condition associated with chronic liver
             disease other than HCV (e.g., primary hemochromatosis, autoimmune hepatitis,
             metabolic liver disease, alcoholic liver disease, toxin exposures

          -  Hb &lt;7.5 mmol/l in women or &lt;8.6 mmol/l in men at screening

          -  any patient with an increased baseline risk for anaemia (e.g. thalassemia,
             spherocytosis, etc) or for whom anaemia would be medically problematic

          -  neutrophil count &lt;1500 cells/mm3 or platelet count &lt;80,000 cells/mm3 at screening

          -  serum creatinine level &gt;1.5 times the upper limit of normal at screening

          -  history of severe psychiatric disease, especially depression

          -  history of a severe seizure disorder or current anticonvulsant use

          -  history of immunologically mediated disease

          -  history or other evidence of chronic pulmonary disease associated with functional
             limitation

          -  history of severe allergies

          -  history of symptomatic and/or significant cardiovascular disease

          -  poorly controlled diabetes mellitus

          -  history of major organ transplantation with an existing functional graft

          -  hyper- or hypothyroidism

          -  evidence of severe retinopathy

          -  evidence of drug abuse (including excessive alcohol consumption within one year
             before study entry
      </textblock>
    </criteria>
    <gender>Both</gender>
    <minimum_age>18 Years</minimum_age>
    <maximum_age>70 Years</maximum_age>
    <healthy_volunteers>No</healthy_volunteers>
  </eligibility>
  <overall_official>
    <last_name>Rob J de Knegt, MD, PhD</last_name>
    <role>Principal Investigator</role>
    <affiliation>Erasmus Medical Center</affiliation>
  </overall_official>
  <location>
    <facility>
      <name>OLVG</name>
      <address>
        <city>Amsterdam</city>
        <zip>1091HA</zip>
        <country>Netherlands</country>
      </address>
    </facility>
  </location>
  <location>
    <facility>
      <name>Rijnstate Ziekenhuis</name>
      <address>
        <city>Arnhem</city>
        <zip>6815 AN</zip>
        <country>Netherlands</country>
      </address>
    </facility>
  </location>
  <location>
    <facility>
      <name>Atrium Medisch Centrum</name>
      <address>
        <city>Heerlen</city>
        <zip>6401 CX</zip>
        <country>Netherlands</country>
      </address>
    </facility>
  </location>
  <location>
    <facility>
      <name>LUMC</name>
      <address>
        <city>Leiden</city>
        <zip>2300 RC</zip>
        <country>Netherlands</country>
      </address>
    </facility>
  </location>
  <location>
    <facility>
      <name>Erasmus MC</name>
      <address>
        <city>Rotterdam</city>
        <zip>3000 CA</zip>
        <country>Netherlands</country>
      </address>
    </facility>
  </location>
  <location>
    <facility>
      <name>Ziekenhuis Zeeuws Vlaanderen</name>
      <address>
        <city>Terneuzen</city>
        <zip>4535 PA</zip>
        <country>Netherlands</country>
      </address>
    </facility>
  </location>
  <location>
    <facility>
      <name>UMC</name>
      <address>
        <city>Utrecht</city>
        <zip>3584 CX</zip>
        <country>Netherlands</country>
      </address>
    </facility>
  </location>
  <location_countries>
    <country>Netherlands</country>
  </location_countries>
  <verification_date>August 2006</verification_date>
  <lastchanged_date>August 10, 2006</lastchanged_date>
  <firstreceived_date>August 10, 2006</firstreceived_date>
  <has_expanded_access>No</has_expanded_access>
  <intervention_browse>
    <!-- CAUTION:  The following MeSH terms are assigned with an imperfect algorithm  -->
    <mesh_term>Peginterferon alfa-2b</mesh_term>
  </intervention_browse>
  <!-- Results have not yet been posted for this study                                -->
</clinical_study>
