<?xml version="1.0" encoding="UTF-8"?>
<clinical_study rank="125">
  <!-- This xml conforms to an XML Schema at:
    https://clinicaltrials.gov/ct2/html/images/info/public.xsd
 and an XML DTD at:
    https://clinicaltrials.gov/ct2/html/images/info/public.dtd -->
  <required_header>
    <download_date>ClinicalTrials.gov processed this data on December 13, 2015</download_date>
    <link_text>Link to the current ClinicalTrials.gov record.</link_text>
    <url>https://clinicaltrials.gov/show/NCT00377182</url>
  </required_header>
  <id_info>
    <org_study_id>PV18369</org_study_id>
    <nct_id>NCT00377182</nct_id>
  </id_info>
  <brief_title>A Study of HCV Polymerase Inhibitor Pro-Drug in Combination With PEGASYS With or Without COPEGUS in Patients With Chronic Hepatitis C Genotype 1 Infection.</brief_title>
  <official_title>A Randomized, Double-blind Study to Evaluate the Safety and Tolerability of the HCV Polymerase Inhibitor Pro-drug in Combination With Pegasys, With or Without Copegus, Versus Pegasys Plus Copegus, in Treatment-naïve Patients With Chronic Hepatitis C, Genotype 1</official_title>
  <sponsors>
    <lead_sponsor>
      <agency>Hoffmann-La Roche</agency>
      <agency_class>Industry</agency_class>
    </lead_sponsor>
  </sponsors>
  <source>Hoffmann-La Roche</source>
  <oversight_info>
    <authority>United States: Food and Drug Administration</authority>
  </oversight_info>
  <brief_summary>
    <textblock>
      This 4 arm study will compare the safety and tolerability of HCV polymerase inhibitor
      pro-drug in combination with PEGASYS +/- COPEGUS with the standard of care therapy of
      PEGASYS + COPEGUS, in treatment-naive patients with CHC, genotype 1. Patients will be
      randomized to receive 1500mg or 3000mg po bid of HCV polymerase inhibitor pro-drug +
      PEGASYS, 1500mg of HCV polymerase inhibitor pro-drug + PEGASYS + COPEGUS or PEGASYS +
      COPEGUS for 4 weeks. All patients who receive at least one dose of study medication will
      receive open label PEGASYS + Copegus for an additional 44 weeks after the 4 week
      experimental period. The anticipated time on study treatment is 3-12 months, and the target
      sample size is &lt;100 individuals.
    </textblock>
  </brief_summary>
  <overall_status>Completed</overall_status>
  <start_date>September 2006</start_date>
  <completion_date type="Actual">August 2008</completion_date>
  <primary_completion_date type="Actual">August 2008</primary_completion_date>
  <phase>Phase 2</phase>
  <study_type>Interventional</study_type>
  <study_design>Allocation: Randomized, Endpoint Classification: Safety Study, Intervention Model: Parallel Assignment, Masking: Double Blind (Subject, Investigator), Primary Purpose: Treatment</study_design>
  <primary_outcome>
    <measure>AEs and laboratory parameters.</measure>
    <time_frame>Week 4, 8 and Week 72</time_frame>
    <safety_issue>No</safety_issue>
  </primary_outcome>
  <secondary_outcome>
    <measure>Plasma concentration of HCV polymerase inhibitor</measure>
    <time_frame>Week 4 and 8</time_frame>
    <safety_issue>No</safety_issue>
  </secondary_outcome>
  <secondary_outcome>
    <measure>Antiviral activity</measure>
    <time_frame>Week 4, 8 and Week 72</time_frame>
    <safety_issue>No</safety_issue>
  </secondary_outcome>
  <number_of_arms>4</number_of_arms>
  <enrollment type="Actual">107</enrollment>
  <condition>Hepatitis C, Chronic</condition>
  <arm_group>
    <arm_group_label>1</arm_group_label>
    <arm_group_type>Experimental</arm_group_type>
  </arm_group>
  <arm_group>
    <arm_group_label>2</arm_group_label>
    <arm_group_type>Experimental</arm_group_type>
  </arm_group>
  <arm_group>
    <arm_group_label>3</arm_group_label>
    <arm_group_type>Experimental</arm_group_type>
  </arm_group>
  <arm_group>
    <arm_group_label>4</arm_group_label>
    <arm_group_type>Active Comparator</arm_group_type>
  </arm_group>
  <intervention>
    <intervention_type>Drug</intervention_type>
    <intervention_name>Copegus</intervention_name>
    <description>1000/1200mg po daily for 4 weeks</description>
    <arm_group_label>3</arm_group_label>
    <arm_group_label>4</arm_group_label>
  </intervention>
  <intervention>
    <intervention_type>Drug</intervention_type>
    <intervention_name>PEGASYS</intervention_name>
    <description>180 micrograms sc weekly for 4 weeks</description>
    <arm_group_label>1</arm_group_label>
    <arm_group_label>2</arm_group_label>
    <arm_group_label>3</arm_group_label>
    <arm_group_label>4</arm_group_label>
  </intervention>
  <intervention>
    <intervention_type>Drug</intervention_type>
    <intervention_name>RO5024048</intervention_name>
    <description>1500mg po bid for 4 weeks</description>
    <arm_group_label>1</arm_group_label>
    <arm_group_label>3</arm_group_label>
  </intervention>
  <intervention>
    <intervention_type>Drug</intervention_type>
    <intervention_name>RO5024048</intervention_name>
    <description>3000mg po bid for 4 weeks</description>
    <arm_group_label>2</arm_group_label>
  </intervention>
  <eligibility>
    <criteria>
      <textblock>
        Inclusion Criteria:

          -  adult patients, 18-65 years of age;

          -  CHC without liver cirrhosis or incomplete/transition to liver cirrhosis, genotype 1;

          -  chronic liver disease consistent with CHC.

        Exclusion Criteria:

          -  infection with any HCV genotype other than genotype 1;

          -  previous treatment for CHC;

          -  medical condition associated with chronic liver disease other than CHC;

          -  HIV, Hepatitis A, Hepatitis B infection.
      </textblock>
    </criteria>
    <gender>Both</gender>
    <minimum_age>18 Years</minimum_age>
    <maximum_age>65 Years</maximum_age>
    <healthy_volunteers>No</healthy_volunteers>
  </eligibility>
  <overall_official>
    <last_name>Clinical Trials</last_name>
    <role>Study Director</role>
    <affiliation>Hoffmann-La Roche</affiliation>
  </overall_official>
  <location>
    <facility>
      <address>
        <city>La Jolla</city>
        <state>California</state>
        <zip>92037-1030</zip>
        <country>United States</country>
      </address>
    </facility>
  </location>
  <location>
    <facility>
      <address>
        <city>Long Beach</city>
        <state>California</state>
        <zip>90822</zip>
        <country>United States</country>
      </address>
    </facility>
  </location>
  <location>
    <facility>
      <address>
        <city>Sacramento</city>
        <state>California</state>
        <zip>95817</zip>
        <country>United States</country>
      </address>
    </facility>
  </location>
  <location>
    <facility>
      <address>
        <city>San Diego</city>
        <state>California</state>
        <zip>92103-8465</zip>
        <country>United States</country>
      </address>
    </facility>
  </location>
  <location>
    <facility>
      <address>
        <city>San Diego</city>
        <state>California</state>
        <zip>92154</zip>
        <country>United States</country>
      </address>
    </facility>
  </location>
  <location>
    <facility>
      <address>
        <city>San Francisco</city>
        <state>California</state>
        <zip>94115</zip>
        <country>United States</country>
      </address>
    </facility>
  </location>
  <location>
    <facility>
      <address>
        <city>Aurora</city>
        <state>Colorado</state>
        <zip>80045</zip>
        <country>United States</country>
      </address>
    </facility>
  </location>
  <location>
    <facility>
      <address>
        <city>Bradenton</city>
        <state>Florida</state>
        <zip>34209</zip>
        <country>United States</country>
      </address>
    </facility>
  </location>
  <location>
    <facility>
      <address>
        <city>Gainesville</city>
        <state>Florida</state>
        <zip>32610-0214</zip>
        <country>United States</country>
      </address>
    </facility>
  </location>
  <location>
    <facility>
      <address>
        <city>Chicago</city>
        <state>Illinois</state>
        <zip>60637</zip>
        <country>United States</country>
      </address>
    </facility>
  </location>
  <location>
    <facility>
      <address>
        <city>Novi</city>
        <state>Michigan</state>
        <zip>48377</zip>
        <country>United States</country>
      </address>
    </facility>
  </location>
  <location>
    <facility>
      <address>
        <city>Manhasset</city>
        <state>New York</state>
        <zip>11030</zip>
        <country>United States</country>
      </address>
    </facility>
  </location>
  <location>
    <facility>
      <address>
        <city>New York</city>
        <state>New York</state>
        <zip>10029</zip>
        <country>United States</country>
      </address>
    </facility>
  </location>
  <location>
    <facility>
      <address>
        <city>Chapel Hill</city>
        <state>North Carolina</state>
        <zip>27599-7584</zip>
        <country>United States</country>
      </address>
    </facility>
  </location>
  <location>
    <facility>
      <address>
        <city>Dallas</city>
        <state>Texas</state>
        <zip>75203</zip>
        <country>United States</country>
      </address>
    </facility>
  </location>
  <location>
    <facility>
      <address>
        <city>Fort Sam Houston</city>
        <state>Texas</state>
        <zip>78234-3879</zip>
        <country>United States</country>
      </address>
    </facility>
  </location>
  <location>
    <facility>
      <address>
        <city>Richmond</city>
        <state>Virginia</state>
        <zip>23249</zip>
        <country>United States</country>
      </address>
    </facility>
  </location>
  <location>
    <facility>
      <address>
        <city>Santurce</city>
        <zip>00909</zip>
        <country>Puerto Rico</country>
      </address>
    </facility>
  </location>
  <location_countries>
    <country>Puerto Rico</country>
    <country>United States</country>
  </location_countries>
  <verification_date>December 2015</verification_date>
  <lastchanged_date>December 1, 2015</lastchanged_date>
  <firstreceived_date>September 15, 2006</firstreceived_date>
  <responsible_party>
    <responsible_party_type>Sponsor</responsible_party_type>
  </responsible_party>
  <is_fda_regulated>Yes</is_fda_regulated>
  <is_section_801>Yes</is_section_801>
  <has_expanded_access>No</has_expanded_access>
  <condition_browse>
    <!-- CAUTION:  The following MeSH terms are assigned with an imperfect algorithm  -->
    <mesh_term>Hepatitis</mesh_term>
    <mesh_term>Hepatitis A</mesh_term>
    <mesh_term>Hepatitis C</mesh_term>
    <mesh_term>Hepatitis C, Chronic</mesh_term>
    <mesh_term>Hepatitis, Chronic</mesh_term>
  </condition_browse>
  <intervention_browse>
    <!-- CAUTION:  The following MeSH terms are assigned with an imperfect algorithm  -->
    <mesh_term>Peginterferon alfa-2a</mesh_term>
    <mesh_term>Ribavirin</mesh_term>
  </intervention_browse>
  <!-- Results have not yet been posted for this study                                -->
</clinical_study>
