<?xml version="1.0" encoding="UTF-8"?>
<clinical_study rank="206">
  <!-- This xml conforms to an XML Schema at:
    https://clinicaltrials.gov/ct2/html/images/info/public.xsd
 and an XML DTD at:
    https://clinicaltrials.gov/ct2/html/images/info/public.dtd -->
  <required_header>
    <download_date>ClinicalTrials.gov processed this data on December 13, 2015</download_date>
    <link_text>Link to the current ClinicalTrials.gov record.</link_text>
    <url>https://clinicaltrials.gov/show/NCT00882193</url>
  </required_header>
  <id_info>
    <org_study_id>133-09</org_study_id>
    <nct_id>NCT00882193</nct_id>
  </id_info>
  <brief_title>Pilot Study of Betaine + Combination Antiviral Therapy for Chronic Hepatitis C Genotype 1 Non-responder/Relapsers</brief_title>
  <official_title>Pilot Therapy Using Betaine in Combination With Peginterferon Alpha-2a Plus Ribavirin in Subjects With Genotype 1 Hepatitis C Who Have Not Achieved a Sustained Viral Response With a Prior Course of Pegylated Interferon and Ribavirin</official_title>
  <sponsors>
    <lead_sponsor>
      <agency>University of Nebraska</agency>
      <agency_class>Other</agency_class>
    </lead_sponsor>
  </sponsors>
  <source>University of Nebraska</source>
  <oversight_info>
    <authority>United States: Institutional Review Board</authority>
    <has_dmc>Yes</has_dmc>
  </oversight_info>
  <brief_summary>
    <textblock>
      This is a non-randomized, open-label study examining the safety and efficacy of betaine in
      addition to standard anti-viral therapy in genotype 1 hepatitis C non-responders or
      relapsers to previous pegylated interferon plus ribavirin. Betaine (20 gm/day) in 2 divided
      doses will be added to Peginterferon alpha 2a (180 mcg) plus weight-based Ribavirin (1000 or
      1200 mg/day, for body weight &lt; or &gt; 75 kg, respectively, for 48 weeks. Patients must be
      diagnosed with chronic hepatitis C, genotype I, and have undergone therapy for hepatitis C
      with pegylated interferon plus ribavirin. Subjects will be followed for safety,
      tolerability, hepatitis C viral response and the effect on interferon gene signaling in
      peripheral blood mononuclear cells during therapy.
    </textblock>
  </brief_summary>
  <detailed_description>
    <textblock>
      The primary objective is to examine the safety and efficacy of the betaine when combined
      with standard anti-viral therapy in previously treated adult subjects with chronic hepatitis
      C infected with genotype 1. The efficacy will be determined through comparison of the
      sustained viral response (SVR) to our protocol three-drug regimen (Betaine, Peginterferon
      plus Ribavirin) to that historically seen in relapsers and non-responders when retreated
      with standard therapy (Peginterferon and Ribavirin alone).

      Secondary objectives include: (1) the comparison of the occurrence of rapid and early
      virologic response in the first 4 (Rapid Virologic Response, RVR) and 12 (Early Virologic
      Response, EVR) weeks of therapy, respectively, between the study regimen and historically
      treated patients. (2) the comparison of ALT normalization between the two groups. and (3)
      the effect on interferon gene signaling in peripheral blood mononuclear cells (PBMCs)
      between the two groups in the first 12 weeks of therapy and 6 months following the end of
      therapy..
    </textblock>
  </detailed_description>
  <overall_status>Terminated</overall_status>
  <why_stopped>
    new medications with improved response released, nonaccrual
  </why_stopped>
  <start_date>May 2009</start_date>
  <completion_date type="Actual">May 2011</completion_date>
  <primary_completion_date type="Actual">May 2011</primary_completion_date>
  <phase>Phase 0</phase>
  <study_type>Interventional</study_type>
  <study_design>Allocation: Non-Randomized, Endpoint Classification: Safety/Efficacy Study, Intervention Model: Single Group Assignment, Masking: Open Label, Primary Purpose: Treatment</study_design>
  <primary_outcome>
    <measure>To examine the safety and efficacy of betaine when combined with standard antiviral therapy in previously teated subjects with chronic hepatitis c genotype 1</measure>
    <time_frame>72 weeks</time_frame>
    <safety_issue>Yes</safety_issue>
  </primary_outcome>
  <secondary_outcome>
    <measure>The effect on interferon gene signaling in peripheral blood mononuclear cells in the first 12 weeks of treatment and 6 months following the end of therapy.</measure>
    <time_frame>72 weeks</time_frame>
    <safety_issue>No</safety_issue>
  </secondary_outcome>
  <number_of_arms>1</number_of_arms>
  <enrollment type="Anticipated">30</enrollment>
  <condition>Chronic Hepatitis C</condition>
  <condition>Genotype 1</condition>
  <condition>Relapse</condition>
  <intervention>
    <intervention_type>Drug</intervention_type>
    <intervention_name>Betaine</intervention_name>
    <description>Betaine 20 gm/day in 2 divided doses for 48 weeks</description>
  </intervention>
  <intervention>
    <intervention_type>Drug</intervention_type>
    <intervention_name>Peginterferon alpha 2a</intervention_name>
    <description>Peginterferon alpha 2a 180mcg/0.5ml by subcutaneous injection weekly for 48 weeks</description>
    <other_name>Pegasys</other_name>
  </intervention>
  <intervention>
    <intervention_type>Drug</intervention_type>
    <intervention_name>Ribavirin</intervention_name>
    <description>Ribavirin 200mg - weight based, 1000 - 1200 mg/day for body weight &lt; or &gt; 75mg in 2 divided doses</description>
    <other_name>Copegus</other_name>
  </intervention>
  <eligibility>
    <criteria>
      <textblock>
        Inclusion Criteria:

          -  Subject must be willing to give informed consent and be able to adhere to dose and
             visit schedules.

          -  History of chronic hepatitis C, genotype 1, non-responders or relapsers as documented
             by genotype testing and HCV RNA levels at 12 weeks ( &lt; 2 log change) during therapy
             or at 3 - 12 months post therapy, respectively.

          -  Adult subjects 18-70 years of age, of either gender

          -  Liver biopsy within 3 years prior to the screening 1 visit with a pathology report
             confirming that the histological diagnosis is consistent with chronic hepatitis C.

          -  Compensated liver disease with the following maximum hematologic, biochemical and
             serologic criteria at the Screening visit (WNL=within normal limits) Hemoglobin &gt; 12
             g/dl for females and &gt;13 g/dl for males, WBC &gt; 3000/mm3, Platelets &gt; 80,000/mm3,
             Direct Bilirubin - WNL. Indirect bilirubin - WNL, Albumin - WNL, Serum Creatinine -
             WNL.

          -  Fasting glucose should be 70 -140 mg/dl, results between 116-140 require a HbA1c &lt;
             8.5%

          -  TSH - WNL

          -  Subjects with a history of mild depression may be considered for entry in to this
             study provided that a pretreatment assessment of the subject's affective status
             supports that the subject is clinically stable.

          -  Subjects with a history of substance abuse must have abstained from using the
             substance for at least one year prior to the Screening visit.

          -  Antinuclear antibodies (ANA) &lt; 1:320

          -  No radiologic evidence of a focal mass suggestive of hepatoma and/or ascites.

        Exclusion Criteria:

          -  Pregnant or nursing subjects. Subjects who intend to become pregnant during the study
             period. Subjects with partners who intend to become pregnant during the study period.

          -  Prior response to therapy and failure to achieve SVR which may have been due to
             treatment non-compliance, in the assessment of the investigator based upon subject's
             medical history.

          -  Participation in any clinical trial of a HCV protease inhibitor of any duration.
             Subjects may have received other investigational agents for the treatment of HCV, as
             long as they have also received an adequate course of Peg-IFN/RBV [i.e., the
             investigational agent could not have replaced either Peg-IFN (such as Albuferon) or
             RBV (viramidine)].

          -  History of new hepatitis C exposure within the last 6 months

          -  Current or intended use of G-CSF and/or GM-CSF during the stud period is prohibited.
             Current use of erythropoietin (EPO) is prohibited.

          -  Suspected hypersensitivity to any interferon product or ribavirin

          -  Participation in any other clinical trial within 30 days of Screening visit 1

          -  Treatment with any investigational drug within 30 days of Screening visit 1.

          -  Any other cause for liver disease other than CHC, including but not limited to:
             hemachromatosis, Alpha-1 antitrypsin deficiency, Wilson's disease, Autoimmune
             hepatitis, Alcoholic liver disease, Non-alcoholic steatohepatitis (NASH),
             Drug-related liver disease

          -  Known coagulopathies including hemophilia

          -  Known hemoglobinopathies

          -  Known G6PD deficiency

          -  Known coinfection with HIV and/or HBV

          -  Evidence of active or suspected malignancy or a history of malignancy within the last
             five years (with the exception of adequately treated basal cell carcinoma of the
             skin).

          -  Evidence of decompensated liver disease such as history or presence of ascites,
             bleeding varices or hepatic encephalopathy

          -  Subjects with organ transplants other than cornea or hair transplant

          -  Any Known preexisting medical condition, that could interfere with the subject's
             participation in and completion of the study including, but not limited to moderate
             to severe depression, or a history of severe psychiatric disorder, such as psychosis,
             suicidal ideation and/or suicidal attempt; Subjects with a past history or current
             use of lithium and/or antipsychotic drugs; CNS trauma or seizure disorder; Clinically
             significant ECG abnormalities and/or significant cardiovascular dysfunction within
             the past 2 years prior to Screening ; Poorly controlled diabetes mellitis; Chronic
             pulmonary disease (COPD); Immunologically mediated disease such as inflammatory bowel
             disease, rheumatoid arthritis, idiopathic thrombocytopenia purpura, systemic lupus
             erythematosus, autoimmune hemolytic anemia, scleroderma, severe psoriasis or
             symptomatic thyroid disorder; Any medical condition requiring, or likely to require
             during the course of the study, chronic systemic administration of steroids: History
             of, or active clinical gout.

          -  Substance abuse, such as alcohol (&gt;80 g/day), IV drugs and inhaled drugs. Subjects
             with a history of substance abuse must have abstained from the abuse substance for at
             least one year. Subjects with clinically significant retinal abnormalities

          -  Any other condition which in the opinion of the investigator would make the subject
             unsuitable for enrollment, or could interfere with the subject participating in and
             completing the protocol

          -  Subjects who are part of the staff personnel directly involved with the study

          -  Subjects who are immediate family members of the investigational study staff
      </textblock>
    </criteria>
    <gender>Both</gender>
    <minimum_age>19 Years</minimum_age>
    <maximum_age>N/A</maximum_age>
    <healthy_volunteers>No</healthy_volunteers>
  </eligibility>
  <overall_official>
    <last_name>Mark E Mailliard, MD</last_name>
    <role>Principal Investigator</role>
    <affiliation>University of Nebraska</affiliation>
  </overall_official>
  <location>
    <facility>
      <name>University of Nebraska Medical Center</name>
      <address>
        <city>Omaha</city>
        <state>Nebraska</state>
        <zip>68198</zip>
        <country>United States</country>
      </address>
    </facility>
  </location>
  <location_countries>
    <country>United States</country>
  </location_countries>
  <verification_date>August 2011</verification_date>
  <lastchanged_date>August 8, 2011</lastchanged_date>
  <firstreceived_date>April 15, 2009</firstreceived_date>
  <responsible_party>
    <name_title>Mark E. Mailliard, M.D.</name_title>
    <organization>University of Nebraska Medical Center, Department of Gastroenterology/Hepatology</organization>
  </responsible_party>
  <keyword>Chronic hepatitis C</keyword>
  <keyword>Genotype 1</keyword>
  <keyword>Nonresponder</keyword>
  <keyword>Relapser</keyword>
  <keyword>Betaine</keyword>
  <keyword>Antiviral therapy</keyword>
  <is_fda_regulated>Yes</is_fda_regulated>
  <is_section_801>Yes</is_section_801>
  <has_expanded_access>No</has_expanded_access>
  <condition_browse>
    <!-- CAUTION:  The following MeSH terms are assigned with an imperfect algorithm  -->
    <mesh_term>Hepatitis</mesh_term>
    <mesh_term>Hepatitis A</mesh_term>
    <mesh_term>Hepatitis C</mesh_term>
    <mesh_term>Hepatitis C, Chronic</mesh_term>
    <mesh_term>Hepatitis, Chronic</mesh_term>
  </condition_browse>
  <intervention_browse>
    <!-- CAUTION:  The following MeSH terms are assigned with an imperfect algorithm  -->
    <mesh_term>Betaine</mesh_term>
    <mesh_term>Interferon-alpha</mesh_term>
    <mesh_term>Peginterferon alfa-2a</mesh_term>
    <mesh_term>Ribavirin</mesh_term>
  </intervention_browse>
  <!-- Results have not yet been posted for this study                                -->
</clinical_study>
