<?xml version="1.0" encoding="UTF-8"?>
<clinical_study rank="95">
  <!-- This xml conforms to an XML Schema at:
    https://clinicaltrials.gov/ct2/html/images/info/public.xsd
 and an XML DTD at:
    https://clinicaltrials.gov/ct2/html/images/info/public.dtd -->
  <required_header>
    <download_date>ClinicalTrials.gov processed this data on December 13, 2015</download_date>
    <link_text>Link to the current ClinicalTrials.gov record.</link_text>
    <url>https://clinicaltrials.gov/show/NCT00869661</url>
  </required_header>
  <id_info>
    <org_study_id>NV20536</org_study_id>
    <secondary_id>2008-008258-21</secondary_id>
    <nct_id>NCT00869661</nct_id>
  </id_info>
  <brief_title>A Study of RO5024048 in Combination With Pegasys and Copegus in Treatment-Naive Patients With Chronic Hepatitis C, Genotype 1 or 4</brief_title>
  <official_title>A Randomized, Double-blind, Multicenter, Dose and Duration Finding Study to Evaluate the Sustained Virologic Response of the HCV Polymerase Inhibitor Prodrug (RO5024048) in Combination With Pegasys® and Ribavirin® (SOC) Versus SOC in Treatment-Naïve Patients With HCV Genotype 1 or 4 Infection</official_title>
  <sponsors>
    <lead_sponsor>
      <agency>Hoffmann-La Roche</agency>
      <agency_class>Industry</agency_class>
    </lead_sponsor>
  </sponsors>
  <source>Hoffmann-La Roche</source>
  <oversight_info>
    <authority>United States: Food and Drug Administration</authority>
  </oversight_info>
  <brief_summary>
    <textblock>
      This 6-arm study will assess the efficacy and safety of RO5024048 (R7128) in combination
      with the approved doses of Pegasys (180micrograms sc weekly) + Copegus (1000/1200mg po
      daily) (SOC), versus SOC in treatment-naive patients with chronic hepatitis C, genotype 1
      and 4. The first 3 groups will receive 1) RO5024048 500mg bid + Pegasys + Copegus for 12
      weeks, followed by SOC for 12 weeks; 2)RO5024048 1000mg bid + Pegasys + Copegus for 8 weeks,
      followed by SOC for 16 weeks; 3) RO5024048 1000mg bid + Pegasys + Copegus for 12 weeks,
      followed by SOC for 12 weeks. After 24 weeks, patients in these 3 groups who have achieved
      rapid viral response will stop treatment, and those who have not will receive SOC for a
      further 24 weeks. Group 4 will receive RO5024048 1000mg bid + Pegasys + Copegus for 12
      weeks, followed by SOC for 36 weeks, and group 5 will receive SOC for 48 weeks. Group 6
      provides retreatment on an open-label basis for patients of Group 5 who failed treatment.
      Patients will receive RO5024048 1000mg bid + Pegasys + Copegus for 24 weeks, followed by SOC
      for 24 weeks. The anticipated time on study treatment is 6-12 months.
    </textblock>
  </brief_summary>
  <overall_status>Completed</overall_status>
  <start_date>February 2001</start_date>
  <completion_date type="Actual">February 2012</completion_date>
  <primary_completion_date type="Actual">February 2012</primary_completion_date>
  <phase>Phase 2</phase>
  <study_type>Interventional</study_type>
  <study_design>Allocation: Randomized, Endpoint Classification: Safety/Efficacy Study, Intervention Model: Parallel Assignment, Masking: Double Blind (Subject, Investigator), Primary Purpose: Treatment</study_design>
  <primary_outcome>
    <measure>Sustained virologic response: Percentage of patients with undetectable Hepatitis C RNA level</measure>
    <time_frame>24 weeks after end of treatment</time_frame>
    <safety_issue>No</safety_issue>
  </primary_outcome>
  <secondary_outcome>
    <measure>Virologic response: Percentage of patients with undetectable Hepatitis C RNA level</measure>
    <time_frame>60 Weeks</time_frame>
    <safety_issue>No</safety_issue>
  </secondary_outcome>
  <secondary_outcome>
    <measure>Virologic response: Percentage of patients with undetectable Hepatitis C RNA level</measure>
    <time_frame>12 weeks post-treatment</time_frame>
    <safety_issue>No</safety_issue>
  </secondary_outcome>
  <secondary_outcome>
    <measure>Relapse rate: Percentage of patients who achieved a virologic response at the end of treatment but had detectable Hepatitis C RNA level at the last assessment post treatment</measure>
    <time_frame>72 weeks</time_frame>
    <safety_issue>No</safety_issue>
  </secondary_outcome>
  <secondary_outcome>
    <measure>Safety: Incidence of adverse events</measure>
    <time_frame>72 weeks</time_frame>
    <safety_issue>No</safety_issue>
  </secondary_outcome>
  <number_of_arms>6</number_of_arms>
  <enrollment type="Actual">413</enrollment>
  <condition>Hepatitis C, Chronic</condition>
  <arm_group>
    <arm_group_label>1</arm_group_label>
    <arm_group_type>Experimental</arm_group_type>
  </arm_group>
  <arm_group>
    <arm_group_label>2</arm_group_label>
    <arm_group_type>Experimental</arm_group_type>
  </arm_group>
  <arm_group>
    <arm_group_label>3</arm_group_label>
    <arm_group_type>Experimental</arm_group_type>
  </arm_group>
  <arm_group>
    <arm_group_label>4</arm_group_label>
    <arm_group_type>Experimental</arm_group_type>
  </arm_group>
  <arm_group>
    <arm_group_label>5</arm_group_label>
    <arm_group_type>Active Comparator</arm_group_type>
  </arm_group>
  <arm_group>
    <arm_group_label>6</arm_group_label>
    <arm_group_type>Experimental</arm_group_type>
  </arm_group>
  <intervention>
    <intervention_type>Drug</intervention_type>
    <intervention_name>Copegus</intervention_name>
    <description>1000/1200mg po daily for 24 or 48 weeks</description>
    <arm_group_label>1</arm_group_label>
    <arm_group_label>2</arm_group_label>
    <arm_group_label>3</arm_group_label>
  </intervention>
  <intervention>
    <intervention_type>Drug</intervention_type>
    <intervention_name>Copegus</intervention_name>
    <description>1000/1200mg po daily for 48 weeks</description>
    <arm_group_label>4</arm_group_label>
    <arm_group_label>5</arm_group_label>
    <arm_group_label>6</arm_group_label>
  </intervention>
  <intervention>
    <intervention_type>Drug</intervention_type>
    <intervention_name>Pegasys</intervention_name>
    <description>180 micrograms sc weekly for 24 or 48 weeks</description>
    <arm_group_label>1</arm_group_label>
    <arm_group_label>2</arm_group_label>
    <arm_group_label>3</arm_group_label>
  </intervention>
  <intervention>
    <intervention_type>Drug</intervention_type>
    <intervention_name>Pegasys</intervention_name>
    <description>180 micrograms sc weekly for 48 weeks</description>
    <arm_group_label>4</arm_group_label>
    <arm_group_label>5</arm_group_label>
    <arm_group_label>6</arm_group_label>
  </intervention>
  <intervention>
    <intervention_type>Drug</intervention_type>
    <intervention_name>RO5024048</intervention_name>
    <description>1000mg bid for 24 weeks</description>
    <arm_group_label>6</arm_group_label>
  </intervention>
  <intervention>
    <intervention_type>Drug</intervention_type>
    <intervention_name>RO5024048</intervention_name>
    <description>500mg bid for 12 weeks</description>
    <arm_group_label>1</arm_group_label>
  </intervention>
  <intervention>
    <intervention_type>Drug</intervention_type>
    <intervention_name>RO5024048</intervention_name>
    <description>1000mg bid for 8 weeks</description>
    <arm_group_label>2</arm_group_label>
  </intervention>
  <intervention>
    <intervention_type>Drug</intervention_type>
    <intervention_name>RO5024048</intervention_name>
    <description>1000mg bid for 12 weeks</description>
    <arm_group_label>3</arm_group_label>
    <arm_group_label>4</arm_group_label>
  </intervention>
  <eligibility>
    <criteria>
      <textblock>
        Inclusion Criteria:

          -  Adult patients, 18-65 years of age

          -  Chronic hepatitis C, genotype 1 or 4

          -  Treatment-naive

        Exclusion Criteria:

          -  No previous treatment with any interferon- or ribavirin-based therapy

          -  Other forms of liver disease

          -  HIV infection
      </textblock>
    </criteria>
    <gender>Both</gender>
    <minimum_age>18 Years</minimum_age>
    <maximum_age>65 Years</maximum_age>
    <healthy_volunteers>No</healthy_volunteers>
  </eligibility>
  <overall_official>
    <last_name>Clinical Trials</last_name>
    <role>Study Director</role>
    <affiliation>Hoffmann-La Roche</affiliation>
  </overall_official>
  <location>
    <facility>
      <address>
        <city>Birmingham</city>
        <state>Alabama</state>
        <zip>35294</zip>
        <country>United States</country>
      </address>
    </facility>
  </location>
  <location>
    <facility>
      <address>
        <city>La Jolla</city>
        <state>California</state>
        <zip>92037-1030</zip>
        <country>United States</country>
      </address>
    </facility>
  </location>
  <location>
    <facility>
      <address>
        <city>Sacramento</city>
        <state>California</state>
        <zip>95817</zip>
        <country>United States</country>
      </address>
    </facility>
  </location>
  <location>
    <facility>
      <address>
        <city>San Diego</city>
        <state>California</state>
        <zip>92103-8465</zip>
        <country>United States</country>
      </address>
    </facility>
  </location>
  <location>
    <facility>
      <address>
        <city>San Francisco</city>
        <state>California</state>
        <zip>94115</zip>
        <country>United States</country>
      </address>
    </facility>
  </location>
  <location>
    <facility>
      <address>
        <city>Washington</city>
        <state>District of Columbia</state>
        <zip>20037</zip>
        <country>United States</country>
      </address>
    </facility>
  </location>
  <location>
    <facility>
      <address>
        <city>Bradenton</city>
        <state>Florida</state>
        <zip>34209</zip>
        <country>United States</country>
      </address>
    </facility>
  </location>
  <location>
    <facility>
      <address>
        <city>Gainesville</city>
        <state>Florida</state>
        <zip>32610-0214</zip>
        <country>United States</country>
      </address>
    </facility>
  </location>
  <location>
    <facility>
      <address>
        <city>Marietta</city>
        <state>Georgia</state>
        <zip>30060</zip>
        <country>United States</country>
      </address>
    </facility>
  </location>
  <location>
    <facility>
      <address>
        <city>Chicago</city>
        <state>Illinois</state>
        <zip>60637</zip>
        <country>United States</country>
      </address>
    </facility>
  </location>
  <location>
    <facility>
      <address>
        <city>Lutherville</city>
        <state>Maryland</state>
        <zip>21093</zip>
        <country>United States</country>
      </address>
    </facility>
  </location>
  <location>
    <facility>
      <address>
        <city>Kansas City</city>
        <state>Missouri</state>
        <zip>64131</zip>
        <country>United States</country>
      </address>
    </facility>
  </location>
  <location>
    <facility>
      <address>
        <city>Newark</city>
        <state>New Jersey</state>
        <zip>07102</zip>
        <country>United States</country>
      </address>
    </facility>
  </location>
  <location>
    <facility>
      <address>
        <city>New York</city>
        <state>New York</state>
        <zip>10021</zip>
        <country>United States</country>
      </address>
    </facility>
  </location>
  <location>
    <facility>
      <address>
        <city>Hershey</city>
        <state>Pennsylvania</state>
        <zip>17033</zip>
        <country>United States</country>
      </address>
    </facility>
  </location>
  <location>
    <facility>
      <address>
        <city>Providence</city>
        <state>Rhode Island</state>
        <zip>02905</zip>
        <country>United States</country>
      </address>
    </facility>
  </location>
  <location>
    <facility>
      <address>
        <city>Columbia</city>
        <state>South Carolina</state>
        <zip>29204</zip>
        <country>United States</country>
      </address>
    </facility>
  </location>
  <location>
    <facility>
      <address>
        <city>Nashville</city>
        <state>Tennessee</state>
        <zip>37211</zip>
        <country>United States</country>
      </address>
    </facility>
  </location>
  <location>
    <facility>
      <address>
        <city>Houston</city>
        <state>Texas</state>
        <zip>77030</zip>
        <country>United States</country>
      </address>
    </facility>
  </location>
  <location>
    <facility>
      <address>
        <city>San Antonio</city>
        <state>Texas</state>
        <zip>78234</zip>
        <country>United States</country>
      </address>
    </facility>
  </location>
  <location>
    <facility>
      <address>
        <city>Richmond</city>
        <state>Virginia</state>
        <zip>23249</zip>
        <country>United States</country>
      </address>
    </facility>
  </location>
  <location>
    <facility>
      <address>
        <city>Sydney</city>
        <state>New South Wales</state>
        <zip>2050</zip>
        <country>Australia</country>
      </address>
    </facility>
  </location>
  <location>
    <facility>
      <address>
        <city>Greenslopes</city>
        <state>Queensland</state>
        <zip>4120</zip>
        <country>Australia</country>
      </address>
    </facility>
  </location>
  <location>
    <facility>
      <address>
        <city>Herston</city>
        <state>Queensland</state>
        <zip>4006</zip>
        <country>Australia</country>
      </address>
    </facility>
  </location>
  <location>
    <facility>
      <address>
        <city>Woolloongabba</city>
        <state>Queensland</state>
        <zip>4102</zip>
        <country>Australia</country>
      </address>
    </facility>
  </location>
  <location>
    <facility>
      <address>
        <city>Fitzroy</city>
        <state>Victoria</state>
        <zip>3065</zip>
        <country>Australia</country>
      </address>
    </facility>
  </location>
  <location>
    <facility>
      <address>
        <city>Melbourne</city>
        <state>Victoria</state>
        <zip>3004</zip>
        <country>Australia</country>
      </address>
    </facility>
  </location>
  <location>
    <facility>
      <address>
        <city>Nedlands</city>
        <state>Western Australia</state>
        <zip>6009</zip>
        <country>Australia</country>
      </address>
    </facility>
  </location>
  <location>
    <facility>
      <address>
        <city>Perth</city>
        <state>Western Australia</state>
        <zip>6001</zip>
        <country>Australia</country>
      </address>
    </facility>
  </location>
  <location>
    <facility>
      <address>
        <city>Wien</city>
        <zip>1090</zip>
        <country>Austria</country>
      </address>
    </facility>
  </location>
  <location>
    <facility>
      <address>
        <city>Calgary</city>
        <state>Alberta</state>
        <zip>T2N 4Z6</zip>
        <country>Canada</country>
      </address>
    </facility>
  </location>
  <location>
    <facility>
      <address>
        <city>Edmonton</city>
        <state>Alberta</state>
        <zip>T6G 2B7</zip>
        <country>Canada</country>
      </address>
    </facility>
  </location>
  <location>
    <facility>
      <address>
        <city>Vancouver</city>
        <state>British Columbia</state>
        <zip>V5Z 1M9</zip>
        <country>Canada</country>
      </address>
    </facility>
  </location>
  <location>
    <facility>
      <address>
        <city>Vancouver</city>
        <state>British Columbia</state>
        <zip>V6Z 2K5</zip>
        <country>Canada</country>
      </address>
    </facility>
  </location>
  <location>
    <facility>
      <address>
        <city>London</city>
        <state>Ontario</state>
        <zip>N6A 5A5</zip>
        <country>Canada</country>
      </address>
    </facility>
  </location>
  <location>
    <facility>
      <address>
        <city>Toronto</city>
        <state>Ontario</state>
        <zip>M5G 1L7</zip>
        <country>Canada</country>
      </address>
    </facility>
  </location>
  <location>
    <facility>
      <address>
        <city>Montreal</city>
        <state>Quebec</state>
        <zip>H2X 3J4</zip>
        <country>Canada</country>
      </address>
    </facility>
  </location>
  <location>
    <facility>
      <address>
        <city>Creteil</city>
        <zip>94010</zip>
        <country>France</country>
      </address>
    </facility>
  </location>
  <location>
    <facility>
      <address>
        <city>La Tronche</city>
        <zip>38700</zip>
        <country>France</country>
      </address>
    </facility>
  </location>
  <location>
    <facility>
      <address>
        <city>Lille</city>
        <zip>59037</zip>
        <country>France</country>
      </address>
    </facility>
  </location>
  <location>
    <facility>
      <address>
        <city>Nice</city>
        <zip>06202</zip>
        <country>France</country>
      </address>
    </facility>
  </location>
  <location>
    <facility>
      <address>
        <city>Paris</city>
        <zip>75651</zip>
        <country>France</country>
      </address>
    </facility>
  </location>
  <location>
    <facility>
      <address>
        <city>Paris</city>
        <zip>75679</zip>
        <country>France</country>
      </address>
    </facility>
  </location>
  <location>
    <facility>
      <address>
        <city>Pessac</city>
        <zip>33604</zip>
        <country>France</country>
      </address>
    </facility>
  </location>
  <location>
    <facility>
      <address>
        <city>Vandoeuvre-les-nancy</city>
        <zip>54511</zip>
        <country>France</country>
      </address>
    </facility>
  </location>
  <location>
    <facility>
      <address>
        <city>Berlin</city>
        <zip>13353</zip>
        <country>Germany</country>
      </address>
    </facility>
  </location>
  <location>
    <facility>
      <address>
        <city>Frankfurt Am Main</city>
        <zip>60590</zip>
        <country>Germany</country>
      </address>
    </facility>
  </location>
  <location>
    <facility>
      <address>
        <city>Freiburg</city>
        <zip>79106</zip>
        <country>Germany</country>
      </address>
    </facility>
  </location>
  <location>
    <facility>
      <address>
        <city>Hannover</city>
        <zip>30625</zip>
        <country>Germany</country>
      </address>
    </facility>
  </location>
  <location>
    <facility>
      <address>
        <city>Muenchen</city>
        <zip>81377</zip>
        <country>Germany</country>
      </address>
    </facility>
  </location>
  <location>
    <facility>
      <address>
        <city>Ulm</city>
        <zip>89081</zip>
        <country>Germany</country>
      </address>
    </facility>
  </location>
  <location>
    <facility>
      <address>
        <city>Bologna</city>
        <state>Emilia-Romagna</state>
        <zip>40138</zip>
        <country>Italy</country>
      </address>
    </facility>
  </location>
  <location>
    <facility>
      <address>
        <city>Milano</city>
        <state>Lombardia</state>
        <zip>20121</zip>
        <country>Italy</country>
      </address>
    </facility>
  </location>
  <location>
    <facility>
      <address>
        <city>Torino</city>
        <state>Piemonte</state>
        <zip>10126</zip>
        <country>Italy</country>
      </address>
    </facility>
  </location>
  <location>
    <facility>
      <address>
        <city>Pisa</city>
        <state>Toscana</state>
        <zip>56124</zip>
        <country>Italy</country>
      </address>
    </facility>
  </location>
  <location>
    <facility>
      <address>
        <city>Santurce</city>
        <zip>00909</zip>
        <country>Puerto Rico</country>
      </address>
    </facility>
  </location>
  <location>
    <facility>
      <address>
        <city>Badalona</city>
        <state>Barcelona</state>
        <zip>08915</zip>
        <country>Spain</country>
      </address>
    </facility>
  </location>
  <location>
    <facility>
      <address>
        <city>La Coruna</city>
        <state>La Coruña</state>
        <zip>15006</zip>
        <country>Spain</country>
      </address>
    </facility>
  </location>
  <location>
    <facility>
      <address>
        <city>Barcelona</city>
        <zip>08003</zip>
        <country>Spain</country>
      </address>
    </facility>
  </location>
  <location>
    <facility>
      <address>
        <city>Barcelona</city>
        <zip>08036</zip>
        <country>Spain</country>
      </address>
    </facility>
  </location>
  <location>
    <facility>
      <address>
        <city>Granada</city>
        <zip>18003</zip>
        <country>Spain</country>
      </address>
    </facility>
  </location>
  <location>
    <facility>
      <address>
        <city>Madrid</city>
        <zip>28222</zip>
        <country>Spain</country>
      </address>
    </facility>
  </location>
  <location>
    <facility>
      <address>
        <city>Sevilla</city>
        <zip>41014</zip>
        <country>Spain</country>
      </address>
    </facility>
  </location>
  <location>
    <facility>
      <address>
        <city>Valencia</city>
        <zip>46014</zip>
        <country>Spain</country>
      </address>
    </facility>
  </location>
  <location>
    <facility>
      <address>
        <city>London</city>
        <zip>SE5 9RS</zip>
        <country>United Kingdom</country>
      </address>
    </facility>
  </location>
  <location>
    <facility>
      <address>
        <city>London</city>
        <zip>W1 1TF</zip>
        <country>United Kingdom</country>
      </address>
    </facility>
  </location>
  <location_countries>
    <country>Australia</country>
    <country>Austria</country>
    <country>Canada</country>
    <country>France</country>
    <country>Germany</country>
    <country>Italy</country>
    <country>Puerto Rico</country>
    <country>Spain</country>
    <country>United Kingdom</country>
    <country>United States</country>
  </location_countries>
  <verification_date>December 2015</verification_date>
  <lastchanged_date>December 1, 2015</lastchanged_date>
  <firstreceived_date>March 25, 2009</firstreceived_date>
  <responsible_party>
    <responsible_party_type>Sponsor</responsible_party_type>
  </responsible_party>
  <is_fda_regulated>Yes</is_fda_regulated>
  <is_section_801>Yes</is_section_801>
  <has_expanded_access>No</has_expanded_access>
  <condition_browse>
    <!-- CAUTION:  The following MeSH terms are assigned with an imperfect algorithm  -->
    <mesh_term>Hepatitis</mesh_term>
    <mesh_term>Hepatitis C</mesh_term>
    <mesh_term>Hepatitis C, Chronic</mesh_term>
  </condition_browse>
  <intervention_browse>
    <!-- CAUTION:  The following MeSH terms are assigned with an imperfect algorithm  -->
    <mesh_term>Peginterferon alfa-2a</mesh_term>
    <mesh_term>Ribavirin</mesh_term>
  </intervention_browse>
  <!-- Results have not yet been posted for this study                                -->
</clinical_study>
