<?xml version="1.0" encoding="UTF-8"?>
<clinical_study rank="374">
  <!-- This xml conforms to an XML Schema at:
    https://clinicaltrials.gov/ct2/html/images/info/public.xsd
 and an XML DTD at:
    https://clinicaltrials.gov/ct2/html/images/info/public.dtd -->
  <required_header>
    <download_date>ClinicalTrials.gov processed this data on December 13, 2015</download_date>
    <link_text>Link to the current ClinicalTrials.gov record.</link_text>
    <url>https://clinicaltrials.gov/show/NCT00100581</url>
  </required_header>
  <id_info>
    <org_study_id>A5184</org_study_id>
    <secondary_id>10133</secondary_id>
    <secondary_id>ACTG A5184</secondary_id>
    <nct_id>NCT00100581</nct_id>
  </id_info>
  <brief_title>Effects of Anti-HIV Therapy on Treatment for Hepatitis C in HCV/HIV Infected Adults</brief_title>
  <official_title>An Open-Label, Randomized Study to Determine the Impact of Antiretroviral Treatment in HCV/HIV-Coinfected Subjects With High CD4+ Cell Count on the Efficacy of Hepatitis C Treatment With Pegylated Interferon Alfa-2A and Ribavirin</official_title>
  <sponsors>
    <lead_sponsor>
      <agency>National Institute of Allergy and Infectious Diseases (NIAID)</agency>
      <agency_class>NIH</agency_class>
    </lead_sponsor>
  </sponsors>
  <source>National Institute of Allergy and Infectious Diseases (NIAID)</source>
  <oversight_info>
    <authority>United States: Food and Drug Administration</authority>
  </oversight_info>
  <brief_summary>
    <textblock>
      A significant proportion of HIV infected people in the U.S. are also infected with hepatitis
      C virus (HCV). The purpose of this study is to determine the effects of anti-HIV therapy on
      treatment of HCV with pegylated interferon alfa-2a and ribavirin (PEG/RBV).
    </textblock>
  </brief_summary>
  <detailed_description>
    <textblock>
      An estimated 15% to 30% of HIV infected people in the U.S. are also infected with HCV. Since
      the introduction of antiretroviral therapy (ART) for the treatment of HIV, HCV infection has
      emerged as a major cause of morbidity and mortality in HCV/HIV coinfected patients. One
      infection often accelerates the progression of the other, and effective management
      strategies for both infections need to be developed for HCV/HIV coinfected patients. This
      study will determine whether HIV ART followed by HCV therapy taken concurrently with ART
      results in better treatment outcomes compared to HCV therapy alone.

      This study will last up to 102 weeks. Participants will be randomly assigned to one of two
      arms. Arm A participants will receive 24 to 30 weeks of ART consisting of tenofovir
      disoproxil fumarate (TDF) and lamivudine (3TC) and either efavirenz (EFV) or
      lopinavir/ritonavir (LPV/r). If deemed eligible, Arm A participants will continue their ART
      regimen and begin a concurrent PEG/RBV regimen for up to 48 weeks. At Week 48, participants
      in Arm A will stop PEG/RBV and will be followed for an additional 24 weeks on ART alone.

      Arm B participants will receive PEG/RBV alone for up to 48 weeks. At Week 48, participants
      in Arm B will be followed for an additional 48 weeks with no treatment.

      There will be 20 study visits over 102 weeks for Arm A participants and 18 study visits over
      96 weeks for Arm B participants. Blood collection and clinical assessment will occur at all
      visits, and urine collection will occur at selected visits. Participants will also be asked
      to complete adherence questionnaires. Participants in this study are encouraged to also
      enroll in ACTG A5128.
    </textblock>
  </detailed_description>
  <overall_status>Completed</overall_status>
  <completion_date type="Actual">January 2007</completion_date>
  <phase>N/A</phase>
  <study_type>Interventional</study_type>
  <study_design>Allocation: Randomized, Endpoint Classification: Safety/Efficacy Study, Intervention Model: Parallel Assignment, Masking: Open Label, Primary Purpose: Treatment</study_design>
  <primary_outcome>
    <measure>HCV viral load at least 2 log10 less than baseline or below the limit of detection by quantitative assay at 12 weeks after the start of HCV treatment (early virologic response)</measure>
  </primary_outcome>
  <primary_outcome>
    <measure>HIV and/or HCV treatment-limiting or Grade 4 or higher signs and symptoms and laboratory values</measure>
  </primary_outcome>
  <enrollment type="Actual">2</enrollment>
  <condition>HIV Infections</condition>
  <condition>Hepatitis C</condition>
  <intervention>
    <intervention_type>Drug</intervention_type>
    <intervention_name>Efavirenz</intervention_name>
  </intervention>
  <intervention>
    <intervention_type>Drug</intervention_type>
    <intervention_name>Lamivudine</intervention_name>
  </intervention>
  <intervention>
    <intervention_type>Drug</intervention_type>
    <intervention_name>Lopinavir/ritonavir</intervention_name>
  </intervention>
  <intervention>
    <intervention_type>Drug</intervention_type>
    <intervention_name>Pegylated interferon alfa-2a</intervention_name>
  </intervention>
  <intervention>
    <intervention_type>Drug</intervention_type>
    <intervention_name>Ribavirin</intervention_name>
  </intervention>
  <intervention>
    <intervention_type>Drug</intervention_type>
    <intervention_name>Tenofovir disoproxil fumarate</intervention_name>
  </intervention>
  <eligibility>
    <criteria>
      <textblock>
        Inclusion Criteria for Step 1:

          -  HIV infected

          -  HIV viral load of greater than 1000 copies/ml within 45 days of study entry

          -  HCV genotype 1 infected

          -  CD4 count of 300 cells/mm3 or greater within 45 days prior to study entry

          -  ART-naive or off ART for at least 6 months

          -  Willing to accept randomly assigned study treatment

          -  Willing to use acceptable forms of contraception during the study and for 6 months
             after stopping all study medications

          -  Chronic liver disease consistent with chronic viral hepatitis as indicated by either
             liver biopsy within 2 years prior to study entry or a physician's report of hepatitis
             C infection for more than 6 months. Participants with cirrhosis or without a liver
             biopsy result within 2 years of study entry must have a serum alpha-fetoprotein of
             100 ng/ml or less and a Child-Pugh score of 6 or higher within 45 days prior to study
             entry to be eligible for this study.

        Exclusion Criteria for Step 1:

          -  Hepatitis B surface antigen positive within 45 days prior to study entry

          -  HCV genotype other than genotype 1 at any time prior to study entry

          -  Any medical conditions associated with chronic liver disease other than HCV (e.g.,
             genetic hemochromatosis, autoimmune hepatitis)

          -  Prior use of intravenous or subcutaneous interferon for more than 2 weeks total at
             any time prior to study entry

          -  Known allergy/sensitivity to pegylated interferon alpha-2a, ribavirin, or their
             formulations

          -  Current drug or alcohol abuse that, in the opinion of the investigator, may interfere
             with the study. Participants in methadone programs are not excluded, but may require
             methadone dose changes during the study.

          -  Need to start ART at the time of study entry

          -  Uncontrolled diabetes mellitus within 30 days prior to study entry

          -  Previous suicide attempt or hospitalization for a psychiatric illness within 6 months
             prior to study entry. Participants with psychiatric disease, especially depression,
             uncontrolled with medication are not eligible for the study.

          -  Prior or current evidence of immunologically mediated disease (e.g., inflammatory
             bowel disease, lupus erythematosus, autoimmune hemolytic anemia, scleroderma, severe
             psoriasis, rheumatoid arthritis)

          -  Chronic pulmonary disease associated with functional limitation

          -  Severe cardiac disease within 24 weeks prior to study entry

          -  History of severe retinopathy due to diabetes, hypertension, cytomegalovirus, or
             macular degeneration

          -  History of major organ transplantation

          -  Severe illness, cancer, or other conditions that would interfere with the study

          -  Any systemic antineoplastic or immunomodulatory treatment (except epoetin alfa or
             granulocyte colony-stimulating factor [G-CSF]) or radiation within 24 weeks of study
             entry. Participants who anticipate the need to begin such treatment during the study
             are not eligible.

          -  History of hemoglobinopathy (e.g., thalassemia, sickle cell anemia)

          -  Require certain medications

          -  Evidence of decompensated liver disease, such as history or presence of ascites,
             jaundice, bleeding varices, or hepatic encephalopathy

          -  Prior opportunistic infection or lowest ever CD4 count less than 200 cells/mm3

          -  Has a pregnant partner

          -  Pregnancy or breastfeeding
      </textblock>
    </criteria>
    <gender>Both</gender>
    <minimum_age>18 Years</minimum_age>
    <maximum_age>65 Years</maximum_age>
    <healthy_volunteers>No</healthy_volunteers>
  </eligibility>
  <overall_official>
    <last_name>Barbara Gripshover, MD</last_name>
    <role>Study Chair</role>
    <affiliation>University Hospitals of Cleveland, Case Western Reserve University</affiliation>
  </overall_official>
  <overall_official>
    <last_name>Mark S. Sulkowski, MD</last_name>
    <role>Study Chair</role>
    <affiliation>Viral Hepatitis Center, Johns Hopkins University School of Medicine</affiliation>
  </overall_official>
  <location>
    <facility>
      <name>Columbia Univ., HIV Prevention and Treatment Medical Ctr.</name>
      <address>
        <city>New York</city>
        <state>New York</state>
        <zip>10032-3784</zip>
        <country>United States</country>
      </address>
    </facility>
  </location>
  <location>
    <facility>
      <name>Univ. of Texas Southwestern Med. Ctr., Amelia Court Continuity Clinic</name>
      <address>
        <city>Dallas</city>
        <state>Texas</state>
        <zip>75235-9173</zip>
        <country>United States</country>
      </address>
    </facility>
  </location>
  <location_countries>
    <country>United States</country>
  </location_countries>
  <removed_countries>
    <country>Puerto Rico</country>
  </removed_countries>
  <link>
    <url>http://aidsinfo.nih.gov/DrugsNew/DrugDetailNT.aspx?MenuItem=Drugs&amp;Search=Off&amp;int_id=269&amp;ClassID=3&amp;TypeID=1</url>
    <description>Click here for more information on efavirenz</description>
  </link>
  <link>
    <url>http://aidsinfo.nih.gov/DrugsNew/DrugDetailNT.aspx?MenuItem=Drugs&amp;Search=Off&amp;int_id=126&amp;ClassID=2&amp;TypeID=1</url>
    <description>Click here for more information on lamivudine</description>
  </link>
  <link>
    <url>http://aidsinfo.nih.gov/DrugsNew/DrugDetailNT.aspx?MenuItem=Drugs&amp;Search=Off&amp;int_id=316&amp;ClassID=1&amp;TypeID=1</url>
    <description>Click here for more information on lopinavir/ritonavir</description>
  </link>
  <link>
    <url>http://aidsinfo.nih.gov/DrugsNew/DrugDetailNT.aspx?MenuItem=Drugs&amp;Search=Off&amp;int_id=336&amp;ClassID=6&amp;TypeID=1</url>
    <description>Click here for information on peginterferon alfa-2</description>
  </link>
  <link>
    <url>http://aidsinfo.nih.gov/DrugsNew/DrugDetailNT.aspx?MenuItem=Drugs&amp;Search=Off&amp;int_id=28&amp;ClassID=6&amp;TypeID=1</url>
    <description>Click here for more information on ribavirin</description>
  </link>
  <link>
    <url>http://aidsinfo.nih.gov/DrugsNew/DrugDetailNT.aspx?MenuItem=Drugs&amp;Search=Off&amp;int_id=290&amp;ClassID=2&amp;TypeID=1</url>
    <description>Click here for more information on tenofovir disoproxil fumarate</description>
  </link>
  <link>
    <url>http://clinicaltrials.gov/ct/show/NCT00031408</url>
    <description>Click here for more information on ACTG A5128</description>
  </link>
  <link>
    <url>http://aidsinfo.nih.gov/clinicaltrials/htmltrials_sp.asp?an=1544</url>
    <description>Haga clic aquí para ver información sobre este ensayo clínico en español.</description>
  </link>
  <reference>
    <citation>Mehta SH, Thomas DL, Torbenson M, Brinkley S, Mirel L, Chaisson RE, Moore RD, Sulkowski MS. The effect of antiretroviral therapy on liver disease among adults with HIV and hepatitis C coinfection. Hepatology. 2005 Jan;41(1):123-31.</citation>
    <PMID>15619237</PMID>
  </reference>
  <reference>
    <citation>Plosker GL, Keating GM. Peginterferon-alpha-2a (40kD) plus ribavirin: a review of its use in hepatitis C Virus And HIV co-infection. Drugs. 2004;64(24):2823-43. Review.</citation>
    <PMID>15563253</PMID>
  </reference>
  <reference>
    <citation>Sterling RK, Sulkowski MS. Hepatitis C virus in the setting of HIV or hepatitis B virus coinfection. Semin Liver Dis. 2004;24 Suppl 2:61-8. Review.</citation>
    <PMID>15346248</PMID>
  </reference>
  <reference>
    <citation>Sulkowski MS, Moore RD, Mehta SH, Chaisson RE, Thomas DL. Hepatitis C and progression of HIV disease. JAMA. 2002 Jul 10;288(2):199-206.</citation>
    <PMID>12095384</PMID>
  </reference>
  <reference>
    <citation>Sulkowski MS, Thomas DL. Hepatitis C in the HIV-infected patient. Clin Liver Dis. 2003 Feb;7(1):179-94. Review.</citation>
    <PMID>12691466</PMID>
  </reference>
  <verification_date>May 2012</verification_date>
  <lastchanged_date>May 17, 2012</lastchanged_date>
  <firstreceived_date>January 3, 2005</firstreceived_date>
  <responsible_party>
    <responsible_party_type>Sponsor</responsible_party_type>
  </responsible_party>
  <keyword>Treatment Naive</keyword>
  <has_expanded_access>No</has_expanded_access>
  <condition_browse>
    <!-- CAUTION:  The following MeSH terms are assigned with an imperfect algorithm  -->
    <mesh_term>Hepatitis</mesh_term>
    <mesh_term>Hepatitis A</mesh_term>
    <mesh_term>Hepatitis C</mesh_term>
  </condition_browse>
  <intervention_browse>
    <!-- CAUTION:  The following MeSH terms are assigned with an imperfect algorithm  -->
    <mesh_term>Interferon-alpha</mesh_term>
    <mesh_term>Interferons</mesh_term>
    <mesh_term>Lopinavir</mesh_term>
    <mesh_term>Peginterferon alfa-2a</mesh_term>
    <mesh_term>Ribavirin</mesh_term>
    <mesh_term>Tenofovir</mesh_term>
    <mesh_term>Tenofovir disoproxil</mesh_term>
  </intervention_browse>
  <!-- Results have not yet been posted for this study                                -->
</clinical_study>
