<?xml version="1.0" encoding="UTF-8"?>
<clinical_study rank="84">
  <!-- This xml conforms to an XML Schema at:
    https://clinicaltrials.gov/ct2/html/images/info/public.xsd
 and an XML DTD at:
    https://clinicaltrials.gov/ct2/html/images/info/public.dtd -->
  <required_header>
    <download_date>ClinicalTrials.gov processed this data on December 13, 2015</download_date>
    <link_text>Link to the current ClinicalTrials.gov record.</link_text>
    <url>https://clinicaltrials.gov/show/NCT00049530</url>
  </required_header>
  <id_info>
    <org_study_id>CDR0000258114</org_study_id>
    <secondary_id>E2602</secondary_id>
    <secondary_id>U10CA021115</secondary_id>
    <nct_id>NCT00049530</nct_id>
  </id_info>
  <brief_title>PEG-Interferon Alfa-2b in Treating Patients With Stage IV Melanoma</brief_title>
  <official_title>Phase II Study of Low Dose Peginterferon Alfa-2b in Patients With Metastatic Melanoma Over-Expressing Basic Fibroblast Growth Factor</official_title>
  <sponsors>
    <lead_sponsor>
      <agency>Eastern Cooperative Oncology Group</agency>
      <agency_class>Other</agency_class>
    </lead_sponsor>
    <collaborator>
      <agency>National Cancer Institute (NCI)</agency>
      <agency_class>NIH</agency_class>
    </collaborator>
  </sponsors>
  <source>Eastern Cooperative Oncology Group</source>
  <oversight_info>
    <authority>United States: Federal Government</authority>
    <has_dmc>No</has_dmc>
  </oversight_info>
  <brief_summary>
    <textblock>
      RATIONALE: Peginterferon (PEG-interferon) alfa-2b may stop the growth of cancer by stopping
      blood flow to the tumor.

      PURPOSE: Phase II trial to study the effectiveness of PEG-interferon alfa-2b in treating
      patients who have stage IV melanoma.
    </textblock>
  </brief_summary>
  <detailed_description>
    <textblock>
      OBJECTIVES:

        -  Determine the ability of low-dose PEG-interferon alfa-2b to suppress plasma basic
           fibroblast growth factor (b-FGF) levels to normal in patients with metastatic melanoma
           over-expressing b-FGF.

        -  Determine the antitumor effect of this drug, in terms of progression-free and overall
           survival and tumor response, in these patients.

        -  Correlate tumor activity of this drug with b-FGF and vascular endothelial growth factor
           levels in the plasma and urine of these patients.

        -  Determine the safety profile of this drug in these patients.

      OUTLINE: This is a multicenter study.

      Patients receive PEG-interferon alfa-2b subcutaneously (SC) once weekly. Treatment continues
      until basic fibroblast growth factor level is suppressed to normal or until a maximum weekly
      dose is reached. If there is disease progression, patients then discontinue treatment. If
      there is no disease progression, patients receive PEG-interferon alfa-2b SC weekly for up to
      1 year in the absence of disease progression or unacceptable toxicity.

      Patients are followed every 3 months for 2 years and then every 6 months for 1 year.

      PROJECTED ACCRUAL: A total of 32 patients will be accrued for this study within 2 years.
    </textblock>
  </detailed_description>
  <overall_status>Completed</overall_status>
  <start_date>September 2003</start_date>
  <completion_date type="Actual">June 2014</completion_date>
  <primary_completion_date type="Actual">August 2012</primary_completion_date>
  <phase>Phase 2</phase>
  <study_type>Interventional</study_type>
  <study_design>Intervention Model: Single Group Assignment, Masking: Open Label, Primary Purpose: Treatment</study_design>
  <primary_outcome>
    <measure>Plasma b-FGF Level Response</measure>
    <time_frame>assessed every 3 weeks until the suppression of plasma b-FGF level to normal, then every 6 weeks until the completion of 12 months of treatment, and upon treatment discontinuation</time_frame>
    <safety_issue>No</safety_issue>
    <description>The primary endpoint was the suppression of plasma b-FGF level with low dose peginterferon alfa-2b. A clinically important reduction of plasma b-FGF levels was determined to be a level less than or equal to 7.5 pg/mL. A patient was considered to have a suppressed plasma b-FGF level, if the patient experienced the clinically significant reduction (less than or equal to 7.5 pg/mL) of plasma b-FGF levels for two consecutive determinations which were at least three weeks apart. This was considered as a b-FGF response.</description>
  </primary_outcome>
  <secondary_outcome>
    <measure>Non-progression Rate (Clinical Response to Peginterferon Alfa-2b)</measure>
    <time_frame>assessed every 9 weeks until suppression of plasma b-FGF level to normal, every 12 weeks until the completion of 12 months of treatment, &gt;= 4 weeks after documented response. After off treatment, every 3 months if &lt;2 years, and every 6 months if 2-3 years</time_frame>
    <safety_issue>No</safety_issue>
    <description>Objective tumor response was assessed using RECIST (Response Evaluation Criteria in Solid Tumors) 1.0 criteria. Per RECIST criteria, complete response (CR) = disappearance of all target and non-target lesions. Partial response (PR)= &gt;=30% decrease in the sum of the longest diameters of target lesions from baseline, and persistence of one or more non-target lesion(s) and/or the maintenance of tumor marker level above the normal limits. Progression is defined as at least 20% increase in the sum of the longest diameters of target lesions, taking as reference the smallest sum longest diameter recorded since the baseline measurements, or the appearance of one or more new lesion(s) or unequivocal progression of existing non-target lesions. Stable disease (SD) = did not meet criteria for response or progression.
Non-progression rate = CR + PR + SD.</description>
  </secondary_outcome>
  <secondary_outcome>
    <measure>Progression Free Survival</measure>
    <time_frame>assessed every 9 weeks until suppression of plasma b-FGF level to normal, every 12 weeks until the completion of 12 months of treatment, &gt;= 4 weeks after documented response. After off treatment, every 3 months if &lt;2 years, and every 6 months if 2-3 years</time_frame>
    <safety_issue>No</safety_issue>
    <description>Progression free survival (PFS) was defined as the time from registration to disease progression, or censored at last known date of non progressive disease.</description>
  </secondary_outcome>
  <secondary_outcome>
    <measure>Overall Survival</measure>
    <time_frame>assessed every 3 months if &lt;2 years, and every 6 months if 2-3 years</time_frame>
    <safety_issue>No</safety_issue>
    <description>Overall survival (OS) time was defined as the time from registration to death from any cause, or censored at last known date of survival.</description>
  </secondary_outcome>
  <number_of_arms>1</number_of_arms>
  <enrollment type="Actual">32</enrollment>
  <condition>Melanoma (Skin)</condition>
  <arm_group>
    <arm_group_label>PEG-interferon alfa-2b</arm_group_label>
    <arm_group_type>Experimental</arm_group_type>
    <description>Patients receive PEG-interferon alfa-2b subcutaneously (SC) once weekly. Treatment continues until basic fibroblast growth factor level is suppressed to normal or until a maximum weekly dose is reached. If there is disease progression, patients then discontinue treatment. If there is no disease progression, patients receive PEG-interferon alfa-2b SC weekly for up to 1 year in the absence of disease progression or unacceptable toxicity.</description>
  </arm_group>
  <intervention>
    <intervention_type>Biological</intervention_type>
    <intervention_name>PEG-interferon alfa-2b</intervention_name>
    <description>Patients receive PEG-interferon alfa-2b subcutaneously (SC) once weekly. Treatment continues until basic fibroblast growth factor level is suppressed to normal or until a maximum weekly dose is reached. If there is disease progression, patients then discontinue treatment. If there is no disease progression, patients receive PEG-interferon alfa-2b SC weekly for up to 1 year in the absence of disease progression or unacceptable toxicity.</description>
    <arm_group_label>PEG-interferon alfa-2b</arm_group_label>
  </intervention>
  <eligibility>
    <criteria>
      <textblock>
        Inclusion criteria:

          -  Histologically confirmed stage IV melanoma

               -  Stage M1a, M1b, or M1c

               -  Mucosal, ocular, or unknown primary melanoma

          -  Previously untreated OR received up to 3 prior systemic therapy regimens (excluding
             vaccine therapy) for metastatic disease

          -  Plasma basic fibroblast growth factor level at least 15 pg/mL

          -  Measurable or evaluable disease

          -  Central nervous system (CNS) involvement allowed provided CNS directed therapy has
             been given and disease has been clinically stable for ≥ 3 months

               -  Brain computed tomography (CT) scan or Magnetic resonance imaging (MRI) to
                  confirm stable disease required ≤ 4 weeks prior to study entry

          -  Age: 18 and over

          -  ECOG Performance status of 0-2

          -  Life expectancy at least 6 months

          -  Absolute neutrophil count at least 1,500/mm^3

          -  Platelet count at least 100,000/mm^3

          -  Hemoglobin at least 8 g/dL (transfusions allowed)

          -  Bilirubin no greater than 2 times upper limit of normal (ULN)

          -  Alanine Aminotransferase (ALT) no greater than 2 times ULN

          -  Creatinine no greater than 1.5 mg/dL OR Creatinine clearance at least 60 mL/min

          -  At least 4 weeks since prior interferon in the adjuvant or metastatic setting

          -  At least 4 weeks since prior chemotherapy in the adjuvant or metastatic setting

          -  At least 4 weeks since prior endocrine therapy in the adjuvant or metastatic setting

          -  At least 4 weeks since prior radiotherapy in the adjuvant or metastatic setting

          -  At least 4 weeks since prior surgery in the adjuvant or metastatic setting

          -  At least 4 weeks since other prior therapy in the adjuvant or metastatic setting

          -  Negative pregnancy test

          -  Fertile patients must use effective contraception

        Exclusion criteria:

          -  Myocardial infarction within the past 6 months

          -  Other active malignancy within the past 5 years except curatively treated basal cell
             or squamous cell skin cancer or carcinoma in situ of the cervix

          -  Other concurrent illness that would preclude study participation

          -  History of severe depression

          -  Pregnant or nursing
      </textblock>
    </criteria>
    <gender>Both</gender>
    <minimum_age>18 Years</minimum_age>
    <maximum_age>N/A</maximum_age>
    <healthy_volunteers>No</healthy_volunteers>
  </eligibility>
  <overall_official>
    <last_name>Ronald S. Go, MD</last_name>
    <role>Study Chair</role>
    <affiliation>Gundersen Lutheran Center for Cancer and Blood</affiliation>
  </overall_official>
  <location>
    <facility>
      <name>UAB Comprehensive Cancer Center</name>
      <address>
        <city>Birmingham</city>
        <state>Alabama</state>
        <zip>35294</zip>
        <country>United States</country>
      </address>
    </facility>
  </location>
  <location>
    <facility>
      <name>Lakeland Regional Cancer Center at Lakeland Regional Medical Center</name>
      <address>
        <city>Lakeland</city>
        <state>Florida</state>
        <zip>33805</zip>
        <country>United States</country>
      </address>
    </facility>
  </location>
  <location>
    <facility>
      <name>St. Joseph Medical Center</name>
      <address>
        <city>Bloomington</city>
        <state>Illinois</state>
        <zip>61701</zip>
        <country>United States</country>
      </address>
    </facility>
  </location>
  <location>
    <facility>
      <name>Graham Hospital</name>
      <address>
        <city>Canton</city>
        <state>Illinois</state>
        <zip>61520</zip>
        <country>United States</country>
      </address>
    </facility>
  </location>
  <location>
    <facility>
      <name>Memorial Hospital</name>
      <address>
        <city>Carthage</city>
        <state>Illinois</state>
        <zip>62321</zip>
        <country>United States</country>
      </address>
    </facility>
  </location>
  <location>
    <facility>
      <name>Decatur Memorial Hospital Cancer Care Institute</name>
      <address>
        <city>Decatur</city>
        <state>Illinois</state>
        <zip>62526</zip>
        <country>United States</country>
      </address>
    </facility>
  </location>
  <location>
    <facility>
      <name>Eureka Community Hospital</name>
      <address>
        <city>Eureka</city>
        <state>Illinois</state>
        <zip>61530</zip>
        <country>United States</country>
      </address>
    </facility>
  </location>
  <location>
    <facility>
      <name>Galesburg Clinic, PC</name>
      <address>
        <city>Galesburg</city>
        <state>Illinois</state>
        <zip>61401</zip>
        <country>United States</country>
      </address>
    </facility>
  </location>
  <location>
    <facility>
      <name>Mason District Hospital</name>
      <address>
        <city>Havana</city>
        <state>Illinois</state>
        <zip>62644</zip>
        <country>United States</country>
      </address>
    </facility>
  </location>
  <location>
    <facility>
      <name>Hinsdale Hematology Oncology Associates</name>
      <address>
        <city>Hinsdale</city>
        <state>Illinois</state>
        <zip>60521</zip>
        <country>United States</country>
      </address>
    </facility>
  </location>
  <location>
    <facility>
      <name>McDonough District Hospital</name>
      <address>
        <city>Macomb</city>
        <state>Illinois</state>
        <zip>61455</zip>
        <country>United States</country>
      </address>
    </facility>
  </location>
  <location>
    <facility>
      <name>BroMenn Regional Medical Center</name>
      <address>
        <city>Normal</city>
        <state>Illinois</state>
        <zip>61761</zip>
        <country>United States</country>
      </address>
    </facility>
  </location>
  <location>
    <facility>
      <name>Community Cancer Center</name>
      <address>
        <city>Normal</city>
        <state>Illinois</state>
        <zip>61761</zip>
        <country>United States</country>
      </address>
    </facility>
  </location>
  <location>
    <facility>
      <name>Community Hospital of Ottawa</name>
      <address>
        <city>Ottawa</city>
        <state>Illinois</state>
        <zip>61350</zip>
        <country>United States</country>
      </address>
    </facility>
  </location>
  <location>
    <facility>
      <name>Cancer Treatment Center at Pekin Hospital</name>
      <address>
        <city>Pekin</city>
        <state>Illinois</state>
        <zip>61554</zip>
        <country>United States</country>
      </address>
    </facility>
  </location>
  <location>
    <facility>
      <name>CCOP - Illinois Oncology Research Association</name>
      <address>
        <city>Peoria</city>
        <state>Illinois</state>
        <zip>61615</zip>
        <country>United States</country>
      </address>
    </facility>
  </location>
  <location>
    <facility>
      <name>Methodist Medical Center of Illinois</name>
      <address>
        <city>Peoria</city>
        <state>Illinois</state>
        <zip>61636</zip>
        <country>United States</country>
      </address>
    </facility>
  </location>
  <location>
    <facility>
      <name>Oncology Hematology Associates of Central Illinois, PC - Peoria</name>
      <address>
        <city>Peoria</city>
        <state>Illinois</state>
        <zip>61615</zip>
        <country>United States</country>
      </address>
    </facility>
  </location>
  <location>
    <facility>
      <name>OSF St. Francis Medical Center</name>
      <address>
        <city>Peoria</city>
        <state>Illinois</state>
        <zip>61637</zip>
        <country>United States</country>
      </address>
    </facility>
  </location>
  <location>
    <facility>
      <name>Proctor Hospital</name>
      <address>
        <city>Peoria</city>
        <state>Illinois</state>
        <zip>61614</zip>
        <country>United States</country>
      </address>
    </facility>
  </location>
  <location>
    <facility>
      <name>Illinois Valley Community Hospital</name>
      <address>
        <city>Peru</city>
        <state>Illinois</state>
        <zip>61354</zip>
        <country>United States</country>
      </address>
    </facility>
  </location>
  <location>
    <facility>
      <name>Perry Memorial Hospital</name>
      <address>
        <city>Princeton</city>
        <state>Illinois</state>
        <zip>61356</zip>
        <country>United States</country>
      </address>
    </facility>
  </location>
  <location>
    <facility>
      <name>Swedish-American Regional Cancer Center</name>
      <address>
        <city>Rockford</city>
        <state>Illinois</state>
        <zip>61104-2315</zip>
        <country>United States</country>
      </address>
    </facility>
  </location>
  <location>
    <facility>
      <name>Borgess Medical Center</name>
      <address>
        <city>Kalamazoo</city>
        <state>Michigan</state>
        <zip>49001</zip>
        <country>United States</country>
      </address>
    </facility>
  </location>
  <location>
    <facility>
      <name>Bronson Methodist Hospital</name>
      <address>
        <city>Kalamazoo</city>
        <state>Michigan</state>
        <zip>49007</zip>
        <country>United States</country>
      </address>
    </facility>
  </location>
  <location>
    <facility>
      <name>West Michigan Cancer Center</name>
      <address>
        <city>Kalamazoo</city>
        <state>Michigan</state>
        <zip>49007-3731</zip>
        <country>United States</country>
      </address>
    </facility>
  </location>
  <location>
    <facility>
      <name>Summa Center for Cancer Care at Akron City Hospital</name>
      <address>
        <city>Akron</city>
        <state>Ohio</state>
        <zip>44309-2090</zip>
        <country>United States</country>
      </address>
    </facility>
  </location>
  <location>
    <facility>
      <name>Aultman Cancer Center at Aultman Hospital</name>
      <address>
        <city>Canton</city>
        <state>Ohio</state>
        <zip>44710-1799</zip>
        <country>United States</country>
      </address>
    </facility>
  </location>
  <location>
    <facility>
      <name>MetroHealth Cancer Care Center at MetroHealth Medical Center</name>
      <address>
        <city>Cleveland</city>
        <state>Ohio</state>
        <zip>44109</zip>
        <country>United States</country>
      </address>
    </facility>
  </location>
  <location>
    <facility>
      <name>UPMC Cancer Centers</name>
      <address>
        <city>Pittsburgh</city>
        <state>Pennsylvania</state>
        <zip>15232</zip>
        <country>United States</country>
      </address>
    </facility>
  </location>
  <location>
    <facility>
      <name>West Virginia University Health Sciences Center - Charleston</name>
      <address>
        <city>Charleston</city>
        <state>West Virginia</state>
        <zip>25304</zip>
        <country>United States</country>
      </address>
    </facility>
  </location>
  <location>
    <facility>
      <name>Gundersen Lutheran Center for Cancer and Blood</name>
      <address>
        <city>La Crosse</city>
        <state>Wisconsin</state>
        <zip>54601</zip>
        <country>United States</country>
      </address>
    </facility>
  </location>
  <location_countries>
    <country>United States</country>
  </location_countries>
  <link>
    <url>http://cancer.gov/clinicaltrials/ECOG-2602</url>
    <description>Clinical trial summary from the National Cancer Institute's PDQ® database</description>
  </link>
  <verification_date>May 2014</verification_date>
  <lastchanged_date>October 6, 2015</lastchanged_date>
  <firstreceived_date>November 12, 2002</firstreceived_date>
  <firstreceived_results_date>January 30, 2014</firstreceived_results_date>
  <responsible_party>
    <responsible_party_type>Sponsor</responsible_party_type>
  </responsible_party>
  <keyword>recurrent melanoma</keyword>
  <keyword>stage IV melanoma</keyword>
  <is_fda_regulated>Yes</is_fda_regulated>
  <is_section_801>Yes</is_section_801>
  <has_expanded_access>No</has_expanded_access>
  <condition_browse>
    <!-- CAUTION:  The following MeSH terms are assigned with an imperfect algorithm  -->
    <mesh_term>Melanoma</mesh_term>
  </condition_browse>
  <intervention_browse>
    <!-- CAUTION:  The following MeSH terms are assigned with an imperfect algorithm  -->
    <mesh_term>Interferon-alpha</mesh_term>
    <mesh_term>Interferons</mesh_term>
    <mesh_term>Mitogens</mesh_term>
    <mesh_term>Peginterferon alfa-2b</mesh_term>
  </intervention_browse>
  <!-- Results are available for this study                                           -->
</clinical_study>
