<?xml version="1.0" encoding="UTF-8"?>
<clinical_study rank="450">
  <!-- This xml conforms to an XML Schema at:
    https://clinicaltrials.gov/ct2/html/images/info/public.xsd
 and an XML DTD at:
    https://clinicaltrials.gov/ct2/html/images/info/public.dtd -->
  <required_header>
    <download_date>ClinicalTrials.gov processed this data on December 13, 2015</download_date>
    <link_text>Link to the current ClinicalTrials.gov record.</link_text>
    <url>https://clinicaltrials.gov/show/NCT00166296</url>
  </required_header>
  <id_info>
    <org_study_id>PSQHEPGTP1</org_study_id>
    <secondary_id>EudraCT number: 2004-002982-19</secondary_id>
    <nct_id>NCT00166296</nct_id>
  </id_info>
  <brief_title>Efficacy and Safety of Escitalopram for Prevention of Depression Induced by Peg-Interferon in Hepatitis C Patients</brief_title>
  <official_title>Study of the Efficacy and Safety of Escitalopram for the Prevention of Depressive Episodes Induced by Peg-Interferon Alpha2a and Ribavirin in Chronic Hepatitis C Patients. Randomized, Double-Blind, Placebo-Controlled Clinical Trial</official_title>
  <sponsors>
    <lead_sponsor>
      <agency>Germans Trias i Pujol Hospital</agency>
      <agency_class>Other</agency_class>
    </lead_sponsor>
    <collaborator>
      <agency>Hoffmann-La Roche</agency>
      <agency_class>Industry</agency_class>
    </collaborator>
    <collaborator>
      <agency>H. Lundbeck A/S</agency>
      <agency_class>Industry</agency_class>
    </collaborator>
  </sponsors>
  <source>Germans Trias i Pujol Hospital</source>
  <oversight_info>
    <authority>Spain: Spanish Agency of Medicines</authority>
    <has_dmc>No</has_dmc>
  </oversight_info>
  <brief_summary>
    <textblock>
      The purpose of this study is to determine whether the use of an antidepressant
      (escitalopram) can prevent depressive episodes that appear during the treatment with
      peg-interferon and ribavirin in patients with chronic hepatitis C.
    </textblock>
  </brief_summary>
  <detailed_description>
    <textblock>
      Chronic hepatitis C is a prevalent condition, and the main cause of chronic liver diseases,
      including cirrhosis and cancer. Nowadays, interferon-alfa in combination with ribavirin is
      the main treatment option for this condition. In the last years, interferon molecule has
      been modified in order to improve tolerance into pegylated interferon.

      Interferon-alfa has been associated with a high prevalence of psychiatric side effects,
      especially major depression (up to 25% of the cases), which is one of the main concerns
      about using this treatment. In fact, major depression is one of the main reasons of
      treatment withdrawal and treatment failure.

      Major depression induced by interferon-alfa can be successfully treated with
      antidepressants, but we don't know if antidepressants can also prevent the development of
      major depression, and if this can be a safe intervention. In the literature, there is only
      one controlled trial about this issue, in cancer patients, and some open studies in
      hepatitis C.

      In order to evaluate the efficacy, and safety, of an antidepressant (escitalopram) for
      preventing peginterferon's induced depressive episodes in patients with chronic hepatitis C,
      we have designed this 14-weeks placebo-controlled, double-blind, randomized clinical trial.
      Study interventions will be started two weeks before peginterferon + ribavirin's treatment
      onset.

      Subjects included in the study will be patients with chronic hepatitis C who are going to be
      treated with peginterferon-alfa2a + ribavirin, and without mental disorders requiring active
      psychotropic treatment.

      The main variables studied will be the appearance of a major depressive episode, following
      Diagnostic &amp; Statistical Manual of Mental Disorders (DSM-IV) criteria, and the total score
      on the Montgomery-Asberg Depression Rating Scale, along three assessment points at 4, 8 and
      12 weeks of treatment with interferon. There will also be a follow-up period of up to 6
      months after treatment with interferon is completed.
    </textblock>
  </detailed_description>
  <overall_status>Completed</overall_status>
  <start_date>March 2005</start_date>
  <completion_date type="Actual">October 2007</completion_date>
  <primary_completion_date type="Actual">October 2007</primary_completion_date>
  <phase>Phase 2</phase>
  <study_type>Interventional</study_type>
  <study_design>Allocation: Randomized, Endpoint Classification: Safety/Efficacy Study, Intervention Model: Parallel Assignment, Masking: Double Blind (Subject, Caregiver, Investigator, Outcomes Assessor), Primary Purpose: Prevention</study_design>
  <primary_outcome>
    <measure>Number of Participants Who Developed a Major Depressive Episode According to Diagnostic &amp; Statistical Manual of Mental Disorders, 4th Edition (DSM-IV) Criteria During the First 12 Weeks of Antiviral Treatment.</measure>
    <time_frame>First three months of interferon treatment.</time_frame>
    <safety_issue>No</safety_issue>
    <description>At least five of the symptoms have been present during the same 1-week period: depressed mood, loss of interest or pleasure, weight or appetite changes, insomnia, agitation or retardation, fatigue, feelings of worthlessness or guilt, diminished ability to think or concentrate, recurrent thoughts of death.
At least one of the symptoms is either depressed mood or loss of interest. Diagnoses were made by a trained psychiatrist who applied the mood disorders module from the Structured Clinical Interview for DSM-IV Axis I Disorders, non-patient edition (SCID-I/NP) at each study evaluation.</description>
  </primary_outcome>
  <primary_outcome>
    <measure>Number of Participants With Sustained Hepatitis C Viral Response (Negativization of Serum Hepatitis C Virus Ribonucleic Acid).</measure>
    <time_frame>Six months after the end of interferon treatment</time_frame>
    <safety_issue>Yes</safety_issue>
    <description>Number of participants with negativization of serum hepatitis C Virus Ribonucleic Acid (HCV RNA) 6 months after concluding antiviral therapy (sustained viral response).
Negativization was defined as the absence of detectable levels of serum HCV RNA using a polymerase chain reaction.</description>
  </primary_outcome>
  <secondary_outcome>
    <measure>Total Score in the Montgomery-Asberg Depression Rating Scale</measure>
    <time_frame>12 weeks after interferon treatment onset</time_frame>
    <safety_issue>No</safety_issue>
    <description>The MADRS is a 10-item scale, clinician-administered, which is sensitive to symptom change during antidepressant treatment. It has been frequently used to measure depressive symptoms during interferon-alpha therapy and exhibits improved internal consistency in patients with co-morbid medical conditions compared with other clinician-administered questionnaires.
Items are rated on a scale of 0-6. Scores range from 0 to 60, higher scores meaning higher levels of depression.</description>
  </secondary_outcome>
  <secondary_outcome>
    <measure>Total Score in the Depression Subscale of the Hospital Anxiety and Depression Scale.</measure>
    <time_frame>12 weeks after interferon treatment onset</time_frame>
    <safety_issue>No</safety_issue>
    <description>The Hospital Anxiety and Depression Scale (HADS) is 14-item scale, patient-administered, that allows two independent scores of depression and anxiety. It has been specially designed to apply in patients with comorbid medical conditions as it excludes somatic or vegetative symptoms from the depression subscale.
We present data of de depression subscale. The seven-item Depression subscale yields a score of 0-21, with higher scores meaning higher levels of depressive symptoms.</description>
  </secondary_outcome>
  <number_of_arms>2</number_of_arms>
  <enrollment type="Actual">133</enrollment>
  <condition>Major Depressive Disorder.</condition>
  <condition>Hepatitis C, Chronic</condition>
  <arm_group>
    <arm_group_label>Escitalopram</arm_group_label>
    <arm_group_type>Experimental</arm_group_type>
    <description>Escitalopram, 15 mg/day</description>
  </arm_group>
  <arm_group>
    <arm_group_label>Placebo pill</arm_group_label>
    <arm_group_type>Placebo Comparator</arm_group_type>
    <description>Placebo</description>
  </arm_group>
  <intervention>
    <intervention_type>Drug</intervention_type>
    <intervention_name>Escitalopram</intervention_name>
    <description>15 mg/day starting 2 weeks before and 12 weeks during interferon therapy</description>
    <arm_group_label>Escitalopram</arm_group_label>
    <other_name>Cipralex</other_name>
  </intervention>
  <intervention>
    <intervention_type>Drug</intervention_type>
    <intervention_name>Placebo</intervention_name>
    <description>Placebo, 15 mg/day, starting 2 weeks before and for 12 weeks during interferon therapy.</description>
    <arm_group_label>Placebo pill</arm_group_label>
  </intervention>
  <eligibility>
    <criteria>
      <textblock>
        Inclusion Criteria:

          -  Patients with chronic hepatitis C who are going to initiate treatment with
             peginterferon alfa2a + ribavirin.

          -  Age 18-65 years.

          -  Signed informed consent.

          -  If female, they are not in fertile period or they use barrier contraceptives.

          -  Patients able to understand and fill written questionnaires.

        Exclusion Criteria:

          -  Hepatic cirrhosis or carcinoma.

          -  Less than 4000/mm3 leucocytes, or less than 70000/mm3 platelets.

          -  Hemoglobin less than 11 g/dL (females) or 12 (males).

          -  Any risk factor for hemolysis.

          -  Comorbid severe medical conditions (kidney, immune system, lung, heart, thyroid,
             etc).

          -  Baseline mental disorders that require antidepressants (depressive disorders and
             anxiety disorders).

          -  Other baseline mental disorders (delirium, substance use disorders).

          -  Mental disorders at any time (dementia, psychotic disorders, bipolar disorders.

          -  Contraindications of escitalopram (hypersensibility, diabetes, patients using
             serotoninergic agents, drugs that enhance the risk of bleeding, or monoamineoxidase
             inhibitors -MAOIs-).
      </textblock>
    </criteria>
    <gender>Both</gender>
    <minimum_age>18 Years</minimum_age>
    <maximum_age>65 Years</maximum_age>
    <healthy_volunteers>No</healthy_volunteers>
  </eligibility>
  <overall_official>
    <last_name>Crisanto Diez-Quevedo, MD</last_name>
    <role>Principal Investigator</role>
    <affiliation>Germans Trias i Pujol University Hospital</affiliation>
  </overall_official>
  <overall_official>
    <last_name>Ramon Planas, MD</last_name>
    <role>Principal Investigator</role>
    <affiliation>Germans Trias i Pujol University Hospital</affiliation>
  </overall_official>
  <location>
    <facility>
      <name>Fundacion Hospital Alcorcon</name>
      <address>
        <city>Alcorcon</city>
        <country>Spain</country>
      </address>
    </facility>
  </location>
  <location>
    <facility>
      <name>Hospital Nuestra Señora de Sonsoles</name>
      <address>
        <city>Avila</city>
        <country>Spain</country>
      </address>
    </facility>
  </location>
  <location>
    <facility>
      <name>Hospital Universitari Germans Trias i Pujol</name>
      <address>
        <city>Badalona</city>
        <zip>08916</zip>
        <country>Spain</country>
      </address>
    </facility>
  </location>
  <location>
    <facility>
      <name>Hospital del Mar</name>
      <address>
        <city>Barcelona</city>
        <country>Spain</country>
      </address>
    </facility>
  </location>
  <location>
    <facility>
      <name>Hospital Puerta de Hierro</name>
      <address>
        <city>Madrid</city>
        <country>Spain</country>
      </address>
    </facility>
  </location>
  <location>
    <facility>
      <name>Hospital Ramon y Cajal</name>
      <address>
        <city>Madrid</city>
        <country>Spain</country>
      </address>
    </facility>
  </location>
  <location>
    <facility>
      <name>Hospital Universitario La Paz</name>
      <address>
        <city>Madrid</city>
        <country>Spain</country>
      </address>
    </facility>
  </location>
  <location>
    <facility>
      <name>Hospital Universitario La Princesa</name>
      <address>
        <city>Madrid</city>
        <country>Spain</country>
      </address>
    </facility>
  </location>
  <location>
    <facility>
      <name>Hospital Parc Tauli</name>
      <address>
        <city>Sabadell</city>
        <country>Spain</country>
      </address>
    </facility>
  </location>
  <location>
    <facility>
      <name>Hospital Universitario de Salamanca</name>
      <address>
        <city>Salamanca</city>
        <country>Spain</country>
      </address>
    </facility>
  </location>
  <location>
    <facility>
      <name>Hospital Consorci Sanitari de Terrassa</name>
      <address>
        <city>Tarrasa</city>
        <country>Spain</country>
      </address>
    </facility>
  </location>
  <location>
    <facility>
      <name>Hospital Clínico Universitario</name>
      <address>
        <city>Valencia</city>
        <country>Spain</country>
      </address>
    </facility>
  </location>
  <location>
    <facility>
      <name>Hospital General Universitario</name>
      <address>
        <city>Valencia</city>
        <country>Spain</country>
      </address>
    </facility>
  </location>
  <location>
    <facility>
      <name>Hospital La Fe</name>
      <address>
        <city>Valencia</city>
        <country>Spain</country>
      </address>
    </facility>
  </location>
  <location>
    <facility>
      <name>Hospital Miguel Servet</name>
      <address>
        <city>Zaragoza</city>
        <country>Spain</country>
      </address>
    </facility>
  </location>
  <location_countries>
    <country>Spain</country>
  </location_countries>
  <results_reference>
    <citation>Diez-Quevedo C, Masnou H, Planas R, Castellví P, Giménez D, Morillas RM, Martín-Santos R, Navinés R, Solà R, Giner P, Ardèvol M, Costa J, Diago M, Pretel J. Prophylactic treatment with escitalopram of pegylated interferon alfa-2a-induced depression in hepatitis C: a 12-week, randomized, double-blind, placebo-controlled trial. J Clin Psychiatry. 2011 Apr;72(4):522-8. doi: 10.4088/JCP.09m05282blu. Epub 2010 Oct 5.</citation>
    <PMID>21034680</PMID>
  </results_reference>
  <verification_date>March 2011</verification_date>
  <lastchanged_date>March 4, 2011</lastchanged_date>
  <firstreceived_date>September 9, 2005</firstreceived_date>
  <firstreceived_results_date>February 8, 2011</firstreceived_results_date>
  <responsible_party>
    <name_title>Crisanto Diez-Quevedo</name_title>
    <organization>Germans Trias i Pujol Hospital</organization>
  </responsible_party>
  <keyword>Major depressive disorder, chemically induced.</keyword>
  <keyword>Peginterferon alfa-2a.</keyword>
  <keyword>Escitalopram.</keyword>
  <keyword>Chronic hepatitis C, psychology.</keyword>
  <keyword>Prophylactic treatment.</keyword>
  <is_fda_regulated>Yes</is_fda_regulated>
  <is_section_801>Yes</is_section_801>
  <has_expanded_access>No</has_expanded_access>
  <condition_browse>
    <!-- CAUTION:  The following MeSH terms are assigned with an imperfect algorithm  -->
    <mesh_term>Depression</mesh_term>
    <mesh_term>Depressive Disorder</mesh_term>
    <mesh_term>Depressive Disorder, Major</mesh_term>
    <mesh_term>Hepatitis</mesh_term>
    <mesh_term>Hepatitis A</mesh_term>
    <mesh_term>Hepatitis C</mesh_term>
    <mesh_term>Hepatitis C, Chronic</mesh_term>
  </condition_browse>
  <intervention_browse>
    <!-- CAUTION:  The following MeSH terms are assigned with an imperfect algorithm  -->
    <mesh_term>Citalopram</mesh_term>
    <mesh_term>Dexetimide</mesh_term>
    <mesh_term>Interferons</mesh_term>
  </intervention_browse>
  <!-- Results are available for this study                                           -->
</clinical_study>
