<?xml version="1.0" encoding="UTF-8"?>
<clinical_study rank="63">
  <!-- This xml conforms to an XML Schema at:
    https://clinicaltrials.gov/ct2/html/images/info/public.xsd
 and an XML DTD at:
    https://clinicaltrials.gov/ct2/html/images/info/public.dtd -->
  <required_header>
    <download_date>ClinicalTrials.gov processed this data on December 13, 2015</download_date>
    <link_text>Link to the current ClinicalTrials.gov record.</link_text>
    <url>https://clinicaltrials.gov/show/NCT00251199</url>
  </required_header>
  <id_info>
    <org_study_id>VX05-950-103</org_study_id>
    <nct_id>NCT00251199</nct_id>
  </id_info>
  <brief_title>VX-950 and Peginterferon for Hepatitis C</brief_title>
  <official_title>A Phase 1b Viral Kinetic Study of VX-950 and Peginterferon in Hepatitis C</official_title>
  <sponsors>
    <lead_sponsor>
      <agency>Vertex Pharmaceuticals Incorporated</agency>
      <agency_class>Industry</agency_class>
    </lead_sponsor>
  </sponsors>
  <source>Vertex Pharmaceuticals Incorporated</source>
  <oversight_info>
    <authority>Germany: Federal Institute for Drugs and Medical Devices</authority>
  </oversight_info>
  <brief_summary>
    <textblock>
      VX-950 is an investigational drug , which is being tested in combination with a known
      treatment for hepatitis C, peginterferon.
    </textblock>
  </brief_summary>
  <overall_status>Completed</overall_status>
  <start_date>October 2005</start_date>
  <completion_date type="Actual">March 2006</completion_date>
  <phase>Phase 1</phase>
  <study_type>Interventional</study_type>
  <study_design>Allocation: Randomized, Intervention Model: Parallel Assignment, Masking: Double-Blind</study_design>
  <primary_outcome>
    <measure>Viral kinetics</measure>
  </primary_outcome>
  <secondary_outcome>
    <measure>Assess the safety of VX-950 in combination with peginterferon</measure>
  </secondary_outcome>
  <enrollment>20</enrollment>
  <condition>Hepatitis C</condition>
  <intervention>
    <intervention_type>Drug</intervention_type>
    <intervention_name>VX-950</intervention_name>
  </intervention>
  <intervention>
    <intervention_type>Drug</intervention_type>
    <intervention_name>peginterferon</intervention_name>
  </intervention>
  <eligibility>
    <criteria>
      <textblock>
        Inclusion Criteria:

          -  infected with Hepatitis C virus

        Exclusion Criteria:

          -  contraindications to peginterferon therapy
      </textblock>
    </criteria>
    <gender>Both</gender>
    <minimum_age>18 Years</minimum_age>
    <maximum_age>60 Years</maximum_age>
  </eligibility>
  <overall_official>
    <last_name>Medical Monitor</last_name>
    <role>Study Director</role>
    <affiliation>Vertex Pharmaceuticals Incorporated</affiliation>
  </overall_official>
  <location>
    <facility>
      <name>Call for information</name>
      <address>
        <city>Homburg/Saar</city>
        <country>Germany</country>
      </address>
    </facility>
  </location>
  <location>
    <facility>
      <name>Call for information</name>
      <address>
        <city>Amsterdam</city>
        <country>Netherlands</country>
      </address>
    </facility>
  </location>
  <location_countries>
    <country>Germany</country>
    <country>Netherlands</country>
  </location_countries>
  <verification_date>December 2007</verification_date>
  <lastchanged_date>December 17, 2007</lastchanged_date>
  <firstreceived_date>November 7, 2005</firstreceived_date>
  <has_expanded_access>No</has_expanded_access>
  <condition_browse>
    <!-- CAUTION:  The following MeSH terms are assigned with an imperfect algorithm  -->
    <mesh_term>Hepatitis</mesh_term>
    <mesh_term>Hepatitis A</mesh_term>
    <mesh_term>Hepatitis C</mesh_term>
  </condition_browse>
  <!-- Results have not yet been posted for this study                                -->
</clinical_study>
