<?xml version="1.0" encoding="UTF-8"?>
<clinical_study rank="15">
  <!-- This xml conforms to an XML Schema at:
    https://clinicaltrials.gov/ct2/html/images/info/public.xsd
 and an XML DTD at:
    https://clinicaltrials.gov/ct2/html/images/info/public.dtd -->
  <required_header>
    <download_date>ClinicalTrials.gov processed this data on December 13, 2015</download_date>
    <link_text>Link to the current ClinicalTrials.gov record.</link_text>
    <url>https://clinicaltrials.gov/show/NCT00727311</url>
  </required_header>
  <id_info>
    <org_study_id>P04538</org_study_id>
    <nct_id>NCT00727311</nct_id>
  </id_info>
  <brief_title>Real-life Surveillance Study of Patients With Chronic Hepatitis C Treated With PegIntron Injector and Rebetol (Study P04538)(COMPLETED)</brief_title>
  <official_title>Treatment of Chronic Hepatitis C With PegIntron Injector and Rebetol (Post Marketing Surveillance Study)</official_title>
  <sponsors>
    <lead_sponsor>
      <agency>Merck Sharp &amp; Dohme Corp.</agency>
      <agency_class>Industry</agency_class>
    </lead_sponsor>
  </sponsors>
  <source>Merck Sharp &amp; Dohme Corp.</source>
  <oversight_info>
    <authority>Germany: Federal Institute for Drugs and Medical Devices</authority>
    <has_dmc>No</has_dmc>
  </oversight_info>
  <brief_summary>
    <textblock>
      The objective of the study is to assess the safety and efficacy of PegIntron injector and
      Rebetol administered to participants with chronic hepatitis C. Participants will be treated
      by general practitioners in clinical practice as part of the post-marketing surveillance
      study. The study will assess the rates of eradication of the hepatits C virus and the rates
      of serious adverse events reported with PegIntron (1.5 μg/kg/week) and Rebetol (800-1200
      mg/day) in common medical practice in Germany.
    </textblock>
  </brief_summary>
  <overall_status>Completed</overall_status>
  <start_date>August 2005</start_date>
  <completion_date type="Actual">June 2009</completion_date>
  <primary_completion_date type="Actual">June 2009</primary_completion_date>
  <phase>N/A</phase>
  <study_type>Observational</study_type>
  <study_design>Observational Model: Case-Only, Time Perspective: Prospective</study_design>
  <primary_outcome>
    <measure>Number of Hepatitis C Virus Ribonucleic Acid (HCV-RNA) Negative Participants at End of Therapy (EoT)</measure>
    <time_frame>24 weeks in genotypes 2 and 3, and 48 weeks in genotypes 1, 4, 5, and 6</time_frame>
    <safety_issue>No</safety_issue>
    <description>HCV-RNA level was measured by polymerase chain reaction (PCR).</description>
  </primary_outcome>
  <primary_outcome>
    <measure>Number of Participants With Early Virologic Response (EVR)</measure>
    <time_frame>Treatment Week 12</time_frame>
    <safety_issue>No</safety_issue>
    <description>EVR was defined as at least a 2 log reduction in HCV-RNA or HCV-RNA
negativity from baseline to Week 12</description>
  </primary_outcome>
  <primary_outcome>
    <measure>Number of Participants With Sustained Virologic Response (SVR)</measure>
    <time_frame>24 weeks post-treatment (Week 48 or 72, depending on genotype)</time_frame>
    <safety_issue>No</safety_issue>
    <description>SVR was defined as HCV-RNA negativity at EoT and at the follow-up 6 months after the EoT</description>
  </primary_outcome>
  <primary_outcome>
    <measure>Number of HCV-RNA Negative Participants at Follow-up</measure>
    <time_frame>24 weeks post-treatment (Weeks 48 or 72, depending on genotype)</time_frame>
    <safety_issue>No</safety_issue>
    <description>HCV-RNA was measured by PCR.</description>
  </primary_outcome>
  <number_of_groups>1</number_of_groups>
  <enrollment type="Actual">2302</enrollment>
  <condition>Hepatitis C, Chronic</condition>
  <condition>Hepatitis C</condition>
  <arm_group>
    <arm_group_label>PegIntron + Rebetol</arm_group_label>
    <description>Participants with chronic hepatitis C, who are either treatment-naïve or previously relapsed after receiving interferon monotherapy</description>
  </arm_group>
  <intervention>
    <intervention_type>Biological</intervention_type>
    <intervention_name>PegIntron (peginterferon alfa-2b; SCH 54031) injector</intervention_name>
    <description>PegIntron administered at a dose 1.5 μg/kg/week, according to the Summary of Product Characteristics (SPC) and approved European labeling</description>
    <arm_group_label>PegIntron + Rebetol</arm_group_label>
    <other_name>SCH 54031</other_name>
  </intervention>
  <intervention>
    <intervention_type>Drug</intervention_type>
    <intervention_name>Rebetol (ribavirin; SCH 18908)</intervention_name>
    <description>Rebetol administered at a dose of 800-1200 mg/day (on a weight-basis) according to the SPC and approved European labeling</description>
    <arm_group_label>PegIntron + Rebetol</arm_group_label>
    <other_name>SCH 18908</other_name>
  </intervention>
  <eligibility>
    <study_pop>
      <textblock>
        Participants with chronic hepatitis C, who are either treatment-naïve or previous
        relapsers after interferon monotherapy, from 500 sites in Germany
      </textblock>
    </study_pop>
    <sampling_method>Non-Probability Sample</sampling_method>
    <criteria>
      <textblock>
        Inclusion Criteria:

          -  Participants with chronic hepatitis C

          -  At least 18 years old

          -  Treatment-naïve or relapse to interferon monotherapy

          -  Platelets &gt;= 100,000/mm^3

          -  Neutrophil counts &gt;= 1,500/ mm^3

          -  Thyroid Stimulating Hormone (TSH) must be within normal limits

          -  Hemoglobin &gt;= 12 gr/dl (females); &gt;= 13 gr/dl (males)

          -  Intravenous drug abusers (Ex-IVDA) participants being under stable substitution for
             at least 6 months

          -  Women of childbearing potential must have a routine pregnancy test performed monthly
             during treatment and for 7 months thereafter. Sexually active female participants of
             childbearing potential must be practicing adequate contraception (intrauterine
             device, oral contraceptives, implanted contraceptives, surgical sterilization,
             barrier method, or monogamous relationship with a male partner who has had a
             vasectomy or is using a condom (+ spermicide) during the treatment period and for 7
             months after stopping treatment

          -  Sexually active male participants must be practicing acceptable methods of
             contraception (vasectomy, use of condom + spermicide, monogamous relationship with a
             female partner who practices an acceptable method of contraception) during the
             treatment period and for 7 months after stopping treatment

        Exclusion Criteria:

          -  Contraindications as per the SPC and approved European labeling

          -  Hypersensitivity to the active substance or to any inteferons or to any of the
             excipients

          -  Pregnant woman

          -  Woman who are breast-feeding

          -  Existence of or history of severe psychiatric condition, in particular severe
             depression, suicidal ideation or suicide attempt

          -  A history of severe pre-existing cardiac disease, including unstable or uncontrolled
             cardiac disease in the previous six months

          -  Severe debilitating medical conditions, including participants with chronic renal
             failure or creatinine clearance &lt; 50 mL/min

          -  Autoimmune hepatitis or history of autoimmune disease

          -  Severe hepatic dysfunction or decompensated cirrhosis of the liver

          -  Pre-existing thyroid disease unless it can be controlled with conventional therapy

          -  Epilepsy and/or compromised central nervous system function
      </textblock>
    </criteria>
    <gender>Both</gender>
    <minimum_age>18 Years</minimum_age>
    <maximum_age>N/A</maximum_age>
    <healthy_volunteers>No</healthy_volunteers>
  </eligibility>
  <verification_date>October 2015</verification_date>
  <lastchanged_date>October 8, 2015</lastchanged_date>
  <firstreceived_date>July 30, 2008</firstreceived_date>
  <firstreceived_results_date>December 22, 2010</firstreceived_results_date>
  <responsible_party>
    <responsible_party_type>Sponsor</responsible_party_type>
  </responsible_party>
  <is_fda_regulated>Yes</is_fda_regulated>
  <is_section_801>No</is_section_801>
  <has_expanded_access>No</has_expanded_access>
  <condition_browse>
    <!-- CAUTION:  The following MeSH terms are assigned with an imperfect algorithm  -->
    <mesh_term>Hepatitis</mesh_term>
    <mesh_term>Hepatitis A</mesh_term>
    <mesh_term>Hepatitis C</mesh_term>
    <mesh_term>Hepatitis C, Chronic</mesh_term>
    <mesh_term>Hepatitis, Chronic</mesh_term>
  </condition_browse>
  <intervention_browse>
    <!-- CAUTION:  The following MeSH terms are assigned with an imperfect algorithm  -->
    <mesh_term>Peginterferon alfa-2b</mesh_term>
    <mesh_term>Ribavirin</mesh_term>
  </intervention_browse>
  <!-- Results are available for this study                                           -->
</clinical_study>
