<?xml version="1.0" encoding="UTF-8"?>
<clinical_study rank="58">
  <!-- This xml conforms to an XML Schema at:
    https://clinicaltrials.gov/ct2/html/images/info/public.xsd
 and an XML DTD at:
    https://clinicaltrials.gov/ct2/html/images/info/public.dtd -->
  <required_header>
    <download_date>ClinicalTrials.gov processed this data on December 13, 2015</download_date>
    <link_text>Link to the current ClinicalTrials.gov record.</link_text>
    <url>https://clinicaltrials.gov/show/NCT00812331</url>
  </required_header>
  <id_info>
    <org_study_id>CR012604</org_study_id>
    <secondary_id>TMC435350-TiDP16-C202</secondary_id>
    <nct_id>NCT00812331</nct_id>
  </id_info>
  <brief_title>A Study to Assess the Anti-viral Activity, Safety, Tolerability and Pharmacokinetics of TMC435350 in Participants Infected With Hepatitis C-Virus (HCV)</brief_title>
  <official_title>An Open-label Trial in Genotype 2, 3, 4, 5 and 6 Hepatitis C-infected Subjects to Evaluate the Antiviral Activity, Safety, Tolerability and Pharmacokinetics of TMC435350 Following 7 Days Once Daily Dosing as Monotherapy.</official_title>
  <sponsors>
    <lead_sponsor>
      <agency>Tibotec Pharmaceuticals, Ireland</agency>
      <agency_class>Industry</agency_class>
    </lead_sponsor>
  </sponsors>
  <source>Tibotec Pharmaceuticals, Ireland</source>
  <oversight_info>
    <authority>Belgium: Federal Agency for Medicinal Products and Health Products</authority>
    <authority>Germany: Bundesinstitut für Arzneimittel und Medizinprodukte</authority>
    <authority>Thailand: Food and Drug Administration</authority>
    <has_dmc>No</has_dmc>
  </oversight_info>
  <brief_summary>
    <textblock>
      The purpose of this study is to assess anti-viral activity (inhibition of viral growth) of
      TMC435350 in genotype 2,3,4,5 and 6 hepatitis C virus infected participants who have never
      received treatment for their hepatitis C infection.
    </textblock>
  </brief_summary>
  <detailed_description>
    <textblock>
      This is an open-label (all people know the identity of the intervention) study to assess the
      antiviral activity, safety, tolerability and pharmacokinetics (explores what the body does
      to the medication) of TMC435350 hereafter referred to as TMC435. Approximately 40
      participants will be divided in 5 groups as per the genotype (8 participants each group).
      The study will include a screening phase (up to 6 weeks), treatment phase (7 days) and a
      follow-up phase (30-35 days after the last dose of study medication). Safety evaluations
      will include assessment of adverse events, clinical laboratory tests and cardiovascular
      safety.
    </textblock>
  </detailed_description>
  <overall_status>Completed</overall_status>
  <start_date>March 2009</start_date>
  <completion_date type="Actual">November 2009</completion_date>
  <primary_completion_date type="Actual">November 2009</primary_completion_date>
  <phase>Phase 2</phase>
  <study_type>Interventional</study_type>
  <study_design>Allocation: Non-Randomized, Endpoint Classification: Safety/Efficacy Study, Intervention Model: Parallel Assignment, Masking: Open Label, Primary Purpose: Treatment</study_design>
  <primary_outcome>
    <measure>Change From Baseline in log10 Plasma Hepatitis C Virus (HCV) Ribonucleic Acid (RNA) Levels</measure>
    <time_frame>Baseline, Day 3, and Day 7</time_frame>
    <safety_issue>No</safety_issue>
    <description>The table below shows the mean changes from baseline in HCV RNA values (log10 IU/mL) per genotype on Day 3 and Day 7 during the TMC435 treatment period.</description>
  </primary_outcome>
  <secondary_outcome>
    <measure>Number of Participants With a Decrease From Baseline of Greater Than or Equal to 2 log10 IU/mL in Hepatitis C Virus (HCV) Ribonucleic Acid (RNA) During the TMC435 Treatment Period</measure>
    <time_frame>Baseline, Day 3, Day 5 and Day 7</time_frame>
    <safety_issue>No</safety_issue>
    <description>The table below shows the number of participants with a decrease from baseline of greater than or equal to 2 log10 IU/mL in HCV RNA during the 7-day TMC435 treatment period.</description>
  </secondary_outcome>
  <secondary_outcome>
    <measure>Number of Participants With Plasma Hepatitis C Virus (HCV) Ribonucleic Acid (RNA) Levels Below the Limit of Quantification (Less Than 25 IU/mL) and Limit of Detection (Less Than 25 IU/mL Undetectable) During the TMC435 Treatment Period</measure>
    <time_frame>Baseline, Day 3, Day 5 and Day 7</time_frame>
    <safety_issue>No</safety_issue>
    <description>The table below shows the number of participants with plasma hepatitis C virus (HCV) ribonucleic acid (RNA) levels below limit of quantification (less than 25 IU/mL) and limit of detection (less than 25 IU/mL undetectable), respectively, during the 7-day TMC435 treatment period.</description>
  </secondary_outcome>
  <secondary_outcome>
    <measure>Number of Participants Who Experienced Viral Breakthrough During TMC435 Treatment Period</measure>
    <time_frame>During the 7-day of TMC435 treatment period</time_frame>
    <safety_issue>No</safety_issue>
    <description>The table below shows the number of participants who experienced viral breakthrough (defined as an increase greater than 1 log10 IU/mL in plasma level of hepatitis C virus [HCV] ribonucleic acid [RNA] from the lowest level reached, or a HCV RNA level greater than 100 IU/mL in participants who previously had HCV RNA levels undetectable [less than 25 IU/mL undetectable] or not quantifiable [less than 25 IU/mL detectable]) during the 7-day TMC435 treatment period.</description>
  </secondary_outcome>
  <secondary_outcome>
    <measure>Predose Plasma Concentration (C0h) of TMC435</measure>
    <time_frame>Predose on Day 7</time_frame>
    <safety_issue>No</safety_issue>
    <description>The table below shows the median predose plasma concentration (C0h) for all participants on Day 7 of the TMC435 treatment period.</description>
  </secondary_outcome>
  <secondary_outcome>
    <measure>Minimum Plasma Concentration (Cmin) of TMC435</measure>
    <time_frame>Predose, and at 0.5, 1, 2, 4, 6, 8, and 10 hours post-dose on Day 7</time_frame>
    <safety_issue>No</safety_issue>
    <description>The table below shows the median minimum plasma concentration (Cmin) for all participants on Day 7 of the TMC435 treatment period.</description>
  </secondary_outcome>
  <secondary_outcome>
    <measure>Maximum Plasma Concentration (Cmax) of TMC435</measure>
    <time_frame>Predose, and at 0.5, 1, 2, 4, 6, 8, and 10 hours post-dose on Day 7</time_frame>
    <safety_issue>No</safety_issue>
    <description>The table below shows the median maximum plasma concentration (Cmax) for all participants by genotype of hepatitis C virus infection on Day 7 of the TMC435 treatment period.</description>
  </secondary_outcome>
  <secondary_outcome>
    <measure>Time to Reach the Maximum Plasma Concentration (Tmax) of TMC435</measure>
    <time_frame>Predose, and at 0.5, 1, 2, 4, 6, 8, and 10 hours post-dose on Day 7</time_frame>
    <safety_issue>No</safety_issue>
    <description>The table below shows the median time in hours for all participants (by genotype of hepatitis C virus infection) to reach the maximum plasma concentration (tmax) of TMC435 following treatment.</description>
  </secondary_outcome>
  <secondary_outcome>
    <measure>Average Steady-State Plasma Concentration (Css,av) of TMC435</measure>
    <time_frame>Predose, and at 0.5, 1, 2, 4, 6, 8, and 10 hours post-dose on Day 7</time_frame>
    <safety_issue>No</safety_issue>
    <description>The table below shows the average steady-state TMC435 plasma concentration (Css,av) for all participants by genotype of hepatitis C virus infection on Day 7 during the TMC435 treatment period.</description>
  </secondary_outcome>
  <secondary_outcome>
    <measure>Fluctuation Index (FI) of TMC435</measure>
    <time_frame>Predose, and at 0.5, 1, 2, 4, 6, 8, and 10 hours post-dose on Day 7</time_frame>
    <safety_issue>No</safety_issue>
    <description>The table below shows the percentage of fluctuation (FI) (defined as the variation between maximum and minimum TMC435 plasma concentrations at steady-state) of TMC435 on Day 7 for participants by genotype of hepatitis C virus infection.</description>
  </secondary_outcome>
  <secondary_outcome>
    <measure>Area Under the Plasma Concentration-time Curve From the Time of Administration up to 24 Hours After Dosing (AUC24h) of TMC435</measure>
    <time_frame>Predose, and at 0.5, 1, 2, 4, 6, 8, and 10 hours post-dose on Day 7</time_frame>
    <safety_issue>No</safety_issue>
    <description>The table below shows the area under the plasma concentration-time curve from the time of administration up to 24 hours after dosing (AUC24h) of TMC435 on Day 7 for all participants by genotype of hepatitis C virus infection.</description>
  </secondary_outcome>
  <secondary_outcome>
    <measure>Area Under the Plasma Concentration-time Curve From Time of Administration up to the Last Time Point With a Measurable Concentration After Dosing (AUClast) of TMC435</measure>
    <time_frame>Predose, and at 0.5, 1, 2, 4, 6, 8, and 10 hours post-dose on Day 7</time_frame>
    <safety_issue>No</safety_issue>
    <description>The table below shows the area under the plasma concentration-time curve from time of administration up to the last time point with a measurable concentration after dosing (AUClast) on Day 7 for TMC435 by genotype of hepatitis C virus infection.</description>
  </secondary_outcome>
  <secondary_outcome>
    <measure>Elimination Rate Constant of TMC435</measure>
    <time_frame>Predose, and at 0.5, 1, 2, 4, 6, 8, and 10 hours post-dose on Day 7</time_frame>
    <safety_issue>No</safety_issue>
    <description>In the table below, median values for the elimination rate constant (the rate at which a drug is removed from the body expressed per unit of time, e.g., fraction/hour) for TMC435 are shown for participants by genotype of hepatitis C virus infection.</description>
  </secondary_outcome>
  <secondary_outcome>
    <measure>Terminal Elimination Half-life (t1/2,Term) of TMC435</measure>
    <time_frame>Predose, and at 0.5, 1, 2, 4, 6, 8, and 10 hours post-dose on Day 7</time_frame>
    <safety_issue>No</safety_issue>
    <description>The table below shows the terminal plasma half-life for TMC435 in participants analyzed by genotype of hepatitis C virus infection. The terminal plasma half-life of a drug is the time in hours required for the concentration of a drug in the body to fall to 50% after having reached a state of equilibrium following administration.</description>
  </secondary_outcome>
  <number_of_arms>5</number_of_arms>
  <enrollment type="Actual">37</enrollment>
  <condition>Hepatitis C</condition>
  <arm_group>
    <arm_group_label>Genotype 2</arm_group_label>
    <arm_group_type>Experimental</arm_group_type>
    <description>Participants with chronic genotype 2 hepatitis C virus (HCV) infection</description>
  </arm_group>
  <arm_group>
    <arm_group_label>Genotype 3</arm_group_label>
    <arm_group_type>Experimental</arm_group_type>
    <description>Participants with chronic genotype 3 HCV infection</description>
  </arm_group>
  <arm_group>
    <arm_group_label>Genotype 4</arm_group_label>
    <arm_group_type>Experimental</arm_group_type>
    <description>Participants with chronic genotype 4 HCV infection</description>
  </arm_group>
  <arm_group>
    <arm_group_label>Genotype 5</arm_group_label>
    <arm_group_type>Experimental</arm_group_type>
    <description>Participants with chronic genotype 5 HCV infection</description>
  </arm_group>
  <arm_group>
    <arm_group_label>Genotype 6</arm_group_label>
    <arm_group_type>Experimental</arm_group_type>
    <description>Participants with chronic genotype 6 HCV infection</description>
  </arm_group>
  <intervention>
    <intervention_type>Drug</intervention_type>
    <intervention_name>TMC435</intervention_name>
    <description>From Day 1 to Day 7 all participants will take 200 mg TMC435350 as a single medication orally (by mouth) once daily.</description>
    <arm_group_label>Genotype 2</arm_group_label>
    <arm_group_label>Genotype 3</arm_group_label>
    <arm_group_label>Genotype 4</arm_group_label>
    <arm_group_label>Genotype 5</arm_group_label>
    <arm_group_label>Genotype 6</arm_group_label>
  </intervention>
  <eligibility>
    <criteria>
      <textblock>
        Inclusion Criteria:

          -  Participants with documented chronic genotype 2, 3, 4, 5 or 6 hepatitis C virus (HCV)
             infection

          -  Participants who have never received treatment for their HCV infection

          -  Participants with either no cirrhosis or up to Child Pugh A liver disease

          -  Participants with plasma HCV genotype level of more than or equal to 100, 000 IU/mL
             at screening

        Exclusion Criteria:

          -  Evidence of Child Pugh B or C liver disease at screening, decompensated liver disease
             defined as prior or current history of ascities, hepatic encephalopathy, esophageal
             or gastric varices

          -  Participants with diagnosed or suspected hepatocellular carcinoma

          -  Participants coinfected with human immunodeficiency virus type 1 or 2, or hepatitis A
             or B virus infection or active tuberculosis at screening

          -  Participants with any active clinically significant disease, or medical history or
             physical examination or electrocardiogram findings during screening
      </textblock>
    </criteria>
    <gender>Both</gender>
    <minimum_age>18 Years</minimum_age>
    <maximum_age>70 Years</maximum_age>
    <healthy_volunteers>No</healthy_volunteers>
  </eligibility>
  <overall_official>
    <last_name>Tibotec Pharmaceuticals, Ireland Clinical Trial</last_name>
    <role>Study Director</role>
    <affiliation>Tibotec Pharmaceuticals, Ireland</affiliation>
  </overall_official>
  <location>
    <facility>
      <address>
        <city>Brugge</city>
        <country>Belgium</country>
      </address>
    </facility>
  </location>
  <location>
    <facility>
      <address>
        <city>Brussels</city>
        <country>Belgium</country>
      </address>
    </facility>
  </location>
  <location>
    <facility>
      <address>
        <city>Bruxelles</city>
        <country>Belgium</country>
      </address>
    </facility>
  </location>
  <location>
    <facility>
      <address>
        <city>Gent</city>
        <country>Belgium</country>
      </address>
    </facility>
  </location>
  <location>
    <facility>
      <address>
        <city>Leuven</city>
        <country>Belgium</country>
      </address>
    </facility>
  </location>
  <location>
    <facility>
      <address>
        <city>Berlin</city>
        <country>Germany</country>
      </address>
    </facility>
  </location>
  <location>
    <facility>
      <address>
        <city>Frankfurt N/A</city>
        <country>Germany</country>
      </address>
    </facility>
  </location>
  <location>
    <facility>
      <address>
        <city>Freiburg</city>
        <country>Germany</country>
      </address>
    </facility>
  </location>
  <location>
    <facility>
      <address>
        <city>Hannover</city>
        <country>Germany</country>
      </address>
    </facility>
  </location>
  <location>
    <facility>
      <address>
        <city>Bangkok</city>
        <country>Thailand</country>
      </address>
    </facility>
  </location>
  <location>
    <facility>
      <address>
        <city>Chiang Mai</city>
        <country>Thailand</country>
      </address>
    </facility>
  </location>
  <location_countries>
    <country>Belgium</country>
    <country>Germany</country>
    <country>Thailand</country>
  </location_countries>
  <verification_date>July 2014</verification_date>
  <lastchanged_date>July 1, 2014</lastchanged_date>
  <firstreceived_date>December 18, 2008</firstreceived_date>
  <firstreceived_results_date>December 24, 2013</firstreceived_results_date>
  <responsible_party>
    <responsible_party_type>Sponsor</responsible_party_type>
  </responsible_party>
  <keyword>Hepatitis C</keyword>
  <keyword>TMC435</keyword>
  <is_fda_regulated>Yes</is_fda_regulated>
  <is_section_801>Yes</is_section_801>
  <has_expanded_access>No</has_expanded_access>
  <condition_browse>
    <!-- CAUTION:  The following MeSH terms are assigned with an imperfect algorithm  -->
    <mesh_term>Hepatitis</mesh_term>
    <mesh_term>Hepatitis A</mesh_term>
    <mesh_term>Hepatitis C</mesh_term>
  </condition_browse>
  <!-- Results are available for this study                                           -->
</clinical_study>
