<?xml version="1.0" encoding="UTF-8"?>
<clinical_study rank="68">
  <!-- This xml conforms to an XML Schema at:
    https://clinicaltrials.gov/ct2/html/images/info/public.xsd
 and an XML DTD at:
    https://clinicaltrials.gov/ct2/html/images/info/public.dtd -->
  <required_header>
    <download_date>ClinicalTrials.gov processed this data on December 13, 2015</download_date>
    <link_text>Link to the current ClinicalTrials.gov record.</link_text>
    <url>https://clinicaltrials.gov/show/NCT00904059</url>
  </required_header>
  <id_info>
    <org_study_id>AI447-009</org_study_id>
    <nct_id>NCT00904059</nct_id>
  </id_info>
  <brief_title>Drug-Drug Interaction Study in Healthy Subjects</brief_title>
  <official_title>Open-Label, Randomized, Multiple-Dose, Drug-Drug Interaction Study to Assess the Pharmacokinetics and Safety of BMS-790052 and BMS-650032 Co-administered in Healthy Subjects</official_title>
  <sponsors>
    <lead_sponsor>
      <agency>Bristol-Myers Squibb</agency>
      <agency_class>Industry</agency_class>
    </lead_sponsor>
  </sponsors>
  <source>Bristol-Myers Squibb</source>
  <oversight_info>
    <authority>United States: Food and Drug Administration</authority>
    <has_dmc>No</has_dmc>
  </oversight_info>
  <brief_summary>
    <textblock>
      The purpose of this study is to assess the pharmacokinetics and safety of BMS-790052 and
      BMS-650032 when co-administered and when administered alone
    </textblock>
  </brief_summary>
  <detailed_description>
    <textblock>
      Pharmacokinetics and Safety in Healthy Subjects
    </textblock>
  </detailed_description>
  <overall_status>Completed</overall_status>
  <start_date>May 2009</start_date>
  <completion_date type="Actual">July 2009</completion_date>
  <primary_completion_date type="Actual">July 2009</primary_completion_date>
  <phase>Phase 1</phase>
  <study_type>Interventional</study_type>
  <study_design>Allocation: Randomized, Endpoint Classification: Pharmacokinetics Study, Intervention Model: Crossover Assignment, Masking: Open Label</study_design>
  <primary_outcome>
    <measure>Pharmacokinetic parameters including AUC (TAU) Cmax and Cmin</measure>
    <time_frame>Day 21 pharmacokinetic assessment</time_frame>
    <safety_issue>No</safety_issue>
  </primary_outcome>
  <secondary_outcome>
    <measure>To assess the safety, tolerability, and fractional excretion of sodium when BMS-709952 and BMS-650032 are co-administered</measure>
    <time_frame>Within 24 hours post dose</time_frame>
    <safety_issue>Yes</safety_issue>
  </secondary_outcome>
  <number_of_arms>3</number_of_arms>
  <enrollment type="Actual">28</enrollment>
  <condition>Hepatitis C</condition>
  <arm_group>
    <arm_group_label>Treatment Group A</arm_group_label>
    <arm_group_type>Experimental</arm_group_type>
  </arm_group>
  <arm_group>
    <arm_group_label>Treatment Group B</arm_group_label>
    <arm_group_type>Experimental</arm_group_type>
  </arm_group>
  <arm_group>
    <arm_group_label>Treatment Group C</arm_group_label>
    <arm_group_type>Experimental</arm_group_type>
    <description>Treatment Groups A and B are followed by Treatment Group C: A combination of BMS-650032 (200 mg) and BMS-790052 (30 mg)</description>
  </arm_group>
  <intervention>
    <intervention_type>Drug</intervention_type>
    <intervention_name>BMS-650032</intervention_name>
    <description>Capsules, Oral, 600 mg, Q12h, Days 1-7</description>
    <arm_group_label>Treatment Group A</arm_group_label>
  </intervention>
  <intervention>
    <intervention_type>Drug</intervention_type>
    <intervention_name>BMS-790052</intervention_name>
    <description>Capsules, Oral, 60 mg, Q24h, Days 1-7</description>
    <arm_group_label>Treatment Group B</arm_group_label>
  </intervention>
  <intervention>
    <intervention_type>Drug</intervention_type>
    <intervention_name>BMS-650032</intervention_name>
    <description>Capsules, Oral, 200 mg, Q12h, Days 8-21</description>
    <arm_group_label>Treatment Group C</arm_group_label>
  </intervention>
  <intervention>
    <intervention_type>Drug</intervention_type>
    <intervention_name>BMS-790052</intervention_name>
    <description>Capsules, Oral, 30 mg, Q24h, Days 8-21</description>
    <arm_group_label>Treatment Group C</arm_group_label>
  </intervention>
  <eligibility>
    <criteria>
      <textblock>
        Inclusion Criteria:

          -  Healthy male and female subjects aged 18 to 49 years

          -  Females who are not of childbearing potential, pregnant or breastfeeding

          -  Subject Body Mass Index (BMI) of 18 to 32 kg/m²

        Exclusion Criteria:

          -  Women of child bearing potential

          -  Male subjects who have sex with women who are unwilling to agree to practice male
             barrier contraception during study participation and for a least 12 weeks following
             dosing

          -  Any significant acute or chronic medical illness

          -  Evidence of organ dysfunction or any clinically significant deviation from normal in
             physical examination, vital signs, ECG or clinical laboratory determinations

          -  Prior exposure to BMS-650032 or BMS-790052

          -  Positive for HIV or HCV
      </textblock>
    </criteria>
    <gender>Both</gender>
    <minimum_age>18 Years</minimum_age>
    <maximum_age>49 Years</maximum_age>
    <healthy_volunteers>Accepts Healthy Volunteers</healthy_volunteers>
  </eligibility>
  <overall_official>
    <last_name>Bristol-Myers Squibb</last_name>
    <role>Study Director</role>
    <affiliation>Bristol-Myers Squibb</affiliation>
  </overall_official>
  <location>
    <facility>
      <name>Ppd Development, Lp</name>
      <address>
        <city>Austin</city>
        <state>Texas</state>
        <zip>78744</zip>
        <country>United States</country>
      </address>
    </facility>
  </location>
  <location_countries>
    <country>United States</country>
  </location_countries>
  <link>
    <url>http://ctr.bms.com/ctd/start.do</url>
    <description>BMS Clinical Trials Disclosure</description>
  </link>
  <link>
    <url>http://www.bms.com/clinical_trials/Pages/Investigator_Inquiry_form.aspx</url>
    <description>Investigator Inquiry form</description>
  </link>
  <link>
    <url>http://www.fda.gov/MEDWATCH/safety.htm</url>
    <description>For FDA Safety Alerts and Recalls refer to the following link: http://www.fda.gov/MEDWATCH/safety.htm</description>
  </link>
  <verification_date>December 2010</verification_date>
  <lastchanged_date>January 6, 2011</lastchanged_date>
  <firstreceived_date>April 21, 2009</firstreceived_date>
  <responsible_party>
    <name_title>Study Director</name_title>
    <organization>Bristol-Myers Squibb</organization>
  </responsible_party>
  <is_fda_regulated>Yes</is_fda_regulated>
  <is_section_801>No</is_section_801>
  <has_expanded_access>No</has_expanded_access>
  <!-- Results have not yet been posted for this study                                -->
</clinical_study>
