<?xml version="1.0" encoding="UTF-8"?>
<clinical_study rank="316">
  <!-- This xml conforms to an XML Schema at:
    https://clinicaltrials.gov/ct2/html/images/info/public.xsd
 and an XML DTD at:
    https://clinicaltrials.gov/ct2/html/images/info/public.dtd -->
  <required_header>
    <download_date>ClinicalTrials.gov processed this data on December 13, 2015</download_date>
    <link_text>Link to the current ClinicalTrials.gov record.</link_text>
    <url>https://clinicaltrials.gov/show/NCT00561015</url>
  </required_header>
  <id_info>
    <org_study_id>CR013513</org_study_id>
    <secondary_id>VX-950-TiDP24-C209</secondary_id>
    <nct_id>NCT00561015</nct_id>
    <nct_alias>NCT00613704</nct_alias>
  </id_info>
  <brief_title>A Phase 2a Study to Evaluate Viral Kinetics and Safety of Telaprevir in Participants With Genotype 2 or 3 Hepatitis C Infection</brief_title>
  <official_title>A Phase IIa Randomized, Partially Blinded Trial of Telaprevir (VX-950) in Treatment-Naive Subjects With Chronic Genotype 2 or 3 Hepatitis C Infection</official_title>
  <sponsors>
    <lead_sponsor>
      <agency>Tibotec BVBA</agency>
      <agency_class>Industry</agency_class>
    </lead_sponsor>
  </sponsors>
  <source>Tibotec BVBA</source>
  <oversight_info>
    <authority>Great Britain: Medicines and Healthcare Products Regulatory Agency</authority>
    <authority>France: Agence Française de Sécurité Sanitaire des Produits de Santé</authority>
    <authority>Italy: Agenzia Italiana del Farmaco</authority>
    <authority>Sweden: Lakemedelsverket (Medical Products Agency)</authority>
    <has_dmc>No</has_dmc>
  </oversight_info>
  <brief_summary>
    <textblock>
      The purpose of this study is to assess the effect of telaprevir on early hepatitis
      (inflammation of the liver) C virus (HCV) viral kinetics in treatment-naive participants who
      are chronically (lasting a long time) infected with genotype 2 or 3 HCV.
    </textblock>
  </brief_summary>
  <detailed_description>
    <textblock>
      This is a Phase 2a multicenter (when more than one hospital or medical school team work on a
      medical research study), partially blinded, randomized (study drug assigned by chance)
      stratified (arrange in groups for analysis of results e.g., stratify by age, sex, etc.) for
      genotype, multiple dose study. The trial will consist of Screening period (6 weeks),
      Treatment period (24 or 26 weeks) and Follow-up period (24 weeks). The Treatment period will
      include 2 weeks investigational treatment phase and a 24 week standard treatment phase. All
      the eligible participants who were never treated for HCV will be enrolled for the trial and
      will receive the investigational treatment regimen to which they have been randomly assigned
      for 2 weeks. After this in the standard treatment phase participants will receive the
      standard treatment of care consisting of pegylated interferon (Peg-IFN)-alfa-2a 180
      microgram once weekly and ribavirin (RBV) 400 milligram twice per day. Efficacy will
      primarily be evaluated by HCV viral load quantification. Participant's safety will be
      monitored throughout the study.
    </textblock>
  </detailed_description>
  <overall_status>Completed</overall_status>
  <start_date>December 2007</start_date>
  <completion_date type="Actual">May 2009</completion_date>
  <primary_completion_date type="Actual">June 2008</primary_completion_date>
  <phase>Phase 2</phase>
  <study_type>Interventional</study_type>
  <study_design>Allocation: Randomized, Endpoint Classification: Pharmacokinetics Study, Intervention Model: Parallel Assignment, Masking: Double Blind (Subject, Investigator), Primary Purpose: Treatment</study_design>
  <primary_outcome>
    <measure>Change From Baseline in Log 10 Plasma Hepatitis C Virus (HCV) Ribonucleic Acid (RNA) Level at Day 15</measure>
    <time_frame>Baseline, Pre-dose (Day 15)</time_frame>
    <safety_issue>No</safety_issue>
    <description>Level of HCV RNA in plasma was measured using COBAS TaqMan HCV test v2.0 (an in vitro nucleic acid amplification test for quantitation of HCV RNA genotypes 1 through 6 in human serum or plasma, using the COBAS AmpliPrep Total Nucleic Acid Isolation Kit (TNAI) for preparation of highly purified total nucleic acid from serum or plasma and automated amplification and detection on TaqMan 48 Analyzer). Lower limit of quantification was 25 international units/milliliter (IU/ml) and limit of detection was 10 IU/ml. Assay used was reverse transcription-polymerase chain reaction (RT-PCR) methodology.</description>
  </primary_outcome>
  <primary_outcome>
    <measure>Maximum Plasma Concentration (Cmax) for Telaprevir on Day 1</measure>
    <time_frame>Pre-dose Day 1 (0.5, 1, 2, 3, 4, 6, 8 hour [hr])</time_frame>
    <safety_issue>No</safety_issue>
    <description>The Cmax is defined as the maximum observed analyte concentration. The Cmax was measured in nanogram/milliliter (ng/ml).</description>
  </primary_outcome>
  <primary_outcome>
    <measure>Time to Reach Maximum Plasma Concentration (Tmax) for Telaprevir on Day 1</measure>
    <time_frame>Pre-dose Day 1 (0.5, 1, 2, 3, 4, 6, 8 hr)</time_frame>
    <safety_issue>No</safety_issue>
    <description>The Tmax is defined as the actual sampling time to reach maximum observed analyte concentration. The analyte concentration associated with Tmax is referred to as Cmax.</description>
  </primary_outcome>
  <primary_outcome>
    <measure>Area Under Plasma Concentration-Time Curve Over Dosing Interval (AUCtau) for Telaprevir on Day 1</measure>
    <time_frame>Pre-dose Day 1 (0.5, 1, 2, 3, 4, 6, 8 hr)</time_frame>
    <safety_issue>No</safety_issue>
    <description>The AUC is defined as area under the plasma concentration-time curve over the dosing interval (8 hr), calculated by the lin-up/ log-down method.</description>
  </primary_outcome>
  <secondary_outcome>
    <measure>Area Under Plasma Concentration-Time Curve Over Dosing Interval (AUCtau) for Telaprevir on Day 15</measure>
    <time_frame>Pre-dose Day 15 (0.5, 1, 2, 3, 4, 6, 8 hr)</time_frame>
    <safety_issue>No</safety_issue>
    <description>The AUC is defined as area under the plasma concentration-time curve over the dosing interval (8 hr), calculated by the lin-up/ log-down method.</description>
  </secondary_outcome>
  <secondary_outcome>
    <measure>Change From Baseline in Log 10 Plasma Hepatitis C Virus (HCV) Ribonucleic Acid (RNA) Level at Week 24 and Week 26</measure>
    <time_frame>Baseline and Week 24/26</time_frame>
    <safety_issue>No</safety_issue>
    <description>Levels of HCV RNA in plasma were measured using COBAS TaqMan HCV test v2.0. Lower limit of quantification was 25 IU/ml and limit of detection was 10 IU/ml. The assay used real time RT-PCR methodology. End of treatment (EOT) for group T2 &amp; PR24 was 26 weeks and for groups T2/PR24 and Pbo/PR24 was 24 weeks.</description>
  </secondary_outcome>
  <secondary_outcome>
    <measure>Maximum Plasma Concentration (Cmax) for Telaprevir on Day 15</measure>
    <time_frame>Pre-dose Day 15 (0.5, 1, 2, 3, 4, 6, 8 hr)</time_frame>
    <safety_issue>No</safety_issue>
    <description>The Cmax is defined as the maximum observed analyte concentration. The Cmax is measured in ng/ml.</description>
  </secondary_outcome>
  <secondary_outcome>
    <measure>Minimum Plasma Concentration (Cmin) for Telaprevir on Day 15</measure>
    <time_frame>Pre-dose Day 15 (0.5, 1, 2, 3, 4, 6, 8 hr)</time_frame>
    <safety_issue>No</safety_issue>
    <description>The Cmin is defined as minimum plasma concentration between 0 hr and dosing interval. The Cmin is measured in ng/ml.</description>
  </secondary_outcome>
  <secondary_outcome>
    <measure>Percentage of Participants Achieving Virological Response (HCV RNA Level &lt; 10 IU/ml)</measure>
    <time_frame>Baseline, Day 12, 15, Week 4, 6, 14 and EOT (Week 24/26 or early discontinuation)</time_frame>
    <safety_issue>No</safety_issue>
    <description>Virological response was defined as having HCV RNA level less than a particular threshold that is less than 10 IU/ml (undetectable).</description>
  </secondary_outcome>
  <secondary_outcome>
    <measure>Median Time to Virological Response (HCV RNA Level &lt; 10 IU/ml)</measure>
    <time_frame>Baseline up to EOT</time_frame>
    <safety_issue>No</safety_issue>
    <description>Virological response was defined as having HCV RNA level less than a particular threshold which is either less than 10 IU/ml (undetectable) or less than 25 IU/ml (unquantifiable).Time to virological response was defined as the number of days from the start of medication intake necessary to go for the first time below the threshold value. The EOT for group T2 &amp; PR24 was 26 weeks and for groups T2/PR24 and Pbo/PR24 was 24 weeks.</description>
  </secondary_outcome>
  <secondary_outcome>
    <measure>Percentage of Participants With Viral Breakthrough</measure>
    <time_frame>Baseline, Day 12, 15 and Week 24/26</time_frame>
    <safety_issue>No</safety_issue>
    <description>Viral breakthrough was defined as an increase in HCV RNA levels by more than 1 log10 in HCV RNA level from the lowest level reached, or a value of HCV RNA &gt; 100 IU/ml in participants whose HCV RNA had previously become undetectable (&lt; 10 IU/ml) or unquantifiable (&lt; 25 IU/ml) during the considered treatment phase. It was considered as confirmed when the criterion for viral breakthrough is fulfilled at two or more consecutive time points or at the last observed time point in case of trial termination. The EOT for group T2 &amp; PR24 was 26 weeks and for groups T2/PR24 and Pbo/PR24 was 24 weeks.</description>
  </secondary_outcome>
  <secondary_outcome>
    <measure>Percentage of Participants Who Demonstrated Virological Relapse</measure>
    <time_frame>24 weeks after EOT</time_frame>
    <safety_issue>No</safety_issue>
    <description>Relapse was defined as confirmed detectable HCV RNA (&gt;=10 IU/ml) during the follow-up period up to 24 weeks after last medication intake and after previous undetectable HCV RNA (&lt; 10 IU/ml) at EOT. No relapse was defined as having no confirmed detectable HCV RNA (&gt;=10 IU/ml) during the follow-up period and after previous undetectable HCV RNA (&lt; 10 IU/ml) at EOT. Missing follow-up means no HCV RNA measurements during the follow-up period and after previous undetectable HCV RNA (&lt; 10 IU/ml) at EOT. The EOT for group T2 &amp; PR24 was 26 weeks and for groups T2/PR24 and Pbo/PR24 was 24 weeks.</description>
  </secondary_outcome>
  <secondary_outcome>
    <measure>Percentage of Participants Who Achieved Sustained Virological Response (SVR)</measure>
    <time_frame>Week 12, 24 after EOT</time_frame>
    <safety_issue>No</safety_issue>
    <description>The SVR was defined as having HCV RNA undetectable at EOT, not showing relapse up to follow-up Week 12 (SVR12) or follow-up Week 24 (SVR24), and HCV RNA undetectable at follow-up Week 12 (SVR12) or follow-up Week 24 (SVR24), respectively. The EOT for group T2 &amp; PR24 was 26 weeks and for groups T2/PR24 and Pbo/PR24 was 24 weeks.</description>
  </secondary_outcome>
  <number_of_arms>6</number_of_arms>
  <enrollment type="Actual">52</enrollment>
  <condition>Hepatitis C, Chronic</condition>
  <arm_group>
    <arm_group_label>TVR then Peg-IFN-alfa-2a + RBV (T2 &amp; PR24) - Genotype 2</arm_group_label>
    <arm_group_type>Experimental</arm_group_type>
    <description>Participants who are never treated for chronic hepatitis C (inflammation of the liver) genotype 2 will receive telaprevir (TVR) 750 milligram (mg) tablet orally 3 times a day during investigational treatment phase from Day 1 to Day 15. Participants will then be treated with standard treatment regimen of pegylated interferon (Peg-IFN)-alfa-2a and ribavirin (RBV) from Day 15 to Week 26 (standard treatment phase). Each dose of pegylated interferon 180 microgram (mcg) will be administered as a subcutaneous injection once a week. RBV will be taken orally as 400 mg tablets 2 times a day. Total duration of treatment will be 26 weeks.</description>
  </arm_group>
  <arm_group>
    <arm_group_label>TVR with Peg-IFN-alfa-2a + RBV (T2/PR24) - Genotype 2</arm_group_label>
    <arm_group_type>Experimental</arm_group_type>
    <description>Participants who are never treated for CHC genotype 2 will receive TVR 750 mg tablet orally 3 times a day during investigational treatment phase from Day 1 to Day 15 along with standard treatment regimen of Peg-IFN-alfa-2a and RBV which will be continued in the standard treatment phase from Day 15 to Week 24. Each dose of Peg-IFN-alfa-2a 180 mcg will be administered as a subcutaneous injection once a week. RBV will be taken orally as 400 mg tablets 2 times a day. Total duration of treatment will be 24 weeks.</description>
  </arm_group>
  <arm_group>
    <arm_group_label>Pbo with Peg-IFN-alfa-2a + RBV (Pbo/PR24) - Genotype 2</arm_group_label>
    <arm_group_type>Active Comparator</arm_group_type>
    <description>Participants who are never treated for CHC genotype 2 will receive TVR matching placebo (Pbo) tablet orally 3 times a day during investigational treatment phase from Day 1 to Day 15 along with standard treatment regimen of Peg-IFN-alfa-2a and RBV which will be continued in the standard treatment phase from Day 15 to Week 24. Each dose of Peg-IFN-alfa-2a 180 mcg will be administered as a subcutaneous injection once a week. RBV will be taken orally as 400 mg tablets 2 times a day. Total duration of treatment will be 24 weeks.</description>
  </arm_group>
  <arm_group>
    <arm_group_label>TVR then Peg-IFN-alfa-2a + RBV (T2 &amp; PR24) - Genotype 3</arm_group_label>
    <arm_group_type>Experimental</arm_group_type>
    <description>Participants who are never treated for CHC genotype 3 will receive TVR 750 mg tablet orally 3 times a day during investigational treatment phase from Day 1 to Day 15. Participants will then be treated with standard treatment regimen of Peg-IFN-alfa-2a and RBV from Day 15 to Week 26 (standard treatment phase). Each dose of Peg-IFN-alfa-2a 180 mcg will be administered as a subcutaneous injection once a week. RBV will be taken orally as 400 mg tablets 2 times a day. Total duration of treatment will be 26 weeks.</description>
  </arm_group>
  <arm_group>
    <arm_group_label>TVR with Peg-IFN-alfa-2a + RBV (T2/PR24) - Genotype 3</arm_group_label>
    <arm_group_type>Experimental</arm_group_type>
    <description>Participants who are never treated for CHC genotype 3 received TVR 750 mg tablet orally 3 times a day during investigational treatment phase from Day 1 to Day 15 along with standard treatment regimen of Peg-IFN-alfa-2a and RBV which will be continued in the standard treatment phase from Day 15 to Week 24. Each dose of Peg-IFN-alfa-2a 180 mcg will be administered as a subcutaneous injection once a week. RBV will be taken orally as 400 mg tablets 2 times a day. Total duration of treatment will be 24 weeks.</description>
  </arm_group>
  <arm_group>
    <arm_group_label>Pbo with Peg-IFN-alfa-2a + RBV (Pbo/PR24) - Genotype 3</arm_group_label>
    <arm_group_type>Active Comparator</arm_group_type>
    <description>Participants who are never treated for CHC genotype 3 will receive TVR matching Pbo tablet orally 3 times a day during investigational treatment phase from Day 1 to Day 15 along with standard treatment regimen of Peg-IFN-alfa-2a and RBV which will be continued in the standard treatment phase from Day 15 to Week 24. Each dose of Peg-IFN-alfa-2a 180 mcg will be administered as a subcutaneous injection once a week. RBV will be taken orally as 400 mg tablets 2 times a day. Total duration of treatment will be 24 weeks.</description>
  </arm_group>
  <intervention>
    <intervention_type>Drug</intervention_type>
    <intervention_name>Telaprevir</intervention_name>
    <description>Telaprevir 750 mg tablet will be administered three times a day orally for 2 weeks.</description>
    <arm_group_label>TVR then Peg-IFN-alfa-2a + RBV (T2 &amp; PR24) - Genotype 2</arm_group_label>
    <arm_group_label>TVR with Peg-IFN-alfa-2a + RBV (T2/PR24) - Genotype 2</arm_group_label>
    <arm_group_label>TVR then Peg-IFN-alfa-2a + RBV (T2 &amp; PR24) - Genotype 3</arm_group_label>
    <arm_group_label>TVR with Peg-IFN-alfa-2a + RBV (T2/PR24) - Genotype 3</arm_group_label>
    <other_name>VX-950</other_name>
  </intervention>
  <intervention>
    <intervention_type>Drug</intervention_type>
    <intervention_name>Peg-IFN-alfa-2a + Ribavirin (Standard Treatment)</intervention_name>
    <description>Standard treatment of Peg-IFN-alfa-2a (180 mcg subcutaneous injection, once weekly) and ribavirin (400 mg as oral tablet twice daily) will be administered from Day 15 to Week 24 or 26 in the T2 &amp; PR24 - genotype 2 and 3 group and from Day 1 to Week 24 or 26 in the T2/PR24 - genotype 2 and 3 group.</description>
    <arm_group_label>TVR then Peg-IFN-alfa-2a + RBV (T2 &amp; PR24) - Genotype 2</arm_group_label>
    <arm_group_label>TVR with Peg-IFN-alfa-2a + RBV (T2/PR24) - Genotype 2</arm_group_label>
    <arm_group_label>Pbo with Peg-IFN-alfa-2a + RBV (Pbo/PR24) - Genotype 2</arm_group_label>
    <arm_group_label>TVR then Peg-IFN-alfa-2a + RBV (T2 &amp; PR24) - Genotype 3</arm_group_label>
    <arm_group_label>TVR with Peg-IFN-alfa-2a + RBV (T2/PR24) - Genotype 3</arm_group_label>
    <arm_group_label>Pbo with Peg-IFN-alfa-2a + RBV (Pbo/PR24) - Genotype 3</arm_group_label>
  </intervention>
  <intervention>
    <intervention_type>Drug</intervention_type>
    <intervention_name>Placebo</intervention_name>
    <description>Matching placebo tablet to telaprevir will be administered three times a day orally for 2 weeks.</description>
    <arm_group_label>Pbo with Peg-IFN-alfa-2a + RBV (Pbo/PR24) - Genotype 2</arm_group_label>
    <arm_group_label>Pbo with Peg-IFN-alfa-2a + RBV (Pbo/PR24) - Genotype 3</arm_group_label>
  </intervention>
  <eligibility>
    <criteria>
      <textblock>
        Inclusion Criteria:

          -  Participants chronically infected with genotype 2 or 3 hepatitis C virus (HCV) with
             amount of virus in the blood greater than 10,000 international units per milliliter
             (IU/ml)

          -  Participants who were never treated for hepatitis C virus infection

          -  Participants without any significant lab abnormalities

          -  Participants who agree to the use of two effective methods of contraception

          -  Participant who were judged to be in good health

        Exclusion Criteria:

          -  Participants who had contraindications for starting anti-HCV therapy

          -  Participants who had history or evidence of liver cirrhosis (serious liver disorder
             in which connective tissue replaces normal liver tissue, and liver failure often
             occurs) or decompensated liver disease or hepatocellular carcinoma (type of cancer)

          -  Participant infected with human immunodeficiency virus (a life-threatening infection
             that you can get from an infected person's blood or from having sex with an infected
             person) or hepatitis B virus

          -  Females who are pregnant (carrying an unborn baby), planning to be pregnant or
             breastfeeding

          -  Participants who have hypersensitivity to tartrazine
      </textblock>
    </criteria>
    <gender>Both</gender>
    <minimum_age>18 Years</minimum_age>
    <maximum_age>65 Years</maximum_age>
    <healthy_volunteers>No</healthy_volunteers>
  </eligibility>
  <overall_official>
    <last_name>Tibotec-Virco Virology BVBA Clinical Trial</last_name>
    <role>Study Director</role>
    <affiliation>Tibotec BVBA</affiliation>
  </overall_official>
  <location>
    <facility>
      <address>
        <city>Clichy</city>
        <country>France</country>
      </address>
    </facility>
  </location>
  <location>
    <facility>
      <address>
        <city>Creteil N/A</city>
        <country>France</country>
      </address>
    </facility>
  </location>
  <location>
    <facility>
      <address>
        <city>Lyon</city>
        <country>France</country>
      </address>
    </facility>
  </location>
  <location>
    <facility>
      <address>
        <city>Paris</city>
        <country>France</country>
      </address>
    </facility>
  </location>
  <location>
    <facility>
      <address>
        <city>Vandoeuvre Les Nancy</city>
        <country>France</country>
      </address>
    </facility>
  </location>
  <location>
    <facility>
      <address>
        <city>Stockholm</city>
        <country>Sweden</country>
      </address>
    </facility>
  </location>
  <location>
    <facility>
      <address>
        <city>London</city>
        <country>United Kingdom</country>
      </address>
    </facility>
  </location>
  <location_countries>
    <country>France</country>
    <country>Sweden</country>
    <country>United Kingdom</country>
  </location_countries>
  <verification_date>June 2013</verification_date>
  <lastchanged_date>June 7, 2013</lastchanged_date>
  <firstreceived_date>November 19, 2007</firstreceived_date>
  <firstreceived_results_date>March 8, 2013</firstreceived_results_date>
  <responsible_party>
    <responsible_party_type>Sponsor</responsible_party_type>
  </responsible_party>
  <keyword>Hepatitis C, Chronic</keyword>
  <keyword>Genotype 2</keyword>
  <keyword>Genotype 3</keyword>
  <keyword>Telaprevir</keyword>
  <is_fda_regulated>No</is_fda_regulated>
  <has_expanded_access>No</has_expanded_access>
  <condition_browse>
    <!-- CAUTION:  The following MeSH terms are assigned with an imperfect algorithm  -->
    <mesh_term>Hepatitis</mesh_term>
    <mesh_term>Hepatitis A</mesh_term>
    <mesh_term>Hepatitis C</mesh_term>
    <mesh_term>Hepatitis C, Chronic</mesh_term>
  </condition_browse>
  <intervention_browse>
    <!-- CAUTION:  The following MeSH terms are assigned with an imperfect algorithm  -->
    <mesh_term>Interferon-alpha</mesh_term>
    <mesh_term>Peginterferon alfa-2a</mesh_term>
    <mesh_term>Ribavirin</mesh_term>
  </intervention_browse>
  <!-- Results are available for this study                                           -->
</clinical_study>
