<?xml version="1.0" encoding="UTF-8"?>
<clinical_study rank="501">
  <!-- This xml conforms to an XML Schema at:
    https://clinicaltrials.gov/ct2/html/images/info/public.xsd
 and an XML DTD at:
    https://clinicaltrials.gov/ct2/html/images/info/public.dtd -->
  <required_header>
    <download_date>ClinicalTrials.gov processed this data on December 13, 2015</download_date>
    <link_text>Link to the current ClinicalTrials.gov record.</link_text>
    <url>https://clinicaltrials.gov/show/NCT00656006</url>
  </required_header>
  <id_info>
    <org_study_id>HGS1008-C1052 (ALFR-HC-06)</org_study_id>
    <nct_id>NCT00656006</nct_id>
  </id_info>
  <brief_title>A Study of Albuferon With Ribavirin in Interferon Alfa Naive Subjects With Chronic Hepatitis C Genotype 2 or 3</brief_title>
  <official_title>A Randomized, Multi-Center, Open-Label Study To Evaluate The Efficacy And Safety Of Albuferon (HGS 1008, Recombinant Human Albumin-Interferon Alfa Fusion Protein) In Combination With Ribavirin In Interferon Alfa Naive Subjects With Chronic Hepatitis C Genotype 2 OR 3</official_title>
  <sponsors>
    <lead_sponsor>
      <agency>Human Genome Sciences Inc.</agency>
      <agency_class>Industry</agency_class>
    </lead_sponsor>
  </sponsors>
  <source>Human Genome Sciences Inc.</source>
  <oversight_info>
    <authority>Canada: Health Canada</authority>
    <has_dmc>Yes</has_dmc>
  </oversight_info>
  <brief_summary>
    <textblock>
      A Study of Albuferon with Ribavirin in Interferon Alfa Naive Subjects with Chronic Hepatitis
      C Genotype 2 or 3.
    </textblock>
  </brief_summary>
  <detailed_description>
    <textblock>
      A Randomized, Multi-Center, Open-Label Study To Evaluate The Efficacy And Safety Of
      Albuferon (HGS 1008, Recombinant Human Albumin-Interferon Alfa Fusion Protein) In
      Combination With Ribavirin In Interferon Alfa Naive Subjects With Chronic Hepatitis C
      Genotype 2 OR 3
    </textblock>
  </detailed_description>
  <overall_status>Completed</overall_status>
  <start_date>November 2005</start_date>
  <completion_date type="Actual">April 2007</completion_date>
  <primary_completion_date type="Actual">April 2007</primary_completion_date>
  <phase>Phase 2</phase>
  <study_type>Interventional</study_type>
  <study_design>Allocation: Randomized, Endpoint Classification: Safety/Efficacy Study, Intervention Model: Parallel Assignment, Masking: Open Label, Primary Purpose: Treatment</study_design>
  <primary_outcome>
    <measure>Primary safety endpoints are the common side effects of IFNa therapy including flu-like symptoms, depression, and hematologic abnormalities.</measure>
  </primary_outcome>
  <primary_outcome>
    <measure>Primary efficacy end point is sustained virologic response (SVR), defined as undetectable HCV RNA at 24 weeks after the end of therapy.</measure>
  </primary_outcome>
  <enrollment type="Actual">43</enrollment>
  <condition>Chronic Hepatitis C</condition>
  <intervention>
    <intervention_type>Drug</intervention_type>
    <intervention_name>Albuferon</intervention_name>
  </intervention>
  <intervention>
    <intervention_type>Drug</intervention_type>
    <intervention_name>Ribavirin</intervention_name>
  </intervention>
  <eligibility>
    <criteria>
      <textblock>
        Inclusion Criteria:

          -  Have a clinical diagnosis of chronic hepatitis C on the basis of detectable serum HCV
             RNA during the screening period and at least a 6-month history of exposure to risk
             factors for HCV.

          -  Have never received treatment with an interferon alfa product or an interferon alfa
             combination product.

          -  Have HCV genotype 2 or 3.

          -  Have compensated liver disease with the following minimum criteria: white blood cell
             count (WBC) &gt;3,000/mm3, absolute neutrophil count (ANC) &gt; 1,800/mm3, platelets
             &gt;100,000/mm3, hemoglobin (Hb) &gt; 13 g/dL for males and &gt; 12 g/dL for females.

        Exclusion Criteria:

          -  Evidence of decompensated liver disease.

          -  Pregnant or lactating female.

          -  History of any other medical disease or condition that would make the subject (in the
             opinion of the investigator) unsuitable for the study.

          -  A current drug or alcohol addiction.
      </textblock>
    </criteria>
    <gender>Both</gender>
    <minimum_age>18 Years</minimum_age>
    <maximum_age>65 Years</maximum_age>
    <healthy_volunteers>No</healthy_volunteers>
  </eligibility>
  <overall_official>
    <last_name>GSK Clinical Trials</last_name>
    <role>Study Director</role>
    <affiliation>GlaxoSmithKline</affiliation>
  </overall_official>
  <location>
    <facility>
      <name>University of Calgary</name>
      <address>
        <city>Calgary</city>
        <state>Alberta</state>
        <zip>T2N 4N1</zip>
        <country>Canada</country>
      </address>
    </facility>
  </location>
  <location>
    <facility>
      <name>University of Alberta</name>
      <address>
        <city>Edmonton</city>
        <state>Alberta</state>
        <zip>T6G 2X8</zip>
        <country>Canada</country>
      </address>
    </facility>
  </location>
  <location>
    <facility>
      <name>University of British Columbia</name>
      <address>
        <city>Vancouver</city>
        <state>British Columbia</state>
        <zip>V5Z 3P1</zip>
        <country>Canada</country>
      </address>
    </facility>
  </location>
  <location>
    <facility>
      <name>University of Manitoba</name>
      <address>
        <city>Winnipeg</city>
        <state>Manitoba</state>
        <zip>R3E 2P4</zip>
        <country>Canada</country>
      </address>
    </facility>
  </location>
  <location>
    <facility>
      <name>University of Western Ontario</name>
      <address>
        <city>London</city>
        <state>Ontario</state>
        <zip>N6A 5A5</zip>
        <country>Canada</country>
      </address>
    </facility>
  </location>
  <location>
    <facility>
      <name>University of Saskatchewan</name>
      <address>
        <city>Saskatoon</city>
        <state>Saskatchewan</state>
        <zip>S7N 0W8</zip>
        <country>Canada</country>
      </address>
    </facility>
  </location>
  <location_countries>
    <country>Canada</country>
  </location_countries>
  <verification_date>August 2013</verification_date>
  <lastchanged_date>August 1, 2013</lastchanged_date>
  <firstreceived_date>December 20, 2005</firstreceived_date>
  <responsible_party>
    <name_title>Patrick Cronin</name_title>
    <organization>Human Genome Sciences</organization>
  </responsible_party>
  <keyword>Hepatitis C</keyword>
  <keyword>Chronic</keyword>
  <keyword>Genotype 2 or 3</keyword>
  <keyword>Treatment naive</keyword>
  <is_fda_regulated>Yes</is_fda_regulated>
  <is_section_801>Yes</is_section_801>
  <has_expanded_access>No</has_expanded_access>
  <condition_browse>
    <!-- CAUTION:  The following MeSH terms are assigned with an imperfect algorithm  -->
    <mesh_term>Hepatitis</mesh_term>
    <mesh_term>Hepatitis A</mesh_term>
    <mesh_term>Hepatitis C</mesh_term>
    <mesh_term>Hepatitis C, Chronic</mesh_term>
    <mesh_term>Hepatitis, Chronic</mesh_term>
  </condition_browse>
  <intervention_browse>
    <!-- CAUTION:  The following MeSH terms are assigned with an imperfect algorithm  -->
    <mesh_term>Interferon-alpha</mesh_term>
    <mesh_term>Ribavirin</mesh_term>
  </intervention_browse>
  <!-- Results have not yet been posted for this study                                -->
</clinical_study>
